   0  $accept : %entry% $end

   1  implementation : structure EOF

   2  interface : signature EOF

   3  toplevel_phrase : top_structure SEMISEMI
   4                  | toplevel_directive SEMISEMI
   5                  | EOF

   6  top_structure : seq_expr post_item_attributes
   7                | top_structure_tail

   8  top_structure_tail :
   9                     | structure_item top_structure_tail

  10  use_file : use_file_body EOF

  11  use_file_body : use_file_tail
  12                | seq_expr post_item_attributes use_file_tail

  13  use_file_tail :
  14                | SEMISEMI use_file_body
  15                | structure_item use_file_tail
  16                | toplevel_directive use_file_tail

  17  parse_core_type : core_type EOF

  18  parse_expression : seq_expr EOF

  19  parse_pattern : pattern EOF

  20  functor_arg : LPAREN RPAREN
  21              | LPAREN functor_arg_name COLON module_type RPAREN

  22  functor_arg_name : UIDENT
  23                   | UNDERSCORE

  24  functor_args : functor_args functor_arg
  25               | functor_arg

  26  module_expr : mod_longident
  27              | STRUCT attributes structure END
  28              | STRUCT attributes structure error
  29              | FUNCTOR attributes functor_args MINUSGREATER module_expr
  30              | module_expr paren_module_expr
  31              | module_expr LPAREN RPAREN
  32              | paren_module_expr
  33              | module_expr attribute
  34              | extension

  35  paren_module_expr : LPAREN module_expr COLON module_type RPAREN
  36                    | LPAREN module_expr COLON module_type error
  37                    | LPAREN module_expr RPAREN
  38                    | LPAREN module_expr error
  39                    | LPAREN VAL attributes expr RPAREN
  40                    | LPAREN VAL attributes expr COLON package_type RPAREN
  41                    | LPAREN VAL attributes expr COLON package_type COLONGREATER package_type RPAREN
  42                    | LPAREN VAL attributes expr COLONGREATER package_type RPAREN
  43                    | LPAREN VAL attributes expr COLON error
  44                    | LPAREN VAL attributes expr COLONGREATER error
  45                    | LPAREN VAL attributes expr error

  46  structure : seq_expr post_item_attributes structure_tail
  47            | structure_tail

  48  structure_tail :
  49                 | SEMISEMI structure
  50                 | structure_item structure_tail

  51  structure_item : let_bindings
  52                 | primitive_declaration
  53                 | value_description
  54                 | type_declarations
  55                 | str_type_extension
  56                 | str_exception_declaration
  57                 | module_binding
  58                 | rec_module_bindings
  59                 | module_type_declaration
  60                 | open_statement
  61                 | class_declarations
  62                 | class_type_declarations
  63                 | str_include_statement
  64                 | item_extension post_item_attributes
  65                 | floating_attribute

  66  str_include_statement : INCLUDE ext_attributes module_expr post_item_attributes

  67  module_binding_body : EQUAL module_expr
  68                      | COLON module_type EQUAL module_expr
  69                      | functor_arg module_binding_body

  70  module_binding : MODULE ext_attributes UIDENT module_binding_body post_item_attributes

  71  rec_module_bindings : rec_module_binding
  72                      | rec_module_bindings and_module_binding

  73  rec_module_binding : MODULE ext_attributes REC UIDENT module_binding_body post_item_attributes

  74  and_module_binding : AND attributes UIDENT module_binding_body post_item_attributes

  75  module_type : mty_longident
  76              | SIG attributes signature END
  77              | SIG attributes signature error
  78              | FUNCTOR attributes functor_args MINUSGREATER module_type
  79              | module_type MINUSGREATER module_type
  80              | module_type WITH with_constraints
  81              | MODULE TYPE OF attributes module_expr
  82              | LPAREN module_type RPAREN
  83              | LPAREN module_type error
  84              | extension
  85              | module_type attribute

  86  signature :
  87            | SEMISEMI signature
  88            | signature_item signature

  89  signature_item : value_description
  90                 | primitive_declaration
  91                 | type_declarations
  92                 | sig_type_extension
  93                 | sig_exception_declaration
  94                 | module_declaration
  95                 | module_alias
  96                 | rec_module_declarations
  97                 | module_type_declaration
  98                 | open_statement
  99                 | sig_include_statement
 100                 | class_descriptions
 101                 | class_type_declarations
 102                 | item_extension post_item_attributes
 103                 | floating_attribute

 104  open_statement : OPEN override_flag ext_attributes mod_longident post_item_attributes

 105  sig_include_statement : INCLUDE ext_attributes module_type post_item_attributes

 106  module_declaration_body : COLON module_type
 107                          | LPAREN UIDENT COLON module_type RPAREN module_declaration_body
 108                          | LPAREN RPAREN module_declaration_body

 109  module_declaration : MODULE ext_attributes UIDENT module_declaration_body post_item_attributes

 110  module_alias : MODULE ext_attributes UIDENT EQUAL mod_longident post_item_attributes

 111  rec_module_declarations : rec_module_declaration
 112                          | rec_module_declarations and_module_declaration

 113  rec_module_declaration : MODULE ext_attributes REC UIDENT COLON module_type post_item_attributes

 114  and_module_declaration : AND attributes UIDENT COLON module_type post_item_attributes

 115  module_type_declaration_body :
 116                               | EQUAL module_type

 117  module_type_declaration : MODULE TYPE ext_attributes ident module_type_declaration_body post_item_attributes

 118  class_declarations : class_declaration
 119                     | class_declarations and_class_declaration

 120  class_declaration : CLASS ext_attributes virtual_flag class_type_parameters LIDENT class_fun_binding post_item_attributes

 121  and_class_declaration : AND attributes virtual_flag class_type_parameters LIDENT class_fun_binding post_item_attributes

 122  class_fun_binding : EQUAL class_expr
 123                    | COLON class_type EQUAL class_expr
 124                    | labeled_simple_pattern class_fun_binding

 125  class_type_parameters :
 126                        | LBRACKET type_parameter_list RBRACKET

 127  class_fun_def : labeled_simple_pattern MINUSGREATER class_expr
 128                | labeled_simple_pattern class_fun_def

 129  class_expr : class_simple_expr
 130             | FUN attributes class_fun_def
 131             | class_simple_expr simple_labeled_expr_list
 132             | let_bindings IN class_expr
 133             | LET OPEN override_flag attributes mod_longident IN class_expr
 134             | class_expr attribute
 135             | extension

 136  class_simple_expr : LBRACKET core_type_comma_list RBRACKET class_longident
 137                    | class_longident
 138                    | OBJECT attributes class_structure END
 139                    | OBJECT attributes class_structure error
 140                    | LPAREN class_expr COLON class_type RPAREN
 141                    | LPAREN class_expr COLON class_type error
 142                    | LPAREN class_expr RPAREN
 143                    | LPAREN class_expr error

 144  class_structure : class_self_pattern class_fields

 145  class_self_pattern : LPAREN pattern RPAREN
 146                     | LPAREN pattern COLON core_type RPAREN
 147                     |

 148  class_fields :
 149               | class_fields class_field

 150  class_field : INHERIT override_flag attributes class_expr parent_binder post_item_attributes
 151              | VAL value post_item_attributes
 152              | METHOD method_ post_item_attributes
 153              | CONSTRAINT attributes constrain_field post_item_attributes
 154              | INITIALIZER attributes seq_expr post_item_attributes
 155              | item_extension post_item_attributes
 156              | floating_attribute

 157  parent_binder : AS LIDENT
 158                |

 159  value : override_flag attributes MUTABLE VIRTUAL label COLON core_type
 160        | override_flag attributes VIRTUAL mutable_flag label COLON core_type
 161        | override_flag attributes mutable_flag label EQUAL seq_expr
 162        | override_flag attributes mutable_flag label type_constraint EQUAL seq_expr

 163  method_ : override_flag attributes PRIVATE VIRTUAL label COLON poly_type
 164          | override_flag attributes VIRTUAL private_flag label COLON poly_type
 165          | override_flag attributes private_flag label strict_binding
 166          | override_flag attributes private_flag label COLON poly_type EQUAL seq_expr
 167          | override_flag attributes private_flag label COLON TYPE lident_list DOT core_type EQUAL seq_expr

 168  class_type : class_signature
 169             | QUESTION LIDENT COLON simple_core_type_or_tuple MINUSGREATER class_type
 170             | OPTLABEL simple_core_type_or_tuple MINUSGREATER class_type
 171             | LIDENT COLON simple_core_type_or_tuple MINUSGREATER class_type
 172             | simple_core_type_or_tuple MINUSGREATER class_type

 173  class_signature : LBRACKET core_type_comma_list RBRACKET clty_longident
 174                  | clty_longident
 175                  | OBJECT attributes class_sig_body END
 176                  | OBJECT attributes class_sig_body error
 177                  | class_signature attribute
 178                  | extension
 179                  | LET OPEN override_flag attributes mod_longident IN class_signature

 180  class_sig_body : class_self_type class_sig_fields

 181  class_self_type : LPAREN core_type RPAREN
 182                  |

 183  class_sig_fields :
 184                   | class_sig_fields class_sig_field

 185  class_sig_field : INHERIT attributes class_signature post_item_attributes
 186                  | VAL attributes value_type post_item_attributes
 187                  | METHOD attributes private_virtual_flags label COLON poly_type post_item_attributes
 188                  | CONSTRAINT attributes constrain_field post_item_attributes
 189                  | item_extension post_item_attributes
 190                  | floating_attribute

 191  value_type : VIRTUAL mutable_flag label COLON core_type
 192             | MUTABLE virtual_flag label COLON core_type
 193             | label COLON core_type

 194  constrain : core_type EQUAL core_type

 195  constrain_field : core_type EQUAL core_type

 196  class_descriptions : class_description
 197                     | class_descriptions and_class_description

 198  class_description : CLASS ext_attributes virtual_flag class_type_parameters LIDENT COLON class_type post_item_attributes

 199  and_class_description : AND attributes virtual_flag class_type_parameters LIDENT COLON class_type post_item_attributes

 200  class_type_declarations : class_type_declaration
 201                          | class_type_declarations and_class_type_declaration

 202  class_type_declaration : CLASS TYPE ext_attributes virtual_flag class_type_parameters LIDENT EQUAL class_signature post_item_attributes

 203  and_class_type_declaration : AND attributes virtual_flag class_type_parameters LIDENT EQUAL class_signature post_item_attributes

 204  seq_expr : expr
 205           | expr SEMI
 206           | expr SEMI seq_expr
 207           | expr SEMI PERCENT attr_id seq_expr

 208  labeled_simple_pattern : QUESTION LPAREN label_let_pattern opt_default RPAREN
 209                         | QUESTION label_var
 210                         | OPTLABEL LPAREN let_pattern opt_default RPAREN
 211                         | OPTLABEL pattern_var
 212                         | TILDE LPAREN label_let_pattern RPAREN
 213                         | TILDE label_var
 214                         | LABEL simple_pattern
 215                         | simple_pattern

 216  pattern_var : LIDENT
 217              | UNDERSCORE

 218  opt_default :
 219              | EQUAL seq_expr

 220  label_let_pattern : label_var
 221                    | label_var COLON core_type

 222  label_var : LIDENT

 223  let_pattern : pattern
 224              | pattern COLON core_type

 225  expr : simple_expr
 226       | simple_expr simple_labeled_expr_list
 227       | let_bindings IN seq_expr
 228       | LET MODULE ext_attributes UIDENT module_binding_body IN seq_expr
 229       | LET EXCEPTION ext_attributes let_exception_declaration IN seq_expr
 230       | LET OPEN override_flag ext_attributes mod_longident IN seq_expr
 231       | FUNCTION ext_attributes opt_bar match_cases
 232       | FUN ext_attributes labeled_simple_pattern fun_def
 233       | FUN ext_attributes LPAREN TYPE lident_list RPAREN fun_def
 234       | MATCH ext_attributes seq_expr WITH opt_bar match_cases
 235       | TRY ext_attributes seq_expr WITH opt_bar match_cases
 236       | TRY ext_attributes seq_expr WITH error
 237       | expr_comma_list
 238       | constr_longident simple_expr
 239       | name_tag simple_expr
 240       | IF ext_attributes seq_expr THEN expr ELSE expr
 241       | IF ext_attributes seq_expr THEN expr
 242       | WHILE ext_attributes seq_expr DO seq_expr DONE
 243       | FOR ext_attributes pattern EQUAL seq_expr direction_flag seq_expr DO seq_expr DONE
 244       | expr COLONCOLON expr
 245       | expr INFIXOP0 expr
 246       | expr INFIXOP1 expr
 247       | expr INFIXOP2 expr
 248       | expr INFIXOP3 expr
 249       | expr INFIXOP4 expr
 250       | expr PLUS expr
 251       | expr PLUSDOT expr
 252       | expr PLUSEQ expr
 253       | expr MINUS expr
 254       | expr MINUSDOT expr
 255       | expr STAR expr
 256       | expr PERCENT expr
 257       | expr EQUAL expr
 258       | expr LESS expr
 259       | expr GREATER expr
 260       | expr OR expr
 261       | expr BARBAR expr
 262       | expr AMPERSAND expr
 263       | expr AMPERAMPER expr
 264       | expr COLONEQUAL expr
 265       | subtractive expr
 266       | additive expr
 267       | simple_expr DOT label_longident LESSMINUS expr
 268       | simple_expr DOT LPAREN seq_expr RPAREN LESSMINUS expr
 269       | simple_expr DOT LBRACKET seq_expr RBRACKET LESSMINUS expr
 270       | simple_expr DOT LBRACE expr RBRACE LESSMINUS expr
 271       | simple_expr DOTOP LBRACKET expr RBRACKET LESSMINUS expr
 272       | simple_expr DOTOP LPAREN expr RPAREN LESSMINUS expr
 273       | simple_expr DOTOP LBRACE expr RBRACE LESSMINUS expr
 274       | simple_expr DOT mod_longident DOTOP LBRACKET expr RBRACKET LESSMINUS expr
 275       | simple_expr DOT mod_longident DOTOP LPAREN expr RPAREN LESSMINUS expr
 276       | simple_expr DOT mod_longident DOTOP LBRACE expr RBRACE LESSMINUS expr
 277       | label LESSMINUS expr
 278       | ASSERT ext_attributes simple_expr
 279       | LAZY ext_attributes simple_expr
 280       | OBJECT ext_attributes class_structure END
 281       | OBJECT ext_attributes class_structure error
 282       | expr attribute
 283       | UNDERSCORE

 284  simple_expr : val_longident
 285              | constant
 286              | constr_longident
 287              | name_tag
 288              | LPAREN seq_expr RPAREN
 289              | LPAREN seq_expr error
 290              | BEGIN ext_attributes seq_expr END
 291              | BEGIN ext_attributes END
 292              | BEGIN ext_attributes seq_expr error
 293              | LPAREN seq_expr type_constraint RPAREN
 294              | simple_expr DOT label_longident
 295              | mod_longident DOT LPAREN seq_expr RPAREN
 296              | mod_longident DOT LPAREN RPAREN
 297              | mod_longident DOT LPAREN seq_expr error
 298              | simple_expr DOT LPAREN seq_expr RPAREN
 299              | simple_expr DOT LPAREN seq_expr error
 300              | simple_expr DOT LBRACKET seq_expr RBRACKET
 301              | simple_expr DOT LBRACKET seq_expr error
 302              | simple_expr DOTOP LBRACKET expr RBRACKET
 303              | simple_expr DOTOP LBRACKET expr error
 304              | simple_expr DOTOP LPAREN expr RPAREN
 305              | simple_expr DOTOP LPAREN expr error
 306              | simple_expr DOTOP LBRACE expr RBRACE
 307              | simple_expr DOTOP LBRACE expr error
 308              | simple_expr DOT mod_longident DOTOP LBRACKET expr RBRACKET
 309              | simple_expr DOT mod_longident DOTOP LBRACKET expr error
 310              | simple_expr DOT mod_longident DOTOP LPAREN expr RPAREN
 311              | simple_expr DOT mod_longident DOTOP LPAREN expr error
 312              | simple_expr DOT mod_longident DOTOP LBRACE expr RBRACE
 313              | simple_expr DOT mod_longident DOTOP LBRACE expr error
 314              | simple_expr DOT LBRACE expr RBRACE
 315              | simple_expr DOT LBRACE expr_comma_list error
 316              | LBRACE record_expr RBRACE
 317              | LBRACE record_expr error
 318              | mod_longident DOT LBRACE record_expr RBRACE
 319              | mod_longident DOT LBRACE record_expr error
 320              | LBRACKETBAR expr_semi_list opt_semi BARRBRACKET
 321              | LBRACKETBAR expr_semi_list opt_semi error
 322              | LBRACKETBAR BARRBRACKET
 323              | mod_longident DOT LBRACKETBAR expr_semi_list opt_semi BARRBRACKET
 324              | mod_longident DOT LBRACKETBAR BARRBRACKET
 325              | mod_longident DOT LBRACKETBAR expr_semi_list opt_semi error
 326              | LBRACKET expr_semi_list opt_semi RBRACKET
 327              | LBRACKET expr_semi_list opt_semi error
 328              | mod_longident DOT LBRACKET expr_semi_list opt_semi RBRACKET
 329              | mod_longident DOT LBRACKET RBRACKET
 330              | mod_longident DOT LBRACKET expr_semi_list opt_semi error
 331              | PREFIXOP simple_expr
 332              | BANG simple_expr
 333              | NEW ext_attributes class_longident
 334              | LBRACELESS field_expr_list GREATERRBRACE
 335              | LBRACELESS field_expr_list error
 336              | LBRACELESS GREATERRBRACE
 337              | mod_longident DOT LBRACELESS field_expr_list GREATERRBRACE
 338              | mod_longident DOT LBRACELESS GREATERRBRACE
 339              | mod_longident DOT LBRACELESS field_expr_list error
 340              | simple_expr HASH label
 341              | simple_expr HASHOP simple_expr
 342              | LPAREN MODULE ext_attributes module_expr RPAREN
 343              | LPAREN MODULE ext_attributes module_expr COLON package_type RPAREN
 344              | LPAREN MODULE ext_attributes module_expr COLON error
 345              | mod_longident DOT LPAREN MODULE ext_attributes module_expr COLON package_type RPAREN
 346              | mod_longident DOT LPAREN MODULE ext_attributes module_expr COLON error
 347              | extension

 348  simple_labeled_expr_list : labeled_simple_expr
 349                           | simple_labeled_expr_list labeled_simple_expr

 350  labeled_simple_expr : simple_expr
 351                      | label_expr

 352  label_expr : LABEL simple_expr
 353             | TILDE label_ident
 354             | QUESTION label_ident
 355             | OPTLABEL simple_expr

 356  label_ident : LIDENT

 357  lident_list : LIDENT
 358              | LIDENT lident_list

 359  let_binding_body : val_ident strict_binding
 360                   | val_ident type_constraint EQUAL seq_expr
 361                   | val_ident COLON typevar_list DOT core_type EQUAL seq_expr
 362                   | val_ident COLON TYPE lident_list DOT core_type EQUAL seq_expr
 363                   | pattern_no_exn EQUAL seq_expr
 364                   | simple_pattern_not_ident COLON core_type EQUAL seq_expr

 365  let_bindings : let_binding
 366               | let_bindings and_let_binding

 367  let_binding : LET ext_attributes rec_flag let_binding_body post_item_attributes

 368  and_let_binding : AND attributes let_binding_body post_item_attributes

 369  fun_binding : strict_binding
 370              | type_constraint EQUAL seq_expr

 371  strict_binding : EQUAL seq_expr
 372                 | labeled_simple_pattern fun_binding
 373                 | LPAREN TYPE lident_list RPAREN fun_binding

 374  match_cases : match_case
 375              | match_cases BAR match_case

 376  match_case : pattern MINUSGREATER seq_expr
 377             | pattern WHEN seq_expr MINUSGREATER seq_expr
 378             | pattern MINUSGREATER DOT

 379  fun_def : MINUSGREATER seq_expr
 380          | COLON simple_core_type MINUSGREATER seq_expr
 381          | labeled_simple_pattern fun_def
 382          | LPAREN TYPE lident_list RPAREN fun_def

 383  expr_comma_list : expr_comma_list COMMA expr
 384                  | expr COMMA expr

 385  record_expr : simple_expr WITH lbl_expr_list
 386              | lbl_expr_list

 387  lbl_expr_list : lbl_expr
 388                | lbl_expr SEMI lbl_expr_list
 389                | lbl_expr SEMI

 390  lbl_expr : label_longident opt_type_constraint EQUAL expr
 391           | label_longident opt_type_constraint

 392  field_expr_list : field_expr opt_semi
 393                  | field_expr SEMI field_expr_list

 394  field_expr : label EQUAL expr
 395             | label

 396  expr_semi_list : expr
 397                 | expr_semi_list SEMI expr

 398  type_constraint : COLON core_type
 399                  | COLON core_type COLONGREATER core_type
 400                  | COLONGREATER core_type
 401                  | COLON error
 402                  | COLONGREATER error

 403  opt_type_constraint : type_constraint
 404                      |

 405  pattern : pattern AS val_ident
 406          | pattern AS error
 407          | pattern_comma_list
 408          | pattern COLONCOLON pattern
 409          | pattern COLONCOLON error
 410          | pattern BAR pattern
 411          | pattern BAR error
 412          | EXCEPTION ext_attributes pattern
 413          | pattern attribute
 414          | pattern_gen

 415  pattern_no_exn : pattern_no_exn AS val_ident
 416                 | pattern_no_exn AS error
 417                 | pattern_no_exn_comma_list
 418                 | pattern_no_exn COLONCOLON pattern
 419                 | pattern_no_exn COLONCOLON error
 420                 | pattern_no_exn BAR pattern
 421                 | pattern_no_exn BAR error
 422                 | pattern_no_exn attribute
 423                 | pattern_gen

 424  pattern_gen : simple_pattern
 425              | constr_longident pattern
 426              | name_tag pattern
 427              | LAZY ext_attributes simple_pattern

 428  simple_pattern : val_ident
 429                 | simple_pattern_not_ident

 430  simple_pattern_not_ident : UNDERSCORE
 431                           | signed_constant
 432                           | signed_constant DOTDOT signed_constant
 433                           | constr_longident
 434                           | name_tag
 435                           | HASH type_longident
 436                           | simple_delimited_pattern
 437                           | mod_longident DOT simple_delimited_pattern
 438                           | mod_longident DOT LBRACKET RBRACKET
 439                           | mod_longident DOT LPAREN RPAREN
 440                           | mod_longident DOT LPAREN pattern RPAREN
 441                           | mod_longident DOT LPAREN pattern error
 442                           | mod_longident DOT LPAREN error
 443                           | LPAREN pattern RPAREN
 444                           | LPAREN pattern error
 445                           | LPAREN pattern COLON core_type RPAREN
 446                           | LPAREN pattern COLON core_type error
 447                           | LPAREN pattern COLON error
 448                           | LPAREN MODULE ext_attributes UIDENT RPAREN
 449                           | LPAREN MODULE ext_attributes UIDENT COLON package_type RPAREN
 450                           | LPAREN MODULE ext_attributes UIDENT COLON package_type error
 451                           | extension

 452  simple_delimited_pattern : LBRACE lbl_pattern_list RBRACE
 453                           | LBRACE lbl_pattern_list error
 454                           | LBRACKET pattern_semi_list opt_semi RBRACKET
 455                           | LBRACKET pattern_semi_list opt_semi error
 456                           | LBRACKETBAR pattern_semi_list opt_semi BARRBRACKET
 457                           | LBRACKETBAR BARRBRACKET
 458                           | LBRACKETBAR pattern_semi_list opt_semi error

 459  pattern_comma_list : pattern_comma_list COMMA pattern
 460                     | pattern COMMA pattern
 461                     | pattern COMMA error

 462  pattern_no_exn_comma_list : pattern_no_exn_comma_list COMMA pattern
 463                            | pattern_no_exn COMMA pattern
 464                            | pattern_no_exn COMMA error

 465  pattern_semi_list : pattern
 466                    | pattern_semi_list SEMI pattern

 467  lbl_pattern_list : lbl_pattern
 468                   | lbl_pattern SEMI
 469                   | lbl_pattern SEMI UNDERSCORE opt_semi
 470                   | lbl_pattern SEMI lbl_pattern_list

 471  lbl_pattern : label_longident opt_pattern_type_constraint EQUAL pattern
 472              | label_longident opt_pattern_type_constraint

 473  opt_pattern_type_constraint : COLON core_type
 474                              |

 475  value_description : VAL ext_attributes val_ident COLON core_type post_item_attributes

 476  primitive_declaration_body : STRING
 477                             | STRING primitive_declaration_body

 478  primitive_declaration : EXTERNAL ext_attributes val_ident COLON core_type EQUAL primitive_declaration_body post_item_attributes

 479  type_declarations : type_declaration
 480                    | type_declarations and_type_declaration

 481  type_declaration : TYPE ext_attributes nonrec_flag optional_type_parameters LIDENT type_kind constraints post_item_attributes

 482  and_type_declaration : AND attributes optional_type_parameters LIDENT type_kind constraints post_item_attributes

 483  constraints : constraints CONSTRAINT constrain
 484              |

 485  type_kind :
 486            | EQUAL core_type
 487            | EQUAL PRIVATE core_type
 488            | EQUAL constructor_declarations
 489            | EQUAL PRIVATE constructor_declarations
 490            | EQUAL DOTDOT
 491            | EQUAL PRIVATE DOTDOT
 492            | EQUAL private_flag LBRACE label_declarations RBRACE
 493            | EQUAL core_type EQUAL private_flag constructor_declarations
 494            | EQUAL core_type EQUAL private_flag DOTDOT
 495            | EQUAL core_type EQUAL private_flag LBRACE label_declarations RBRACE

 496  optional_type_parameters :
 497                           | optional_type_parameter
 498                           | LPAREN optional_type_parameter_list RPAREN

 499  optional_type_parameter : type_variance optional_type_variable

 500  optional_type_parameter_list : optional_type_parameter
 501                               | optional_type_parameter_list COMMA optional_type_parameter

 502  optional_type_variable : QUOTE ident
 503                         | UNDERSCORE

 504  type_parameter : type_variance type_variable

 505  type_variance :
 506                | PLUS
 507                | MINUS

 508  type_variable : QUOTE ident

 509  type_parameter_list : type_parameter
 510                      | type_parameter_list COMMA type_parameter

 511  constructor_declarations : BAR
 512                           | constructor_declaration
 513                           | bar_constructor_declaration
 514                           | constructor_declarations bar_constructor_declaration

 515  constructor_declaration : constr_ident generalized_constructor_arguments attributes

 516  bar_constructor_declaration : BAR constr_ident generalized_constructor_arguments attributes

 517  str_exception_declaration : sig_exception_declaration
 518                            | EXCEPTION ext_attributes constr_ident EQUAL constr_longident attributes post_item_attributes

 519  sig_exception_declaration : EXCEPTION ext_attributes constr_ident generalized_constructor_arguments attributes post_item_attributes

 520  let_exception_declaration : constr_ident generalized_constructor_arguments attributes

 521  generalized_constructor_arguments :
 522                                    | OF constructor_arguments
 523                                    | COLON constructor_arguments MINUSGREATER simple_core_type
 524                                    | COLON simple_core_type

 525  constructor_arguments : core_type_list
 526                        | LBRACE label_declarations RBRACE

 527  label_declarations : label_declaration
 528                     | label_declaration_semi
 529                     | label_declaration_semi label_declarations

 530  label_declaration : mutable_flag label COLON poly_type_no_attr attributes

 531  label_declaration_semi : mutable_flag label COLON poly_type_no_attr attributes SEMI attributes

 532  str_type_extension : TYPE ext_attributes nonrec_flag optional_type_parameters type_longident PLUSEQ private_flag str_extension_constructors post_item_attributes

 533  sig_type_extension : TYPE ext_attributes nonrec_flag optional_type_parameters type_longident PLUSEQ private_flag sig_extension_constructors post_item_attributes

 534  str_extension_constructors : extension_constructor_declaration
 535                             | bar_extension_constructor_declaration
 536                             | extension_constructor_rebind
 537                             | bar_extension_constructor_rebind
 538                             | str_extension_constructors bar_extension_constructor_declaration
 539                             | str_extension_constructors bar_extension_constructor_rebind

 540  sig_extension_constructors : extension_constructor_declaration
 541                             | bar_extension_constructor_declaration
 542                             | sig_extension_constructors bar_extension_constructor_declaration

 543  extension_constructor_declaration : constr_ident generalized_constructor_arguments attributes

 544  bar_extension_constructor_declaration : BAR constr_ident generalized_constructor_arguments attributes

 545  extension_constructor_rebind : constr_ident EQUAL constr_longident attributes

 546  bar_extension_constructor_rebind : BAR constr_ident EQUAL constr_longident attributes

 547  with_constraints : with_constraint
 548                   | with_constraints AND with_constraint

 549  with_constraint : TYPE optional_type_parameters label_longident with_type_binder core_type_no_attr constraints
 550                  | TYPE optional_type_parameters label_longident COLONEQUAL core_type_no_attr
 551                  | MODULE mod_longident EQUAL mod_ext_longident
 552                  | MODULE mod_longident COLONEQUAL mod_ext_longident

 553  with_type_binder : EQUAL
 554                   | EQUAL PRIVATE

 555  typevar_list : QUOTE ident
 556               | typevar_list QUOTE ident

 557  poly_type : core_type
 558            | typevar_list DOT core_type

 559  poly_type_no_attr : core_type_no_attr
 560                    | typevar_list DOT core_type_no_attr

 561  core_type : core_type_no_attr
 562            | core_type attribute

 563  core_type_no_attr : core_type2
 564                    | core_type2 AS QUOTE ident

 565  core_type2 : simple_core_type_or_tuple
 566             | QUESTION LIDENT COLON core_type2 MINUSGREATER core_type2
 567             | OPTLABEL core_type2 MINUSGREATER core_type2
 568             | LIDENT COLON core_type2 MINUSGREATER core_type2
 569             | core_type2 MINUSGREATER core_type2

 570  simple_core_type : simple_core_type2
 571                   | LPAREN core_type_comma_list RPAREN

 572  simple_core_type2 : QUOTE ident
 573                    | UNDERSCORE
 574                    | type_longident
 575                    | simple_core_type2 type_longident
 576                    | LPAREN core_type_comma_list RPAREN type_longident
 577                    | LESS meth_list GREATER
 578                    | LESS GREATER
 579                    | HASH class_longident
 580                    | simple_core_type2 HASH class_longident
 581                    | LPAREN core_type_comma_list RPAREN HASH class_longident
 582                    | LBRACKET tag_field RBRACKET
 583                    | LBRACKET BAR row_field_list RBRACKET
 584                    | LBRACKET row_field BAR row_field_list RBRACKET
 585                    | LBRACKETGREATER opt_bar row_field_list RBRACKET
 586                    | LBRACKETGREATER RBRACKET
 587                    | LBRACKETLESS opt_bar row_field_list RBRACKET
 588                    | LBRACKETLESS opt_bar row_field_list GREATER name_tag_list RBRACKET
 589                    | LPAREN MODULE ext_attributes package_type RPAREN
 590                    | extension

 591  package_type : module_type

 592  row_field_list : row_field
 593                 | row_field_list BAR row_field

 594  row_field : tag_field
 595            | simple_core_type

 596  tag_field : name_tag OF opt_ampersand amper_type_list attributes
 597            | name_tag attributes

 598  opt_ampersand : AMPERSAND
 599                |

 600  amper_type_list : core_type_no_attr
 601                  | amper_type_list AMPERSAND core_type_no_attr

 602  name_tag_list : name_tag
 603                | name_tag_list name_tag

 604  simple_core_type_or_tuple : simple_core_type
 605                            | simple_core_type STAR core_type_list

 606  core_type_comma_list : core_type
 607                       | core_type_comma_list COMMA core_type

 608  core_type_list : simple_core_type
 609                 | core_type_list STAR simple_core_type

 610  meth_list : field_semi meth_list
 611            | inherit_field_semi meth_list
 612            | field_semi
 613            | field
 614            | inherit_field_semi
 615            | simple_core_type
 616            | DOTDOT

 617  field : label COLON poly_type_no_attr attributes

 618  field_semi : label COLON poly_type_no_attr attributes SEMI attributes

 619  inherit_field_semi : simple_core_type SEMI

 620  label : LIDENT

 621  constant : INT
 622           | CHAR
 623           | STRING
 624           | FLOAT

 625  signed_constant : constant
 626                  | MINUS INT
 627                  | MINUS FLOAT
 628                  | PLUS INT
 629                  | PLUS FLOAT

 630  ident : UIDENT
 631        | LIDENT

 632  val_ident : LIDENT
 633            | LPAREN operator RPAREN
 634            | LPAREN operator error
 635            | LPAREN error
 636            | LPAREN MODULE error

 637  operator : PREFIXOP
 638           | INFIXOP0
 639           | INFIXOP1
 640           | INFIXOP2
 641           | INFIXOP3
 642           | INFIXOP4
 643           | DOTOP LPAREN RPAREN
 644           | DOTOP LPAREN RPAREN LESSMINUS
 645           | DOTOP LBRACKET RBRACKET
 646           | DOTOP LBRACKET RBRACKET LESSMINUS
 647           | DOTOP LBRACE RBRACE
 648           | DOTOP LBRACE RBRACE LESSMINUS
 649           | HASHOP
 650           | BANG
 651           | PLUS
 652           | PLUSDOT
 653           | MINUS
 654           | MINUSDOT
 655           | STAR
 656           | EQUAL
 657           | LESS
 658           | GREATER
 659           | OR
 660           | BARBAR
 661           | AMPERSAND
 662           | AMPERAMPER
 663           | COLONEQUAL
 664           | PLUSEQ
 665           | PERCENT

 666  constr_ident : UIDENT
 667               | LBRACKET RBRACKET
 668               | LPAREN RPAREN
 669               | LPAREN COLONCOLON RPAREN
 670               | FALSE
 671               | TRUE

 672  val_longident : val_ident
 673                | mod_longident DOT val_ident

 674  constr_longident : mod_longident
 675                   | mod_longident DOT LPAREN COLONCOLON RPAREN
 676                   | LBRACKET RBRACKET
 677                   | LPAREN RPAREN
 678                   | LPAREN COLONCOLON RPAREN
 679                   | FALSE
 680                   | TRUE

 681  label_longident : LIDENT
 682                  | mod_longident DOT LIDENT

 683  type_longident : LIDENT
 684                 | mod_ext_longident DOT LIDENT

 685  mod_longident : UIDENT
 686                | mod_longident DOT UIDENT

 687  mod_ext_longident : UIDENT
 688                    | mod_ext_longident DOT UIDENT
 689                    | mod_ext_longident LPAREN mod_ext_longident RPAREN

 690  mty_longident : ident
 691                | mod_ext_longident DOT ident

 692  clty_longident : LIDENT
 693                 | mod_ext_longident DOT LIDENT

 694  class_longident : LIDENT
 695                  | mod_longident DOT LIDENT

 696  toplevel_directive : HASH ident
 697                     | HASH ident STRING
 698                     | HASH ident INT
 699                     | HASH ident val_longident
 700                     | HASH ident mod_longident
 701                     | HASH ident FALSE
 702                     | HASH ident TRUE

 703  name_tag : BACKQUOTE ident

 704  rec_flag :
 705           | REC

 706  nonrec_flag :
 707              | NONREC

 708  direction_flag : TO
 709                 | DOWNTO

 710  private_flag :
 711               | PRIVATE

 712  mutable_flag :
 713               | MUTABLE

 714  virtual_flag :
 715               | VIRTUAL

 716  private_virtual_flags :
 717                        | PRIVATE
 718                        | VIRTUAL
 719                        | PRIVATE VIRTUAL
 720                        | VIRTUAL PRIVATE

 721  override_flag :
 722                | BANG

 723  opt_bar :
 724          | BAR

 725  opt_semi :
 726           | SEMI

 727  subtractive : MINUS
 728              | MINUSDOT

 729  additive : PLUS
 730           | PLUSDOT

 731  single_attr_id : LIDENT
 732                 | UIDENT
 733                 | AND
 734                 | AS
 735                 | ASSERT
 736                 | BEGIN
 737                 | CLASS
 738                 | CONSTRAINT
 739                 | DO
 740                 | DONE
 741                 | DOWNTO
 742                 | ELSE
 743                 | END
 744                 | EXCEPTION
 745                 | EXTERNAL
 746                 | FALSE
 747                 | FOR
 748                 | FUN
 749                 | FUNCTION
 750                 | FUNCTOR
 751                 | IF
 752                 | IN
 753                 | INCLUDE
 754                 | INHERIT
 755                 | INITIALIZER
 756                 | LAZY
 757                 | LET
 758                 | MATCH
 759                 | METHOD
 760                 | MODULE
 761                 | MUTABLE
 762                 | NEW
 763                 | NONREC
 764                 | OBJECT
 765                 | OF
 766                 | OPEN
 767                 | OR
 768                 | PRIVATE
 769                 | REC
 770                 | SIG
 771                 | STRUCT
 772                 | THEN
 773                 | TO
 774                 | TRUE
 775                 | TRY
 776                 | TYPE
 777                 | VAL
 778                 | VIRTUAL
 779                 | WHEN
 780                 | WHILE
 781                 | WITH

 782  attr_id : single_attr_id
 783          | single_attr_id DOT attr_id

 784  attribute : LBRACKETAT attr_id payload RBRACKET

 785  post_item_attribute : LBRACKETATAT attr_id payload RBRACKET

 786  floating_attribute : LBRACKETATATAT attr_id payload RBRACKET

 787  post_item_attributes :
 788                       | post_item_attribute post_item_attributes

 789  attributes :
 790             | attribute attributes

 791  ext_attributes :
 792                 | attribute attributes
 793                 | PERCENT attr_id attributes

 794  extension : LBRACKETPERCENT attr_id payload RBRACKET

 795  item_extension : LBRACKETPERCENTPERCENT attr_id payload RBRACKET

 796  payload : structure
 797          | COLON signature
 798          | COLON core_type
 799          | QUESTION pattern
 800          | QUESTION pattern WHEN seq_expr

 801  %entry% : '\001' implementation
 802          | '\002' interface
 803          | '\003' toplevel_phrase
 804          | '\004' use_file
 805          | '\005' parse_core_type
 806          | '\006' parse_expression
 807          | '\007' parse_pattern

state 0
	$accept : . %entry% $end  (0)

	'\001'  shift 1
	'\002'  shift 2
	'\003'  shift 3
	'\004'  shift 4
	'\005'  shift 5
	'\006'  shift 6
	'\007'  shift 7
	.  error

	%entry%  goto 8


state 1
	%entry% : '\001' . implementation  (801)
	structure_tail : .  (48)

	ASSERT  shift 9
	BACKQUOTE  shift 10
	BANG  shift 11
	BEGIN  shift 12
	CHAR  shift 13
	CLASS  shift 14
	EXCEPTION  shift 15
	EXTERNAL  shift 16
	FALSE  shift 17
	FLOAT  shift 18
	FOR  shift 19
	FUN  shift 20
	FUNCTION  shift 21
	IF  shift 22
	INCLUDE  shift 23
	INT  shift 24
	LAZY  shift 25
	LBRACE  shift 26
	LBRACELESS  shift 27
	LBRACKET  shift 28
	LBRACKETBAR  shift 29
	LBRACKETPERCENT  shift 30
	LBRACKETPERCENTPERCENT  shift 31
	LET  shift 32
	LIDENT  shift 33
	LPAREN  shift 34
	LBRACKETATATAT  shift 35
	MATCH  shift 36
	MINUS  shift 37
	MINUSDOT  shift 38
	MODULE  shift 39
	NEW  shift 40
	OBJECT  shift 41
	OPEN  shift 42
	PLUS  shift 43
	PLUSDOT  shift 44
	PREFIXOP  shift 45
	SEMISEMI  shift 46
	STRING  shift 47
	TRUE  shift 48
	TRY  shift 49
	TYPE  shift 50
	UIDENT  shift 51
	UNDERSCORE  shift 52
	VAL  shift 53
	WHILE  shift 54
	EOF  reduce 48

	implementation  goto 55
	structure  goto 56
	seq_expr  goto 57
	structure_item  goto 58
	mod_longident  goto 59
	extension  goto 60
	expr  goto 61
	structure_tail  goto 62
	let_bindings  goto 63
	primitive_declaration  goto 64
	value_description  goto 65
	type_declarations  goto 66
	str_type_extension  goto 67
	str_exception_declaration  goto 68
	module_binding  goto 69
	rec_module_bindings  goto 70
	module_type_declaration  goto 71
	open_statement  goto 72
	class_declarations  goto 73
	class_type_declarations  goto 74
	str_include_statement  goto 75
	item_extension  goto 76
	floating_attribute  goto 77
	rec_module_binding  goto 78
	sig_exception_declaration  goto 79
	class_declaration  goto 80
	label  goto 81
	class_type_declaration  goto 82
	simple_expr  goto 83
	expr_comma_list  goto 84
	constr_longident  goto 85
	name_tag  goto 86
	subtractive  goto 87
	additive  goto 88
	val_longident  goto 89
	constant  goto 90
	val_ident  goto 91
	let_binding  goto 92
	type_declaration  goto 93


state 2
	%entry% : '\002' . interface  (802)
	signature : .  (86)

	CLASS  shift 94
	EXCEPTION  shift 95
	EXTERNAL  shift 16
	INCLUDE  shift 96
	LBRACKETPERCENTPERCENT  shift 31
	LBRACKETATATAT  shift 35
	MODULE  shift 97
	OPEN  shift 42
	SEMISEMI  shift 98
	TYPE  shift 99
	VAL  shift 53
	EOF  reduce 86

	interface  goto 100
	signature  goto 101
	primitive_declaration  goto 102
	value_description  goto 103
	type_declarations  goto 104
	module_type_declaration  goto 105
	open_statement  goto 106
	class_type_declarations  goto 107
	item_extension  goto 108
	floating_attribute  goto 109
	signature_item  goto 110
	sig_type_extension  goto 111
	sig_exception_declaration  goto 112
	module_declaration  goto 113
	module_alias  goto 114
	rec_module_declarations  goto 115
	sig_include_statement  goto 116
	class_descriptions  goto 117
	rec_module_declaration  goto 118
	class_description  goto 119
	class_type_declaration  goto 82
	type_declaration  goto 93


state 3
	%entry% : '\003' . toplevel_phrase  (803)
	top_structure_tail : .  (8)

	ASSERT  shift 9
	BACKQUOTE  shift 10
	BANG  shift 11
	BEGIN  shift 12
	CHAR  shift 13
	CLASS  shift 14
	EOF  shift 120
	EXCEPTION  shift 15
	EXTERNAL  shift 16
	FALSE  shift 17
	FLOAT  shift 18
	FOR  shift 19
	FUN  shift 20
	FUNCTION  shift 21
	IF  shift 22
	INCLUDE  shift 23
	INT  shift 24
	LAZY  shift 25
	LBRACE  shift 26
	LBRACELESS  shift 27
	LBRACKET  shift 28
	LBRACKETBAR  shift 29
	LBRACKETPERCENT  shift 30
	LBRACKETPERCENTPERCENT  shift 31
	LET  shift 32
	LIDENT  shift 33
	LPAREN  shift 34
	LBRACKETATATAT  shift 35
	MATCH  shift 36
	MINUS  shift 37
	MINUSDOT  shift 38
	MODULE  shift 39
	NEW  shift 40
	OBJECT  shift 41
	OPEN  shift 42
	PLUS  shift 43
	PLUSDOT  shift 44
	PREFIXOP  shift 45
	HASH  shift 121
	STRING  shift 47
	TRUE  shift 48
	TRY  shift 49
	TYPE  shift 50
	UIDENT  shift 51
	UNDERSCORE  shift 52
	VAL  shift 53
	WHILE  shift 54
	SEMISEMI  reduce 8

	toplevel_phrase  goto 122
	top_structure  goto 123
	toplevel_directive  goto 124
	seq_expr  goto 125
	top_structure_tail  goto 126
	structure_item  goto 127
	mod_longident  goto 59
	extension  goto 60
	expr  goto 61
	let_bindings  goto 63
	primitive_declaration  goto 64
	value_description  goto 65
	type_declarations  goto 66
	str_type_extension  goto 67
	str_exception_declaration  goto 68
	module_binding  goto 69
	rec_module_bindings  goto 70
	module_type_declaration  goto 71
	open_statement  goto 72
	class_declarations  goto 73
	class_type_declarations  goto 74
	str_include_statement  goto 75
	item_extension  goto 76
	floating_attribute  goto 77
	rec_module_binding  goto 78
	sig_exception_declaration  goto 79
	class_declaration  goto 80
	label  goto 81
	class_type_declaration  goto 82
	simple_expr  goto 83
	expr_comma_list  goto 84
	constr_longident  goto 85
	name_tag  goto 86
	subtractive  goto 87
	additive  goto 88
	val_longident  goto 89
	constant  goto 90
	val_ident  goto 91
	let_binding  goto 92
	type_declaration  goto 93


state 4
	%entry% : '\004' . use_file  (804)
	use_file_tail : .  (13)

	ASSERT  shift 9
	BACKQUOTE  shift 10
	BANG  shift 11
	BEGIN  shift 12
	CHAR  shift 13
	CLASS  shift 14
	EXCEPTION  shift 15
	EXTERNAL  shift 16
	FALSE  shift 17
	FLOAT  shift 18
	FOR  shift 19
	FUN  shift 20
	FUNCTION  shift 21
	IF  shift 22
	INCLUDE  shift 23
	INT  shift 24
	LAZY  shift 25
	LBRACE  shift 26
	LBRACELESS  shift 27
	LBRACKET  shift 28
	LBRACKETBAR  shift 29
	LBRACKETPERCENT  shift 30
	LBRACKETPERCENTPERCENT  shift 31
	LET  shift 32
	LIDENT  shift 33
	LPAREN  shift 34
	LBRACKETATATAT  shift 35
	MATCH  shift 36
	MINUS  shift 37
	MINUSDOT  shift 38
	MODULE  shift 39
	NEW  shift 40
	OBJECT  shift 41
	OPEN  shift 42
	PLUS  shift 43
	PLUSDOT  shift 44
	PREFIXOP  shift 45
	SEMISEMI  shift 128
	HASH  shift 121
	STRING  shift 47
	TRUE  shift 48
	TRY  shift 49
	TYPE  shift 50
	UIDENT  shift 51
	UNDERSCORE  shift 52
	VAL  shift 53
	WHILE  shift 54
	EOF  reduce 13

	use_file  goto 129
	toplevel_directive  goto 130
	seq_expr  goto 131
	structure_item  goto 132
	use_file_body  goto 133
	use_file_tail  goto 134
	mod_longident  goto 59
	extension  goto 60
	expr  goto 61
	let_bindings  goto 63
	primitive_declaration  goto 64
	value_description  goto 65
	type_declarations  goto 66
	str_type_extension  goto 67
	str_exception_declaration  goto 68
	module_binding  goto 69
	rec_module_bindings  goto 70
	module_type_declaration  goto 71
	open_statement  goto 72
	class_declarations  goto 73
	class_type_declarations  goto 74
	str_include_statement  goto 75
	item_extension  goto 76
	floating_attribute  goto 77
	rec_module_binding  goto 78
	sig_exception_declaration  goto 79
	class_declaration  goto 80
	label  goto 81
	class_type_declaration  goto 82
	simple_expr  goto 83
	expr_comma_list  goto 84
	constr_longident  goto 85
	name_tag  goto 86
	subtractive  goto 87
	additive  goto 88
	val_longident  goto 89
	constant  goto 90
	val_ident  goto 91
	let_binding  goto 92
	type_declaration  goto 93


state 5
	%entry% : '\005' . parse_core_type  (805)

	LBRACKET  shift 135
	LBRACKETLESS  shift 136
	LBRACKETGREATER  shift 137
	LBRACKETPERCENT  shift 30
	LESS  shift 138
	LIDENT  shift 139
	LPAREN  shift 140
	OPTLABEL  shift 141
	QUESTION  shift 142
	QUOTE  shift 143
	HASH  shift 144
	UIDENT  shift 145
	UNDERSCORE  shift 146
	.  error

	parse_core_type  goto 147
	core_type  goto 148
	extension  goto 149
	simple_core_type_or_tuple  goto 150
	simple_core_type  goto 151
	type_longident  goto 152
	core_type_no_attr  goto 153
	mod_ext_longident  goto 154
	core_type2  goto 155
	simple_core_type2  goto 156


state 6
	%entry% : '\006' . parse_expression  (806)

	ASSERT  shift 9
	BACKQUOTE  shift 10
	BANG  shift 11
	BEGIN  shift 12
	CHAR  shift 13
	FALSE  shift 17
	FLOAT  shift 18
	FOR  shift 19
	FUN  shift 20
	FUNCTION  shift 21
	IF  shift 22
	INT  shift 24
	LAZY  shift 25
	LBRACE  shift 26
	LBRACELESS  shift 27
	LBRACKET  shift 28
	LBRACKETBAR  shift 29
	LBRACKETPERCENT  shift 30
	LET  shift 32
	LIDENT  shift 33
	LPAREN  shift 34
	MATCH  shift 36
	MINUS  shift 37
	MINUSDOT  shift 38
	NEW  shift 40
	OBJECT  shift 41
	PLUS  shift 43
	PLUSDOT  shift 44
	PREFIXOP  shift 45
	STRING  shift 47
	TRUE  shift 48
	TRY  shift 49
	UIDENT  shift 51
	UNDERSCORE  shift 52
	WHILE  shift 54
	.  error

	parse_expression  goto 157
	seq_expr  goto 158
	mod_longident  goto 59
	extension  goto 60
	expr  goto 61
	let_bindings  goto 159
	label  goto 81
	simple_expr  goto 83
	expr_comma_list  goto 84
	constr_longident  goto 85
	name_tag  goto 86
	subtractive  goto 87
	additive  goto 88
	val_longident  goto 89
	constant  goto 90
	val_ident  goto 91
	let_binding  goto 92


state 7
	%entry% : '\007' . parse_pattern  (807)

	BACKQUOTE  shift 10
	CHAR  shift 13
	EXCEPTION  shift 160
	FALSE  shift 17
	FLOAT  shift 18
	INT  shift 24
	LAZY  shift 161
	LBRACE  shift 162
	LBRACKET  shift 163
	LBRACKETBAR  shift 164
	LBRACKETPERCENT  shift 30
	LIDENT  shift 165
	LPAREN  shift 166
	MINUS  shift 167
	PLUS  shift 168
	HASH  shift 169
	STRING  shift 47
	TRUE  shift 48
	UIDENT  shift 51
	UNDERSCORE  shift 170
	.  error

	parse_pattern  goto 171
	pattern  goto 172
	mod_longident  goto 173
	extension  goto 174
	simple_pattern  goto 175
	constr_longident  goto 176
	name_tag  goto 177
	constant  goto 178
	val_ident  goto 179
	simple_pattern_not_ident  goto 180
	pattern_comma_list  goto 181
	pattern_gen  goto 182
	signed_constant  goto 183
	simple_delimited_pattern  goto 184


state 8
	$accept : %entry% . $end  (0)

	$end  accept


state 9
	expr : ASSERT . ext_attributes simple_expr  (278)
	ext_attributes : .  (791)

	LBRACKETAT  shift 185
	PERCENT  shift 186
	BACKQUOTE  reduce 791
	BANG  reduce 791
	BEGIN  reduce 791
	CHAR  reduce 791
	FALSE  reduce 791
	FLOAT  reduce 791
	INT  reduce 791
	LBRACE  reduce 791
	LBRACELESS  reduce 791
	LBRACKET  reduce 791
	LBRACKETBAR  reduce 791
	LBRACKETPERCENT  reduce 791
	LIDENT  reduce 791
	LPAREN  reduce 791
	NEW  reduce 791
	PREFIXOP  reduce 791
	STRING  reduce 791
	TRUE  reduce 791
	UIDENT  reduce 791

	attribute  goto 187
	ext_attributes  goto 188


state 10
	name_tag : BACKQUOTE . ident  (703)

	LIDENT  shift 189
	UIDENT  shift 190
	.  error

	ident  goto 191


state 11
	simple_expr : BANG . simple_expr  (332)

	BACKQUOTE  shift 10
	BANG  shift 11
	BEGIN  shift 12
	CHAR  shift 13
	FALSE  shift 17
	FLOAT  shift 18
	INT  shift 24
	LBRACE  shift 26
	LBRACELESS  shift 27
	LBRACKET  shift 28
	LBRACKETBAR  shift 29
	LBRACKETPERCENT  shift 30
	LIDENT  shift 165
	LPAREN  shift 34
	NEW  shift 40
	PREFIXOP  shift 45
	STRING  shift 47
	TRUE  shift 48
	UIDENT  shift 51
	.  error

	mod_longident  goto 59
	extension  goto 60
	simple_expr  goto 192
	constr_longident  goto 193
	name_tag  goto 194
	val_longident  goto 89
	constant  goto 90
	val_ident  goto 91


state 12
	simple_expr : BEGIN . ext_attributes seq_expr END  (290)
	simple_expr : BEGIN . ext_attributes END  (291)
	simple_expr : BEGIN . ext_attributes seq_expr error  (292)
	ext_attributes : .  (791)

	LBRACKETAT  shift 185
	PERCENT  shift 186
	ASSERT  reduce 791
	BACKQUOTE  reduce 791
	BANG  reduce 791
	BEGIN  reduce 791
	CHAR  reduce 791
	END  reduce 791
	FALSE  reduce 791
	FLOAT  reduce 791
	FOR  reduce 791
	FUN  reduce 791
	FUNCTION  reduce 791
	IF  reduce 791
	INT  reduce 791
	LAZY  reduce 791
	LBRACE  reduce 791
	LBRACELESS  reduce 791
	LBRACKET  reduce 791
	LBRACKETBAR  reduce 791
	LBRACKETPERCENT  reduce 791
	LET  reduce 791
	LIDENT  reduce 791
	LPAREN  reduce 791
	MATCH  reduce 791
	MINUS  reduce 791
	MINUSDOT  reduce 791
	NEW  reduce 791
	OBJECT  reduce 791
	PLUS  reduce 791
	PLUSDOT  reduce 791
	PREFIXOP  reduce 791
	STRING  reduce 791
	TRUE  reduce 791
	TRY  reduce 791
	UIDENT  reduce 791
	UNDERSCORE  reduce 791
	WHILE  reduce 791

	attribute  goto 187
	ext_attributes  goto 195


state 13
	constant : CHAR .  (622)

	.  reduce 622


state 14
	class_declaration : CLASS . ext_attributes virtual_flag class_type_parameters LIDENT class_fun_binding post_item_attributes  (120)
	class_type_declaration : CLASS . TYPE ext_attributes virtual_flag class_type_parameters LIDENT EQUAL class_signature post_item_attributes  (202)
	ext_attributes : .  (791)

	LBRACKETAT  shift 185
	PERCENT  shift 186
	TYPE  shift 196
	LBRACKET  reduce 791
	LIDENT  reduce 791
	VIRTUAL  reduce 791

	attribute  goto 187
	ext_attributes  goto 197


state 15
	str_exception_declaration : EXCEPTION . ext_attributes constr_ident EQUAL constr_longident attributes post_item_attributes  (518)
	sig_exception_declaration : EXCEPTION . ext_attributes constr_ident generalized_constructor_arguments attributes post_item_attributes  (519)
	ext_attributes : .  (791)

	LBRACKETAT  shift 185
	PERCENT  shift 186
	FALSE  reduce 791
	LBRACKET  reduce 791
	LPAREN  reduce 791
	TRUE  reduce 791
	UIDENT  reduce 791

	attribute  goto 187
	ext_attributes  goto 198


state 16
	primitive_declaration : EXTERNAL . ext_attributes val_ident COLON core_type EQUAL primitive_declaration_body post_item_attributes  (478)
	ext_attributes : .  (791)

	LBRACKETAT  shift 185
	PERCENT  shift 186
	LIDENT  reduce 791
	LPAREN  reduce 791

	attribute  goto 187
	ext_attributes  goto 199


state 17
	constr_longident : FALSE .  (679)

	.  reduce 679


state 18
	constant : FLOAT .  (624)

	.  reduce 624


state 19
	expr : FOR . ext_attributes pattern EQUAL seq_expr direction_flag seq_expr DO seq_expr DONE  (243)
	ext_attributes : .  (791)

	LBRACKETAT  shift 185
	PERCENT  shift 186
	BACKQUOTE  reduce 791
	CHAR  reduce 791
	EXCEPTION  reduce 791
	FALSE  reduce 791
	FLOAT  reduce 791
	INT  reduce 791
	LAZY  reduce 791
	LBRACE  reduce 791
	LBRACKET  reduce 791
	LBRACKETBAR  reduce 791
	LBRACKETPERCENT  reduce 791
	LIDENT  reduce 791
	LPAREN  reduce 791
	MINUS  reduce 791
	PLUS  reduce 791
	HASH  reduce 791
	STRING  reduce 791
	TRUE  reduce 791
	UIDENT  reduce 791
	UNDERSCORE  reduce 791

	attribute  goto 187
	ext_attributes  goto 200


state 20
	expr : FUN . ext_attributes labeled_simple_pattern fun_def  (232)
	expr : FUN . ext_attributes LPAREN TYPE lident_list RPAREN fun_def  (233)
	ext_attributes : .  (791)

	LBRACKETAT  shift 185
	PERCENT  shift 186
	BACKQUOTE  reduce 791
	CHAR  reduce 791
	FALSE  reduce 791
	FLOAT  reduce 791
	INT  reduce 791
	LABEL  reduce 791
	LBRACE  reduce 791
	LBRACKET  reduce 791
	LBRACKETBAR  reduce 791
	LBRACKETPERCENT  reduce 791
	LIDENT  reduce 791
	LPAREN  reduce 791
	MINUS  reduce 791
	OPTLABEL  reduce 791
	PLUS  reduce 791
	QUESTION  reduce 791
	HASH  reduce 791
	STRING  reduce 791
	TILDE  reduce 791
	TRUE  reduce 791
	UIDENT  reduce 791
	UNDERSCORE  reduce 791

	attribute  goto 187
	ext_attributes  goto 201


state 21
	expr : FUNCTION . ext_attributes opt_bar match_cases  (231)
	ext_attributes : .  (791)

	LBRACKETAT  shift 185
	PERCENT  shift 186
	BACKQUOTE  reduce 791
	BAR  reduce 791
	CHAR  reduce 791
	EXCEPTION  reduce 791
	FALSE  reduce 791
	FLOAT  reduce 791
	INT  reduce 791
	LAZY  reduce 791
	LBRACE  reduce 791
	LBRACKET  reduce 791
	LBRACKETBAR  reduce 791
	LBRACKETPERCENT  reduce 791
	LIDENT  reduce 791
	LPAREN  reduce 791
	MINUS  reduce 791
	PLUS  reduce 791
	HASH  reduce 791
	STRING  reduce 791
	TRUE  reduce 791
	UIDENT  reduce 791
	UNDERSCORE  reduce 791

	attribute  goto 187
	ext_attributes  goto 202


state 22
	expr : IF . ext_attributes seq_expr THEN expr ELSE expr  (240)
	expr : IF . ext_attributes seq_expr THEN expr  (241)
	ext_attributes : .  (791)

	LBRACKETAT  shift 185
	PERCENT  shift 186
	ASSERT  reduce 791
	BACKQUOTE  reduce 791
	BANG  reduce 791
	BEGIN  reduce 791
	CHAR  reduce 791
	FALSE  reduce 791
	FLOAT  reduce 791
	FOR  reduce 791
	FUN  reduce 791
	FUNCTION  reduce 791
	IF  reduce 791
	INT  reduce 791
	LAZY  reduce 791
	LBRACE  reduce 791
	LBRACELESS  reduce 791
	LBRACKET  reduce 791
	LBRACKETBAR  reduce 791
	LBRACKETPERCENT  reduce 791
	LET  reduce 791
	LIDENT  reduce 791
	LPAREN  reduce 791
	MATCH  reduce 791
	MINUS  reduce 791
	MINUSDOT  reduce 791
	NEW  reduce 791
	OBJECT  reduce 791
	PLUS  reduce 791
	PLUSDOT  reduce 791
	PREFIXOP  reduce 791
	STRING  reduce 791
	TRUE  reduce 791
	TRY  reduce 791
	UIDENT  reduce 791
	UNDERSCORE  reduce 791
	WHILE  reduce 791

	attribute  goto 187
	ext_attributes  goto 203


state 23
	str_include_statement : INCLUDE . ext_attributes module_expr post_item_attributes  (66)
	ext_attributes : .  (791)

	LBRACKETAT  shift 185
	PERCENT  shift 186
	FUNCTOR  reduce 791
	LBRACKETPERCENT  reduce 791
	LPAREN  reduce 791
	STRUCT  reduce 791
	UIDENT  reduce 791

	attribute  goto 187
	ext_attributes  goto 204


state 24
	constant : INT .  (621)

	.  reduce 621


state 25
	expr : LAZY . ext_attributes simple_expr  (279)
	ext_attributes : .  (791)

	LBRACKETAT  shift 185
	PERCENT  shift 186
	BACKQUOTE  reduce 791
	BANG  reduce 791
	BEGIN  reduce 791
	CHAR  reduce 791
	FALSE  reduce 791
	FLOAT  reduce 791
	INT  reduce 791
	LBRACE  reduce 791
	LBRACELESS  reduce 791
	LBRACKET  reduce 791
	LBRACKETBAR  reduce 791
	LBRACKETPERCENT  reduce 791
	LIDENT  reduce 791
	LPAREN  reduce 791
	NEW  reduce 791
	PREFIXOP  reduce 791
	STRING  reduce 791
	TRUE  reduce 791
	UIDENT  reduce 791

	attribute  goto 187
	ext_attributes  goto 205


state 26
	simple_expr : LBRACE . record_expr RBRACE  (316)
	simple_expr : LBRACE . record_expr error  (317)

	BACKQUOTE  shift 10
	BANG  shift 11
	BEGIN  shift 12
	CHAR  shift 13
	FALSE  shift 17
	FLOAT  shift 18
	INT  shift 24
	LBRACE  shift 26
	LBRACELESS  shift 27
	LBRACKET  shift 28
	LBRACKETBAR  shift 29
	LBRACKETPERCENT  shift 30
	LIDENT  shift 206
	LPAREN  shift 34
	NEW  shift 40
	PREFIXOP  shift 45
	STRING  shift 47
	TRUE  shift 48
	UIDENT  shift 51
	.  error

	mod_longident  goto 207
	extension  goto 60
	simple_expr  goto 208
	constr_longident  goto 193
	name_tag  goto 194
	label_longident  goto 209
	val_longident  goto 89
	constant  goto 90
	record_expr  goto 210
	val_ident  goto 91
	lbl_expr_list  goto 211
	lbl_expr  goto 212


state 27
	simple_expr : LBRACELESS . field_expr_list GREATERRBRACE  (334)
	simple_expr : LBRACELESS . field_expr_list error  (335)
	simple_expr : LBRACELESS . GREATERRBRACE  (336)

	GREATERRBRACE  shift 213
	LIDENT  shift 214
	.  error

	label  goto 215
	field_expr_list  goto 216
	field_expr  goto 217


state 28
	simple_expr : LBRACKET . expr_semi_list opt_semi RBRACKET  (326)
	simple_expr : LBRACKET . expr_semi_list opt_semi error  (327)
	constr_longident : LBRACKET . RBRACKET  (676)

	ASSERT  shift 9
	BACKQUOTE  shift 10
	BANG  shift 11
	BEGIN  shift 12
	CHAR  shift 13
	FALSE  shift 17
	FLOAT  shift 18
	FOR  shift 19
	FUN  shift 20
	FUNCTION  shift 21
	IF  shift 22
	INT  shift 24
	LAZY  shift 25
	LBRACE  shift 26
	LBRACELESS  shift 27
	LBRACKET  shift 28
	LBRACKETBAR  shift 29
	LBRACKETPERCENT  shift 30
	LET  shift 32
	LIDENT  shift 33
	LPAREN  shift 34
	MATCH  shift 36
	MINUS  shift 37
	MINUSDOT  shift 38
	NEW  shift 40
	OBJECT  shift 41
	PLUS  shift 43
	PLUSDOT  shift 44
	PREFIXOP  shift 45
	RBRACKET  shift 218
	STRING  shift 47
	TRUE  shift 48
	TRY  shift 49
	UIDENT  shift 51
	UNDERSCORE  shift 52
	WHILE  shift 54
	.  error

	mod_longident  goto 59
	extension  goto 60
	expr  goto 219
	let_bindings  goto 159
	label  goto 81
	simple_expr  goto 83
	expr_comma_list  goto 84
	constr_longident  goto 85
	name_tag  goto 86
	subtractive  goto 87
	additive  goto 88
	val_longident  goto 89
	constant  goto 90
	expr_semi_list  goto 220
	val_ident  goto 91
	let_binding  goto 92


state 29
	simple_expr : LBRACKETBAR . expr_semi_list opt_semi BARRBRACKET  (320)
	simple_expr : LBRACKETBAR . expr_semi_list opt_semi error  (321)
	simple_expr : LBRACKETBAR . BARRBRACKET  (322)

	ASSERT  shift 9
	BACKQUOTE  shift 10
	BANG  shift 11
	BARRBRACKET  shift 221
	BEGIN  shift 12
	CHAR  shift 13
	FALSE  shift 17
	FLOAT  shift 18
	FOR  shift 19
	FUN  shift 20
	FUNCTION  shift 21
	IF  shift 22
	INT  shift 24
	LAZY  shift 25
	LBRACE  shift 26
	LBRACELESS  shift 27
	LBRACKET  shift 28
	LBRACKETBAR  shift 29
	LBRACKETPERCENT  shift 30
	LET  shift 32
	LIDENT  shift 33
	LPAREN  shift 34
	MATCH  shift 36
	MINUS  shift 37
	MINUSDOT  shift 38
	NEW  shift 40
	OBJECT  shift 41
	PLUS  shift 43
	PLUSDOT  shift 44
	PREFIXOP  shift 45
	STRING  shift 47
	TRUE  shift 48
	TRY  shift 49
	UIDENT  shift 51
	UNDERSCORE  shift 52
	WHILE  shift 54
	.  error

	mod_longident  goto 59
	extension  goto 60
	expr  goto 219
	let_bindings  goto 159
	label  goto 81
	simple_expr  goto 83
	expr_comma_list  goto 84
	constr_longident  goto 85
	name_tag  goto 86
	subtractive  goto 87
	additive  goto 88
	val_longident  goto 89
	constant  goto 90
	expr_semi_list  goto 222
	val_ident  goto 91
	let_binding  goto 92


state 30
	extension : LBRACKETPERCENT . attr_id payload RBRACKET  (794)

	AND  shift 223
	AS  shift 224
	ASSERT  shift 225
	BEGIN  shift 226
	CLASS  shift 227
	CONSTRAINT  shift 228
	DO  shift 229
	DONE  shift 230
	DOWNTO  shift 231
	ELSE  shift 232
	END  shift 233
	EXCEPTION  shift 234
	EXTERNAL  shift 235
	FALSE  shift 236
	FOR  shift 237
	FUN  shift 238
	FUNCTION  shift 239
	FUNCTOR  shift 240
	IF  shift 241
	IN  shift 242
	INCLUDE  shift 243
	INHERIT  shift 244
	INITIALIZER  shift 245
	LAZY  shift 246
	LET  shift 247
	LIDENT  shift 248
	MATCH  shift 249
	METHOD  shift 250
	MODULE  shift 251
	MUTABLE  shift 252
	NEW  shift 253
	NONREC  shift 254
	OBJECT  shift 255
	OF  shift 256
	OPEN  shift 257
	OR  shift 258
	PRIVATE  shift 259
	REC  shift 260
	SIG  shift 261
	STRUCT  shift 262
	THEN  shift 263
	TO  shift 264
	TRUE  shift 265
	TRY  shift 266
	TYPE  shift 267
	UIDENT  shift 268
	VAL  shift 269
	VIRTUAL  shift 270
	WHEN  shift 271
	WHILE  shift 272
	WITH  shift 273
	.  error

	attr_id  goto 274
	single_attr_id  goto 275


state 31
	item_extension : LBRACKETPERCENTPERCENT . attr_id payload RBRACKET  (795)

	AND  shift 223
	AS  shift 224
	ASSERT  shift 225
	BEGIN  shift 226
	CLASS  shift 227
	CONSTRAINT  shift 228
	DO  shift 229
	DONE  shift 230
	DOWNTO  shift 231
	ELSE  shift 232
	END  shift 233
	EXCEPTION  shift 234
	EXTERNAL  shift 235
	FALSE  shift 236
	FOR  shift 237
	FUN  shift 238
	FUNCTION  shift 239
	FUNCTOR  shift 240
	IF  shift 241
	IN  shift 242
	INCLUDE  shift 243
	INHERIT  shift 244
	INITIALIZER  shift 245
	LAZY  shift 246
	LET  shift 247
	LIDENT  shift 248
	MATCH  shift 249
	METHOD  shift 250
	MODULE  shift 251
	MUTABLE  shift 252
	NEW  shift 253
	NONREC  shift 254
	OBJECT  shift 255
	OF  shift 256
	OPEN  shift 257
	OR  shift 258
	PRIVATE  shift 259
	REC  shift 260
	SIG  shift 261
	STRUCT  shift 262
	THEN  shift 263
	TO  shift 264
	TRUE  shift 265
	TRY  shift 266
	TYPE  shift 267
	UIDENT  shift 268
	VAL  shift 269
	VIRTUAL  shift 270
	WHEN  shift 271
	WHILE  shift 272
	WITH  shift 273
	.  error

	attr_id  goto 276
	single_attr_id  goto 275


state 32
	expr : LET . MODULE ext_attributes UIDENT module_binding_body IN seq_expr  (228)
	expr : LET . EXCEPTION ext_attributes let_exception_declaration IN seq_expr  (229)
	expr : LET . OPEN override_flag ext_attributes mod_longident IN seq_expr  (230)
	let_binding : LET . ext_attributes rec_flag let_binding_body post_item_attributes  (367)
	ext_attributes : .  (791)

	EXCEPTION  shift 277
	LBRACKETAT  shift 185
	MODULE  shift 278
	OPEN  shift 279
	PERCENT  shift 186
	BACKQUOTE  reduce 791
	CHAR  reduce 791
	FALSE  reduce 791
	FLOAT  reduce 791
	INT  reduce 791
	LAZY  reduce 791
	LBRACE  reduce 791
	LBRACKET  reduce 791
	LBRACKETBAR  reduce 791
	LBRACKETPERCENT  reduce 791
	LIDENT  reduce 791
	LPAREN  reduce 791
	MINUS  reduce 791
	PLUS  reduce 791
	REC  reduce 791
	HASH  reduce 791
	STRING  reduce 791
	TRUE  reduce 791
	UIDENT  reduce 791
	UNDERSCORE  reduce 791

	attribute  goto 187
	ext_attributes  goto 280


state 33
	label : LIDENT .  (620)
	val_ident : LIDENT .  (632)

	error  reduce 632
	AMPERAMPER  reduce 632
	AMPERSAND  reduce 632
	AND  reduce 632
	BACKQUOTE  reduce 632
	BANG  reduce 632
	BAR  reduce 632
	BARBAR  reduce 632
	BARRBRACKET  reduce 632
	BEGIN  reduce 632
	CHAR  reduce 632
	CLASS  reduce 632
	COLON  reduce 632
	COLONCOLON  reduce 632
	COLONEQUAL  reduce 632
	COLONGREATER  reduce 632
	COMMA  reduce 632
	CONSTRAINT  reduce 632
	DO  reduce 632
	DONE  reduce 632
	DOT  reduce 632
	DOWNTO  reduce 632
	ELSE  reduce 632
	END  reduce 632
	EOF  reduce 632
	EQUAL  reduce 632
	EXCEPTION  reduce 632
	EXTERNAL  reduce 632
	FALSE  reduce 632
	FLOAT  reduce 632
	GREATER  reduce 632
	GREATERRBRACE  reduce 632
	IN  reduce 632
	INCLUDE  reduce 632
	INFIXOP0  reduce 632
	INFIXOP1  reduce 632
	INFIXOP2  reduce 632
	INFIXOP3  reduce 632
	INFIXOP4  reduce 632
	DOTOP  reduce 632
	INHERIT  reduce 632
	INITIALIZER  reduce 632
	INT  reduce 632
	LABEL  reduce 632
	LBRACE  reduce 632
	LBRACELESS  reduce 632
	LBRACKET  reduce 632
	LBRACKETBAR  reduce 632
	LBRACKETPERCENT  reduce 632
	LBRACKETPERCENTPERCENT  reduce 632
	LESS  reduce 632
	LESSMINUS  reduce 620
	LET  reduce 632
	LIDENT  reduce 632
	LPAREN  reduce 632
	LBRACKETAT  reduce 632
	LBRACKETATAT  reduce 632
	LBRACKETATATAT  reduce 632
	METHOD  reduce 632
	MINUS  reduce 632
	MINUSDOT  reduce 632
	MINUSGREATER  reduce 632
	MODULE  reduce 632
	NEW  reduce 632
	OPEN  reduce 632
	OPTLABEL  reduce 632
	OR  reduce 632
	PERCENT  reduce 632
	PLUS  reduce 632
	PLUSDOT  reduce 632
	PLUSEQ  reduce 632
	PREFIXOP  reduce 632
	QUESTION  reduce 632
	RBRACE  reduce 632
	RBRACKET  reduce 632
	RPAREN  reduce 632
	SEMI  reduce 632
	SEMISEMI  reduce 632
	HASH  reduce 632
	HASHOP  reduce 632
	STAR  reduce 632
	STRING  reduce 632
	THEN  reduce 632
	TILDE  reduce 632
	TO  reduce 632
	TRUE  reduce 632
	TYPE  reduce 632
	UIDENT  reduce 632
	VAL  reduce 632
	WITH  reduce 632


state 34
	simple_expr : LPAREN . seq_expr RPAREN  (288)
	simple_expr : LPAREN . seq_expr error  (289)
	simple_expr : LPAREN . seq_expr type_constraint RPAREN  (293)
	simple_expr : LPAREN . MODULE ext_attributes module_expr RPAREN  (342)
	simple_expr : LPAREN . MODULE ext_attributes module_expr COLON package_type RPAREN  (343)
	simple_expr : LPAREN . MODULE ext_attributes module_expr COLON error  (344)
	val_ident : LPAREN . operator RPAREN  (633)
	val_ident : LPAREN . operator error  (634)
	val_ident : LPAREN . error  (635)
	val_ident : LPAREN . MODULE error  (636)
	constr_longident : LPAREN . RPAREN  (677)
	constr_longident : LPAREN . COLONCOLON RPAREN  (678)

	error  shift 281
	AMPERAMPER  shift 282
	AMPERSAND  shift 283
	ASSERT  shift 9
	BACKQUOTE  shift 10
	BANG  shift 284
	BARBAR  shift 285
	BEGIN  shift 12
	CHAR  shift 13
	COLONCOLON  shift 286
	COLONEQUAL  shift 287
	EQUAL  shift 288
	FALSE  shift 17
	FLOAT  shift 18
	FOR  shift 19
	FUN  shift 20
	FUNCTION  shift 21
	GREATER  shift 289
	IF  shift 22
	INFIXOP0  shift 290
	INFIXOP1  shift 291
	INFIXOP2  shift 292
	INFIXOP3  shift 293
	INFIXOP4  shift 294
	DOTOP  shift 295
	INT  shift 24
	LAZY  shift 25
	LBRACE  shift 26
	LBRACELESS  shift 27
	LBRACKET  shift 28
	LBRACKETBAR  shift 29
	LBRACKETPERCENT  shift 30
	LESS  shift 296
	LET  shift 32
	LIDENT  shift 33
	LPAREN  shift 34
	MATCH  shift 36
	MINUS  shift 297
	MINUSDOT  shift 298
	MODULE  shift 299
	NEW  shift 40
	OBJECT  shift 41
	OR  shift 300
	PERCENT  shift 301
	PLUS  shift 302
	PLUSDOT  shift 303
	PLUSEQ  shift 304
	PREFIXOP  shift 305
	RPAREN  shift 306
	HASHOP  shift 307
	STAR  shift 308
	STRING  shift 47
	TRUE  shift 48
	TRY  shift 49
	UIDENT  shift 51
	UNDERSCORE  shift 52
	WHILE  shift 54
	.  error

	seq_expr  goto 309
	mod_longident  goto 59
	extension  goto 60
	expr  goto 61
	let_bindings  goto 159
	label  goto 81
	simple_expr  goto 83
	expr_comma_list  goto 84
	constr_longident  goto 85
	name_tag  goto 86
	subtractive  goto 87
	additive  goto 88
	val_longident  goto 89
	constant  goto 90
	val_ident  goto 91
	let_binding  goto 92
	operator  goto 310


state 35
	floating_attribute : LBRACKETATATAT . attr_id payload RBRACKET  (786)

	AND  shift 223
	AS  shift 224
	ASSERT  shift 225
	BEGIN  shift 226
	CLASS  shift 227
	CONSTRAINT  shift 228
	DO  shift 229
	DONE  shift 230
	DOWNTO  shift 231
	ELSE  shift 232
	END  shift 233
	EXCEPTION  shift 234
	EXTERNAL  shift 235
	FALSE  shift 236
	FOR  shift 237
	FUN  shift 238
	FUNCTION  shift 239
	FUNCTOR  shift 240
	IF  shift 241
	IN  shift 242
	INCLUDE  shift 243
	INHERIT  shift 244
	INITIALIZER  shift 245
	LAZY  shift 246
	LET  shift 247
	LIDENT  shift 248
	MATCH  shift 249
	METHOD  shift 250
	MODULE  shift 251
	MUTABLE  shift 252
	NEW  shift 253
	NONREC  shift 254
	OBJECT  shift 255
	OF  shift 256
	OPEN  shift 257
	OR  shift 258
	PRIVATE  shift 259
	REC  shift 260
	SIG  shift 261
	STRUCT  shift 262
	THEN  shift 263
	TO  shift 264
	TRUE  shift 265
	TRY  shift 266
	TYPE  shift 267
	UIDENT  shift 268
	VAL  shift 269
	VIRTUAL  shift 270
	WHEN  shift 271
	WHILE  shift 272
	WITH  shift 273
	.  error

	attr_id  goto 311
	single_attr_id  goto 275


state 36
	expr : MATCH . ext_attributes seq_expr WITH opt_bar match_cases  (234)
	ext_attributes : .  (791)

	LBRACKETAT  shift 185
	PERCENT  shift 186
	ASSERT  reduce 791
	BACKQUOTE  reduce 791
	BANG  reduce 791
	BEGIN  reduce 791
	CHAR  reduce 791
	FALSE  reduce 791
	FLOAT  reduce 791
	FOR  reduce 791
	FUN  reduce 791
	FUNCTION  reduce 791
	IF  reduce 791
	INT  reduce 791
	LAZY  reduce 791
	LBRACE  reduce 791
	LBRACELESS  reduce 791
	LBRACKET  reduce 791
	LBRACKETBAR  reduce 791
	LBRACKETPERCENT  reduce 791
	LET  reduce 791
	LIDENT  reduce 791
	LPAREN  reduce 791
	MATCH  reduce 791
	MINUS  reduce 791
	MINUSDOT  reduce 791
	NEW  reduce 791
	OBJECT  reduce 791
	PLUS  reduce 791
	PLUSDOT  reduce 791
	PREFIXOP  reduce 791
	STRING  reduce 791
	TRUE  reduce 791
	TRY  reduce 791
	UIDENT  reduce 791
	UNDERSCORE  reduce 791
	WHILE  reduce 791

	attribute  goto 187
	ext_attributes  goto 312


state 37
	subtractive : MINUS .  (727)

	.  reduce 727


state 38
	subtractive : MINUSDOT .  (728)

	.  reduce 728


state 39
	module_binding : MODULE . ext_attributes UIDENT module_binding_body post_item_attributes  (70)
	rec_module_binding : MODULE . ext_attributes REC UIDENT module_binding_body post_item_attributes  (73)
	module_type_declaration : MODULE . TYPE ext_attributes ident module_type_declaration_body post_item_attributes  (117)
	ext_attributes : .  (791)

	LBRACKETAT  shift 185
	PERCENT  shift 186
	TYPE  shift 313
	REC  reduce 791
	UIDENT  reduce 791

	attribute  goto 187
	ext_attributes  goto 314


state 40
	simple_expr : NEW . ext_attributes class_longident  (333)
	ext_attributes : .  (791)

	LBRACKETAT  shift 185
	PERCENT  shift 186
	LIDENT  reduce 791
	UIDENT  reduce 791

	attribute  goto 187
	ext_attributes  goto 315


state 41
	expr : OBJECT . ext_attributes class_structure END  (280)
	expr : OBJECT . ext_attributes class_structure error  (281)
	ext_attributes : .  (791)

	LBRACKETAT  shift 185
	PERCENT  shift 186
	error  reduce 791
	CONSTRAINT  reduce 791
	END  reduce 791
	INHERIT  reduce 791
	INITIALIZER  reduce 791
	LBRACKETPERCENTPERCENT  reduce 791
	LPAREN  reduce 791
	LBRACKETATATAT  reduce 791
	METHOD  reduce 791
	VAL  reduce 791

	attribute  goto 187
	ext_attributes  goto 316


state 42
	open_statement : OPEN . override_flag ext_attributes mod_longident post_item_attributes  (104)
	override_flag : .  (721)

	BANG  shift 317
	LBRACKETAT  reduce 721
	PERCENT  reduce 721
	UIDENT  reduce 721

	override_flag  goto 318


state 43
	additive : PLUS .  (729)

	.  reduce 729


state 44
	additive : PLUSDOT .  (730)

	.  reduce 730


state 45
	simple_expr : PREFIXOP . simple_expr  (331)

	BACKQUOTE  shift 10
	BANG  shift 11
	BEGIN  shift 12
	CHAR  shift 13
	FALSE  shift 17
	FLOAT  shift 18
	INT  shift 24
	LBRACE  shift 26
	LBRACELESS  shift 27
	LBRACKET  shift 28
	LBRACKETBAR  shift 29
	LBRACKETPERCENT  shift 30
	LIDENT  shift 165
	LPAREN  shift 34
	NEW  shift 40
	PREFIXOP  shift 45
	STRING  shift 47
	TRUE  shift 48
	UIDENT  shift 51
	.  error

	mod_longident  goto 59
	extension  goto 60
	simple_expr  goto 319
	constr_longident  goto 193
	name_tag  goto 194
	val_longident  goto 89
	constant  goto 90
	val_ident  goto 91


state 46
	structure_tail : SEMISEMI . structure  (49)
	structure_tail : .  (48)

	ASSERT  shift 9
	BACKQUOTE  shift 10
	BANG  shift 11
	BEGIN  shift 12
	CHAR  shift 13
	CLASS  shift 14
	EXCEPTION  shift 15
	EXTERNAL  shift 16
	FALSE  shift 17
	FLOAT  shift 18
	FOR  shift 19
	FUN  shift 20
	FUNCTION  shift 21
	IF  shift 22
	INCLUDE  shift 23
	INT  shift 24
	LAZY  shift 25
	LBRACE  shift 26
	LBRACELESS  shift 27
	LBRACKET  shift 28
	LBRACKETBAR  shift 29
	LBRACKETPERCENT  shift 30
	LBRACKETPERCENTPERCENT  shift 31
	LET  shift 32
	LIDENT  shift 33
	LPAREN  shift 34
	LBRACKETATATAT  shift 35
	MATCH  shift 36
	MINUS  shift 37
	MINUSDOT  shift 38
	MODULE  shift 39
	NEW  shift 40
	OBJECT  shift 41
	OPEN  shift 42
	PLUS  shift 43
	PLUSDOT  shift 44
	PREFIXOP  shift 45
	SEMISEMI  shift 46
	STRING  shift 47
	TRUE  shift 48
	TRY  shift 49
	TYPE  shift 50
	UIDENT  shift 51
	UNDERSCORE  shift 52
	VAL  shift 53
	WHILE  shift 54
	error  reduce 48
	END  reduce 48
	EOF  reduce 48
	RBRACKET  reduce 48

	structure  goto 320
	seq_expr  goto 57
	structure_item  goto 58
	mod_longident  goto 59
	extension  goto 60
	expr  goto 61
	structure_tail  goto 62
	let_bindings  goto 63
	primitive_declaration  goto 64
	value_description  goto 65
	type_declarations  goto 66
	str_type_extension  goto 67
	str_exception_declaration  goto 68
	module_binding  goto 69
	rec_module_bindings  goto 70
	module_type_declaration  goto 71
	open_statement  goto 72
	class_declarations  goto 73
	class_type_declarations  goto 74
	str_include_statement  goto 75
	item_extension  goto 76
	floating_attribute  goto 77
	rec_module_binding  goto 78
	sig_exception_declaration  goto 79
	class_declaration  goto 80
	label  goto 81
	class_type_declaration  goto 82
	simple_expr  goto 83
	expr_comma_list  goto 84
	constr_longident  goto 85
	name_tag  goto 86
	subtractive  goto 87
	additive  goto 88
	val_longident  goto 89
	constant  goto 90
	val_ident  goto 91
	let_binding  goto 92
	type_declaration  goto 93


state 47
	constant : STRING .  (623)

	.  reduce 623


state 48
	constr_longident : TRUE .  (680)

	.  reduce 680


state 49
	expr : TRY . ext_attributes seq_expr WITH opt_bar match_cases  (235)
	expr : TRY . ext_attributes seq_expr WITH error  (236)
	ext_attributes : .  (791)

	LBRACKETAT  shift 185
	PERCENT  shift 186
	ASSERT  reduce 791
	BACKQUOTE  reduce 791
	BANG  reduce 791
	BEGIN  reduce 791
	CHAR  reduce 791
	FALSE  reduce 791
	FLOAT  reduce 791
	FOR  reduce 791
	FUN  reduce 791
	FUNCTION  reduce 791
	IF  reduce 791
	INT  reduce 791
	LAZY  reduce 791
	LBRACE  reduce 791
	LBRACELESS  reduce 791
	LBRACKET  reduce 791
	LBRACKETBAR  reduce 791
	LBRACKETPERCENT  reduce 791
	LET  reduce 791
	LIDENT  reduce 791
	LPAREN  reduce 791
	MATCH  reduce 791
	MINUS  reduce 791
	MINUSDOT  reduce 791
	NEW  reduce 791
	OBJECT  reduce 791
	PLUS  reduce 791
	PLUSDOT  reduce 791
	PREFIXOP  reduce 791
	STRING  reduce 791
	TRUE  reduce 791
	TRY  reduce 791
	UIDENT  reduce 791
	UNDERSCORE  reduce 791
	WHILE  reduce 791

	attribute  goto 187
	ext_attributes  goto 321


state 50
	type_declaration : TYPE . ext_attributes nonrec_flag optional_type_parameters LIDENT type_kind constraints post_item_attributes  (481)
	str_type_extension : TYPE . ext_attributes nonrec_flag optional_type_parameters type_longident PLUSEQ private_flag str_extension_constructors post_item_attributes  (532)
	ext_attributes : .  (791)

	LBRACKETAT  shift 185
	PERCENT  shift 186
	LIDENT  reduce 791
	LPAREN  reduce 791
	MINUS  reduce 791
	NONREC  reduce 791
	PLUS  reduce 791
	QUOTE  reduce 791
	UIDENT  reduce 791
	UNDERSCORE  reduce 791

	attribute  goto 187
	ext_attributes  goto 322


state 51
	mod_longident : UIDENT .  (685)

	.  reduce 685


state 52
	expr : UNDERSCORE .  (283)

	.  reduce 283


state 53
	value_description : VAL . ext_attributes val_ident COLON core_type post_item_attributes  (475)
	ext_attributes : .  (791)

	LBRACKETAT  shift 185
	PERCENT  shift 186
	LIDENT  reduce 791
	LPAREN  reduce 791

	attribute  goto 187
	ext_attributes  goto 323


state 54
	expr : WHILE . ext_attributes seq_expr DO seq_expr DONE  (242)
	ext_attributes : .  (791)

	LBRACKETAT  shift 185
	PERCENT  shift 186
	ASSERT  reduce 791
	BACKQUOTE  reduce 791
	BANG  reduce 791
	BEGIN  reduce 791
	CHAR  reduce 791
	FALSE  reduce 791
	FLOAT  reduce 791
	FOR  reduce 791
	FUN  reduce 791
	FUNCTION  reduce 791
	IF  reduce 791
	INT  reduce 791
	LAZY  reduce 791
	LBRACE  reduce 791
	LBRACELESS  reduce 791
	LBRACKET  reduce 791
	LBRACKETBAR  reduce 791
	LBRACKETPERCENT  reduce 791
	LET  reduce 791
	LIDENT  reduce 791
	LPAREN  reduce 791
	MATCH  reduce 791
	MINUS  reduce 791
	MINUSDOT  reduce 791
	NEW  reduce 791
	OBJECT  reduce 791
	PLUS  reduce 791
	PLUSDOT  reduce 791
	PREFIXOP  reduce 791
	STRING  reduce 791
	TRUE  reduce 791
	TRY  reduce 791
	UIDENT  reduce 791
	UNDERSCORE  reduce 791
	WHILE  reduce 791

	attribute  goto 187
	ext_attributes  goto 324


state 55
	%entry% : '\001' implementation .  (801)

	.  reduce 801


state 56
	implementation : structure . EOF  (1)

	EOF  shift 325
	.  error


state 57
	structure : seq_expr . post_item_attributes structure_tail  (46)
	post_item_attributes : .  (787)

	LBRACKETATAT  shift 326
	error  reduce 787
	CLASS  reduce 787
	END  reduce 787
	EOF  reduce 787
	EXCEPTION  reduce 787
	EXTERNAL  reduce 787
	INCLUDE  reduce 787
	LBRACKETPERCENTPERCENT  reduce 787
	LET  reduce 787
	LBRACKETATATAT  reduce 787
	MODULE  reduce 787
	OPEN  reduce 787
	RBRACKET  reduce 787
	SEMISEMI  reduce 787
	TYPE  reduce 787
	VAL  reduce 787

	post_item_attributes  goto 327
	post_item_attribute  goto 328


state 58
	structure_tail : structure_item . structure_tail  (50)
	structure_tail : .  (48)

	CLASS  shift 14
	EXCEPTION  shift 15
	EXTERNAL  shift 16
	INCLUDE  shift 23
	LBRACKETPERCENTPERCENT  shift 31
	LET  shift 329
	LBRACKETATATAT  shift 35
	MODULE  shift 39
	OPEN  shift 42
	SEMISEMI  shift 46
	TYPE  shift 50
	VAL  shift 53
	error  reduce 48
	END  reduce 48
	EOF  reduce 48
	RBRACKET  reduce 48

	structure_item  goto 58
	structure_tail  goto 330
	let_bindings  goto 331
	primitive_declaration  goto 64
	value_description  goto 65
	type_declarations  goto 66
	str_type_extension  goto 67
	str_exception_declaration  goto 68
	module_binding  goto 69
	rec_module_bindings  goto 70
	module_type_declaration  goto 71
	open_statement  goto 72
	class_declarations  goto 73
	class_type_declarations  goto 74
	str_include_statement  goto 75
	item_extension  goto 76
	floating_attribute  goto 77
	rec_module_binding  goto 78
	sig_exception_declaration  goto 79
	class_declaration  goto 80
	class_type_declaration  goto 82
	let_binding  goto 92
	type_declaration  goto 93


state 59
	simple_expr : mod_longident . DOT LPAREN seq_expr RPAREN  (295)
	simple_expr : mod_longident . DOT LPAREN RPAREN  (296)
	simple_expr : mod_longident . DOT LPAREN seq_expr error  (297)
	simple_expr : mod_longident . DOT LBRACE record_expr RBRACE  (318)
	simple_expr : mod_longident . DOT LBRACE record_expr error  (319)
	simple_expr : mod_longident . DOT LBRACKETBAR expr_semi_list opt_semi BARRBRACKET  (323)
	simple_expr : mod_longident . DOT LBRACKETBAR BARRBRACKET  (324)
	simple_expr : mod_longident . DOT LBRACKETBAR expr_semi_list opt_semi error  (325)
	simple_expr : mod_longident . DOT LBRACKET expr_semi_list opt_semi RBRACKET  (328)
	simple_expr : mod_longident . DOT LBRACKET RBRACKET  (329)
	simple_expr : mod_longident . DOT LBRACKET expr_semi_list opt_semi error  (330)
	simple_expr : mod_longident . DOT LBRACELESS field_expr_list GREATERRBRACE  (337)
	simple_expr : mod_longident . DOT LBRACELESS GREATERRBRACE  (338)
	simple_expr : mod_longident . DOT LBRACELESS field_expr_list error  (339)
	simple_expr : mod_longident . DOT LPAREN MODULE ext_attributes module_expr COLON package_type RPAREN  (345)
	simple_expr : mod_longident . DOT LPAREN MODULE ext_attributes module_expr COLON error  (346)
	val_longident : mod_longident . DOT val_ident  (673)
	constr_longident : mod_longident .  (674)
	constr_longident : mod_longident . DOT LPAREN COLONCOLON RPAREN  (675)
	mod_longident : mod_longident . DOT UIDENT  (686)

	DOT  shift 332
	error  reduce 674
	AMPERAMPER  reduce 674
	AMPERSAND  reduce 674
	AND  reduce 674
	AS  reduce 674
	BACKQUOTE  reduce 674
	BANG  reduce 674
	BAR  reduce 674
	BARBAR  reduce 674
	BARRBRACKET  reduce 674
	BEGIN  reduce 674
	CHAR  reduce 674
	CLASS  reduce 674
	COLON  reduce 674
	COLONCOLON  reduce 674
	COLONEQUAL  reduce 674
	COLONGREATER  reduce 674
	COMMA  reduce 674
	CONSTRAINT  reduce 674
	DO  reduce 674
	DONE  reduce 674
	DOWNTO  reduce 674
	ELSE  reduce 674
	END  reduce 674
	EOF  reduce 674
	EQUAL  reduce 674
	EXCEPTION  reduce 674
	EXTERNAL  reduce 674
	FALSE  reduce 674
	FLOAT  reduce 674
	GREATER  reduce 674
	GREATERRBRACE  reduce 674
	IN  reduce 674
	INCLUDE  reduce 674
	INFIXOP0  reduce 674
	INFIXOP1  reduce 674
	INFIXOP2  reduce 674
	INFIXOP3  reduce 674
	INFIXOP4  reduce 674
	DOTOP  reduce 674
	INHERIT  reduce 674
	INITIALIZER  reduce 674
	INT  reduce 674
	LABEL  reduce 674
	LBRACE  reduce 674
	LBRACELESS  reduce 674
	LBRACKET  reduce 674
	LBRACKETBAR  reduce 674
	LBRACKETPERCENT  reduce 674
	LBRACKETPERCENTPERCENT  reduce 674
	LESS  reduce 674
	LET  reduce 674
	LIDENT  reduce 674
	LPAREN  reduce 674
	LBRACKETAT  reduce 674
	LBRACKETATAT  reduce 674
	LBRACKETATATAT  reduce 674
	METHOD  reduce 674
	MINUS  reduce 674
	MINUSDOT  reduce 674
	MINUSGREATER  reduce 674
	MODULE  reduce 674
	NEW  reduce 674
	OPEN  reduce 674
	OPTLABEL  reduce 674
	OR  reduce 674
	PERCENT  reduce 674
	PLUS  reduce 674
	PLUSDOT  reduce 674
	PLUSEQ  reduce 674
	PREFIXOP  reduce 674
	QUESTION  reduce 674
	RBRACE  reduce 674
	RBRACKET  reduce 674
	RPAREN  reduce 674
	SEMI  reduce 674
	SEMISEMI  reduce 674
	HASH  reduce 674
	HASHOP  reduce 674
	STAR  reduce 674
	STRING  reduce 674
	THEN  reduce 674
	TILDE  reduce 674
	TO  reduce 674
	TRUE  reduce 674
	TYPE  reduce 674
	UIDENT  reduce 674
	VAL  reduce 674
	WITH  reduce 674


state 60
	simple_expr : extension .  (347)

	.  reduce 347


state 61
	seq_expr : expr .  (204)
	seq_expr : expr . SEMI  (205)
	seq_expr : expr . SEMI seq_expr  (206)
	seq_expr : expr . SEMI PERCENT attr_id seq_expr  (207)
	expr : expr . COLONCOLON expr  (244)
	expr : expr . INFIXOP0 expr  (245)
	expr : expr . INFIXOP1 expr  (246)
	expr : expr . INFIXOP2 expr  (247)
	expr : expr . INFIXOP3 expr  (248)
	expr : expr . INFIXOP4 expr  (249)
	expr : expr . PLUS expr  (250)
	expr : expr . PLUSDOT expr  (251)
	expr : expr . PLUSEQ expr  (252)
	expr : expr . MINUS expr  (253)
	expr : expr . MINUSDOT expr  (254)
	expr : expr . STAR expr  (255)
	expr : expr . PERCENT expr  (256)
	expr : expr . EQUAL expr  (257)
	expr : expr . LESS expr  (258)
	expr : expr . GREATER expr  (259)
	expr : expr . OR expr  (260)
	expr : expr . BARBAR expr  (261)
	expr : expr . AMPERSAND expr  (262)
	expr : expr . AMPERAMPER expr  (263)
	expr : expr . COLONEQUAL expr  (264)
	expr : expr . attribute  (282)
	expr_comma_list : expr . COMMA expr  (384)

	AMPERAMPER  shift 333
	AMPERSAND  shift 334
	BARBAR  shift 335
	COLONCOLON  shift 336
	COLONEQUAL  shift 337
	COMMA  shift 338
	EQUAL  shift 339
	GREATER  shift 340
	INFIXOP0  shift 341
	INFIXOP1  shift 342
	INFIXOP2  shift 343
	INFIXOP3  shift 344
	INFIXOP4  shift 345
	LESS  shift 346
	LBRACKETAT  shift 185
	MINUS  shift 347
	MINUSDOT  shift 348
	OR  shift 349
	PERCENT  shift 350
	PLUS  shift 351
	PLUSDOT  shift 352
	PLUSEQ  shift 353
	SEMI  shift 354
	STAR  shift 355
	error  reduce 204
	AND  reduce 204
	BAR  reduce 204
	BARRBRACKET  reduce 204
	CLASS  reduce 204
	COLON  reduce 204
	COLONGREATER  reduce 204
	CONSTRAINT  reduce 204
	DO  reduce 204
	DONE  reduce 204
	DOWNTO  reduce 204
	ELSE  reduce 204
	END  reduce 204
	EOF  reduce 204
	EXCEPTION  reduce 204
	EXTERNAL  reduce 204
	GREATERRBRACE  reduce 204
	IN  reduce 204
	INCLUDE  reduce 204
	INHERIT  reduce 204
	INITIALIZER  reduce 204
	LBRACKETPERCENTPERCENT  reduce 204
	LET  reduce 204
	LBRACKETATAT  reduce 204
	LBRACKETATATAT  reduce 204
	METHOD  reduce 204
	MINUSGREATER  reduce 204
	MODULE  reduce 204
	OPEN  reduce 204
	RBRACE  reduce 204
	RBRACKET  reduce 204
	RPAREN  reduce 204
	SEMISEMI  reduce 204
	HASH  reduce 204
	THEN  reduce 204
	TO  reduce 204
	TYPE  reduce 204
	VAL  reduce 204
	WITH  reduce 204

	attribute  goto 356


state 62
	structure : structure_tail .  (47)

	.  reduce 47


state 63
	structure_item : let_bindings .  (51)
	expr : let_bindings . IN seq_expr  (227)
	let_bindings : let_bindings . and_let_binding  (366)

	AND  shift 357
	IN  shift 358
	error  reduce 51
	CLASS  reduce 51
	END  reduce 51
	EOF  reduce 51
	EXCEPTION  reduce 51
	EXTERNAL  reduce 51
	INCLUDE  reduce 51
	LBRACKETPERCENTPERCENT  reduce 51
	LET  reduce 51
	LBRACKETATATAT  reduce 51
	MODULE  reduce 51
	OPEN  reduce 51
	RBRACKET  reduce 51
	SEMISEMI  reduce 51
	HASH  reduce 51
	TYPE  reduce 51
	VAL  reduce 51

	and_let_binding  goto 359


state 64
	structure_item : primitive_declaration .  (52)

	.  reduce 52


state 65
	structure_item : value_description .  (53)

	.  reduce 53


state 66
	structure_item : type_declarations .  (54)
	type_declarations : type_declarations . and_type_declaration  (480)

	AND  shift 360
	error  reduce 54
	CLASS  reduce 54
	END  reduce 54
	EOF  reduce 54
	EXCEPTION  reduce 54
	EXTERNAL  reduce 54
	INCLUDE  reduce 54
	LBRACKETPERCENTPERCENT  reduce 54
	LET  reduce 54
	LBRACKETATATAT  reduce 54
	MODULE  reduce 54
	OPEN  reduce 54
	RBRACKET  reduce 54
	SEMISEMI  reduce 54
	HASH  reduce 54
	TYPE  reduce 54
	VAL  reduce 54

	and_type_declaration  goto 361


state 67
	structure_item : str_type_extension .  (55)

	.  reduce 55


state 68
	structure_item : str_exception_declaration .  (56)

	.  reduce 56


state 69
	structure_item : module_binding .  (57)

	.  reduce 57


state 70
	structure_item : rec_module_bindings .  (58)
	rec_module_bindings : rec_module_bindings . and_module_binding  (72)

	AND  shift 362
	error  reduce 58
	CLASS  reduce 58
	END  reduce 58
	EOF  reduce 58
	EXCEPTION  reduce 58
	EXTERNAL  reduce 58
	INCLUDE  reduce 58
	LBRACKETPERCENTPERCENT  reduce 58
	LET  reduce 58
	LBRACKETATATAT  reduce 58
	MODULE  reduce 58
	OPEN  reduce 58
	RBRACKET  reduce 58
	SEMISEMI  reduce 58
	HASH  reduce 58
	TYPE  reduce 58
	VAL  reduce 58

	and_module_binding  goto 363


state 71
	structure_item : module_type_declaration .  (59)

	.  reduce 59


state 72
	structure_item : open_statement .  (60)

	.  reduce 60


state 73
	structure_item : class_declarations .  (61)
	class_declarations : class_declarations . and_class_declaration  (119)

	AND  shift 364
	error  reduce 61
	CLASS  reduce 61
	END  reduce 61
	EOF  reduce 61
	EXCEPTION  reduce 61
	EXTERNAL  reduce 61
	INCLUDE  reduce 61
	LBRACKETPERCENTPERCENT  reduce 61
	LET  reduce 61
	LBRACKETATATAT  reduce 61
	MODULE  reduce 61
	OPEN  reduce 61
	RBRACKET  reduce 61
	SEMISEMI  reduce 61
	HASH  reduce 61
	TYPE  reduce 61
	VAL  reduce 61

	and_class_declaration  goto 365


state 74
	structure_item : class_type_declarations .  (62)
	class_type_declarations : class_type_declarations . and_class_type_declaration  (201)

	AND  shift 366
	error  reduce 62
	CLASS  reduce 62
	END  reduce 62
	EOF  reduce 62
	EXCEPTION  reduce 62
	EXTERNAL  reduce 62
	INCLUDE  reduce 62
	LBRACKETPERCENTPERCENT  reduce 62
	LET  reduce 62
	LBRACKETATATAT  reduce 62
	MODULE  reduce 62
	OPEN  reduce 62
	RBRACKET  reduce 62
	SEMISEMI  reduce 62
	HASH  reduce 62
	TYPE  reduce 62
	VAL  reduce 62

	and_class_type_declaration  goto 367


state 75
	structure_item : str_include_statement .  (63)

	.  reduce 63


state 76
	structure_item : item_extension . post_item_attributes  (64)
	post_item_attributes : .  (787)

	LBRACKETATAT  shift 326
	error  reduce 787
	CLASS  reduce 787
	END  reduce 787
	EOF  reduce 787
	EXCEPTION  reduce 787
	EXTERNAL  reduce 787
	INCLUDE  reduce 787
	LBRACKETPERCENTPERCENT  reduce 787
	LET  reduce 787
	LBRACKETATATAT  reduce 787
	MODULE  reduce 787
	OPEN  reduce 787
	RBRACKET  reduce 787
	SEMISEMI  reduce 787
	HASH  reduce 787
	TYPE  reduce 787
	VAL  reduce 787

	post_item_attributes  goto 368
	post_item_attribute  goto 328


state 77
	structure_item : floating_attribute .  (65)

	.  reduce 65


state 78
	rec_module_bindings : rec_module_binding .  (71)

	.  reduce 71


state 79
	str_exception_declaration : sig_exception_declaration .  (517)

	.  reduce 517


state 80
	class_declarations : class_declaration .  (118)

	.  reduce 118


state 81
	expr : label . LESSMINUS expr  (277)

	LESSMINUS  shift 369
	.  error


state 82
	class_type_declarations : class_type_declaration .  (200)

	.  reduce 200


state 83
	expr : simple_expr .  (225)
	expr : simple_expr . simple_labeled_expr_list  (226)
	expr : simple_expr . DOT label_longident LESSMINUS expr  (267)
	expr : simple_expr . DOT LPAREN seq_expr RPAREN LESSMINUS expr  (268)
	expr : simple_expr . DOT LBRACKET seq_expr RBRACKET LESSMINUS expr  (269)
	expr : simple_expr . DOT LBRACE expr RBRACE LESSMINUS expr  (270)
	expr : simple_expr . DOTOP LBRACKET expr RBRACKET LESSMINUS expr  (271)
	expr : simple_expr . DOTOP LPAREN expr RPAREN LESSMINUS expr  (272)
	expr : simple_expr . DOTOP LBRACE expr RBRACE LESSMINUS expr  (273)
	expr : simple_expr . DOT mod_longident DOTOP LBRACKET expr RBRACKET LESSMINUS expr  (274)
	expr : simple_expr . DOT mod_longident DOTOP LPAREN expr RPAREN LESSMINUS expr  (275)
	expr : simple_expr . DOT mod_longident DOTOP LBRACE expr RBRACE LESSMINUS expr  (276)
	simple_expr : simple_expr . DOT label_longident  (294)
	simple_expr : simple_expr . DOT LPAREN seq_expr RPAREN  (298)
	simple_expr : simple_expr . DOT LPAREN seq_expr error  (299)
	simple_expr : simple_expr . DOT LBRACKET seq_expr RBRACKET  (300)
	simple_expr : simple_expr . DOT LBRACKET seq_expr error  (301)
	simple_expr : simple_expr . DOTOP LBRACKET expr RBRACKET  (302)
	simple_expr : simple_expr . DOTOP LBRACKET expr error  (303)
	simple_expr : simple_expr . DOTOP LPAREN expr RPAREN  (304)
	simple_expr : simple_expr . DOTOP LPAREN expr error  (305)
	simple_expr : simple_expr . DOTOP LBRACE expr RBRACE  (306)
	simple_expr : simple_expr . DOTOP LBRACE expr error  (307)
	simple_expr : simple_expr . DOT mod_longident DOTOP LBRACKET expr RBRACKET  (308)
	simple_expr : simple_expr . DOT mod_longident DOTOP LBRACKET expr error  (309)
	simple_expr : simple_expr . DOT mod_longident DOTOP LPAREN expr RPAREN  (310)
	simple_expr : simple_expr . DOT mod_longident DOTOP LPAREN expr error  (311)
	simple_expr : simple_expr . DOT mod_longident DOTOP LBRACE expr RBRACE  (312)
	simple_expr : simple_expr . DOT mod_longident DOTOP LBRACE expr error  (313)
	simple_expr : simple_expr . DOT LBRACE expr RBRACE  (314)
	simple_expr : simple_expr . DOT LBRACE expr_comma_list error  (315)
	simple_expr : simple_expr . HASH label  (340)
	simple_expr : simple_expr . HASHOP simple_expr  (341)

	BACKQUOTE  shift 10
	BANG  shift 11
	BEGIN  shift 12
	CHAR  shift 13
	DOT  shift 370
	FALSE  shift 17
	FLOAT  shift 18
	DOTOP  shift 371
	INT  shift 24
	LABEL  shift 372
	LBRACE  shift 26
	LBRACELESS  shift 27
	LBRACKET  shift 28
	LBRACKETBAR  shift 29
	LBRACKETPERCENT  shift 30
	LIDENT  shift 165
	LPAREN  shift 34
	NEW  shift 40
	OPTLABEL  shift 373
	PREFIXOP  shift 45
	QUESTION  shift 374
	HASH  shift 375
	HASHOP  shift 376
	STRING  shift 47
	TILDE  shift 377
	TRUE  shift 48
	UIDENT  shift 51
	error  reduce 225
	AMPERAMPER  reduce 225
	AMPERSAND  reduce 225
	AND  reduce 225
	BAR  reduce 225
	BARBAR  reduce 225
	BARRBRACKET  reduce 225
	CLASS  reduce 225
	COLON  reduce 225
	COLONCOLON  reduce 225
	COLONEQUAL  reduce 225
	COLONGREATER  reduce 225
	COMMA  reduce 225
	CONSTRAINT  reduce 225
	DO  reduce 225
	DONE  reduce 225
	DOWNTO  reduce 225
	ELSE  reduce 225
	END  reduce 225
	EOF  reduce 225
	EQUAL  reduce 225
	EXCEPTION  reduce 225
	EXTERNAL  reduce 225
	GREATER  reduce 225
	GREATERRBRACE  reduce 225
	IN  reduce 225
	INCLUDE  reduce 225
	INFIXOP0  reduce 225
	INFIXOP1  reduce 225
	INFIXOP2  reduce 225
	INFIXOP3  reduce 225
	INFIXOP4  reduce 225
	INHERIT  reduce 225
	INITIALIZER  reduce 225
	LBRACKETPERCENTPERCENT  reduce 225
	LESS  reduce 225
	LET  reduce 225
	LBRACKETAT  reduce 225
	LBRACKETATAT  reduce 225
	LBRACKETATATAT  reduce 225
	METHOD  reduce 225
	MINUS  reduce 225
	MINUSDOT  reduce 225
	MINUSGREATER  reduce 225
	MODULE  reduce 225
	OPEN  reduce 225
	OR  reduce 225
	PERCENT  reduce 225
	PLUS  reduce 225
	PLUSDOT  reduce 225
	PLUSEQ  reduce 225
	RBRACE  reduce 225
	RBRACKET  reduce 225
	RPAREN  reduce 225
	SEMI  reduce 225
	SEMISEMI  reduce 225
	STAR  reduce 225
	THEN  reduce 225
	TO  reduce 225
	TYPE  reduce 225
	VAL  reduce 225
	WITH  reduce 225

	mod_longident  goto 59
	extension  goto 60
	simple_labeled_expr_list  goto 378
	simple_expr  goto 379
	constr_longident  goto 193
	name_tag  goto 194
	val_longident  goto 89
	constant  goto 90
	labeled_simple_expr  goto 380
	label_expr  goto 381
	val_ident  goto 91


state 84
	expr : expr_comma_list .  (237)
	expr_comma_list : expr_comma_list . COMMA expr  (383)

	COMMA  shift 382
	error  reduce 237
	AMPERAMPER  reduce 237
	AMPERSAND  reduce 237
	AND  reduce 237
	BAR  reduce 237
	BARBAR  reduce 237
	BARRBRACKET  reduce 237
	CLASS  reduce 237
	COLON  reduce 237
	COLONCOLON  reduce 237
	COLONEQUAL  reduce 237
	COLONGREATER  reduce 237
	CONSTRAINT  reduce 237
	DO  reduce 237
	DONE  reduce 237
	DOWNTO  reduce 237
	ELSE  reduce 237
	END  reduce 237
	EOF  reduce 237
	EQUAL  reduce 237
	EXCEPTION  reduce 237
	EXTERNAL  reduce 237
	GREATER  reduce 237
	GREATERRBRACE  reduce 237
	IN  reduce 237
	INCLUDE  reduce 237
	INFIXOP0  reduce 237
	INFIXOP1  reduce 237
	INFIXOP2  reduce 237
	INFIXOP3  reduce 237
	INFIXOP4  reduce 237
	INHERIT  reduce 237
	INITIALIZER  reduce 237
	LBRACKETPERCENTPERCENT  reduce 237
	LESS  reduce 237
	LET  reduce 237
	LBRACKETAT  reduce 237
	LBRACKETATAT  reduce 237
	LBRACKETATATAT  reduce 237
	METHOD  reduce 237
	MINUS  reduce 237
	MINUSDOT  reduce 237
	MINUSGREATER  reduce 237
	MODULE  reduce 237
	OPEN  reduce 237
	OR  reduce 237
	PERCENT  reduce 237
	PLUS  reduce 237
	PLUSDOT  reduce 237
	PLUSEQ  reduce 237
	RBRACE  reduce 237
	RBRACKET  reduce 237
	RPAREN  reduce 237
	SEMI  reduce 237
	SEMISEMI  reduce 237
	HASH  reduce 237
	STAR  reduce 237
	THEN  reduce 237
	TO  reduce 237
	TYPE  reduce 237
	VAL  reduce 237
	WITH  reduce 237


state 85
	expr : constr_longident . simple_expr  (238)
	simple_expr : constr_longident .  (286)

	BACKQUOTE  shift 10
	BANG  shift 11
	BEGIN  shift 12
	CHAR  shift 13
	FALSE  shift 17
	FLOAT  shift 18
	INT  shift 24
	LBRACE  shift 26
	LBRACELESS  shift 27
	LBRACKET  shift 28
	LBRACKETBAR  shift 29
	LBRACKETPERCENT  shift 30
	LIDENT  shift 165
	LPAREN  shift 34
	NEW  shift 40
	PREFIXOP  shift 45
	STRING  shift 47
	TRUE  shift 48
	UIDENT  shift 51
	error  reduce 286
	AMPERAMPER  reduce 286
	AMPERSAND  reduce 286
	AND  reduce 286
	BAR  reduce 286
	BARBAR  reduce 286
	BARRBRACKET  reduce 286
	CLASS  reduce 286
	COLON  reduce 286
	COLONCOLON  reduce 286
	COLONEQUAL  reduce 286
	COLONGREATER  reduce 286
	COMMA  reduce 286
	CONSTRAINT  reduce 286
	DO  reduce 286
	DONE  reduce 286
	DOT  reduce 286
	DOWNTO  reduce 286
	ELSE  reduce 286
	END  reduce 286
	EOF  reduce 286
	EQUAL  reduce 286
	EXCEPTION  reduce 286
	EXTERNAL  reduce 286
	GREATER  reduce 286
	GREATERRBRACE  reduce 286
	IN  reduce 286
	INCLUDE  reduce 286
	INFIXOP0  reduce 286
	INFIXOP1  reduce 286
	INFIXOP2  reduce 286
	INFIXOP3  reduce 286
	INFIXOP4  reduce 286
	DOTOP  reduce 286
	INHERIT  reduce 286
	INITIALIZER  reduce 286
	LABEL  reduce 286
	LBRACKETPERCENTPERCENT  reduce 286
	LESS  reduce 286
	LET  reduce 286
	LBRACKETAT  reduce 286
	LBRACKETATAT  reduce 286
	LBRACKETATATAT  reduce 286
	METHOD  reduce 286
	MINUS  reduce 286
	MINUSDOT  reduce 286
	MINUSGREATER  reduce 286
	MODULE  reduce 286
	OPEN  reduce 286
	OPTLABEL  reduce 286
	OR  reduce 286
	PERCENT  reduce 286
	PLUS  reduce 286
	PLUSDOT  reduce 286
	PLUSEQ  reduce 286
	QUESTION  reduce 286
	RBRACE  reduce 286
	RBRACKET  reduce 286
	RPAREN  reduce 286
	SEMI  reduce 286
	SEMISEMI  reduce 286
	HASH  reduce 286
	HASHOP  reduce 286
	STAR  reduce 286
	THEN  reduce 286
	TILDE  reduce 286
	TO  reduce 286
	TYPE  reduce 286
	VAL  reduce 286
	WITH  reduce 286

	mod_longident  goto 59
	extension  goto 60
	simple_expr  goto 383
	constr_longident  goto 193
	name_tag  goto 194
	val_longident  goto 89
	constant  goto 90
	val_ident  goto 91


state 86
	expr : name_tag . simple_expr  (239)
	simple_expr : name_tag .  (287)

	BACKQUOTE  shift 10
	BANG  shift 11
	BEGIN  shift 12
	CHAR  shift 13
	FALSE  shift 17
	FLOAT  shift 18
	INT  shift 24
	LBRACE  shift 26
	LBRACELESS  shift 27
	LBRACKET  shift 28
	LBRACKETBAR  shift 29
	LBRACKETPERCENT  shift 30
	LIDENT  shift 165
	LPAREN  shift 34
	NEW  shift 40
	PREFIXOP  shift 45
	STRING  shift 47
	TRUE  shift 48
	UIDENT  shift 51
	error  reduce 287
	AMPERAMPER  reduce 287
	AMPERSAND  reduce 287
	AND  reduce 287
	BAR  reduce 287
	BARBAR  reduce 287
	BARRBRACKET  reduce 287
	CLASS  reduce 287
	COLON  reduce 287
	COLONCOLON  reduce 287
	COLONEQUAL  reduce 287
	COLONGREATER  reduce 287
	COMMA  reduce 287
	CONSTRAINT  reduce 287
	DO  reduce 287
	DONE  reduce 287
	DOT  reduce 287
	DOWNTO  reduce 287
	ELSE  reduce 287
	END  reduce 287
	EOF  reduce 287
	EQUAL  reduce 287
	EXCEPTION  reduce 287
	EXTERNAL  reduce 287
	GREATER  reduce 287
	GREATERRBRACE  reduce 287
	IN  reduce 287
	INCLUDE  reduce 287
	INFIXOP0  reduce 287
	INFIXOP1  reduce 287
	INFIXOP2  reduce 287
	INFIXOP3  reduce 287
	INFIXOP4  reduce 287
	DOTOP  reduce 287
	INHERIT  reduce 287
	INITIALIZER  reduce 287
	LABEL  reduce 287
	LBRACKETPERCENTPERCENT  reduce 287
	LESS  reduce 287
	LET  reduce 287
	LBRACKETAT  reduce 287
	LBRACKETATAT  reduce 287
	LBRACKETATATAT  reduce 287
	METHOD  reduce 287
	MINUS  reduce 287
	MINUSDOT  reduce 287
	MINUSGREATER  reduce 287
	MODULE  reduce 287
	OPEN  reduce 287
	OPTLABEL  reduce 287
	OR  reduce 287
	PERCENT  reduce 287
	PLUS  reduce 287
	PLUSDOT  reduce 287
	PLUSEQ  reduce 287
	QUESTION  reduce 287
	RBRACE  reduce 287
	RBRACKET  reduce 287
	RPAREN  reduce 287
	SEMI  reduce 287
	SEMISEMI  reduce 287
	HASH  reduce 287
	HASHOP  reduce 287
	STAR  reduce 287
	THEN  reduce 287
	TILDE  reduce 287
	TO  reduce 287
	TYPE  reduce 287
	VAL  reduce 287
	WITH  reduce 287

	mod_longident  goto 59
	extension  goto 60
	simple_expr  goto 384
	constr_longident  goto 193
	name_tag  goto 194
	val_longident  goto 89
	constant  goto 90
	val_ident  goto 91


state 87
	expr : subtractive . expr  (265)

	ASSERT  shift 9
	BACKQUOTE  shift 10
	BANG  shift 11
	BEGIN  shift 12
	CHAR  shift 13
	FALSE  shift 17
	FLOAT  shift 18
	FOR  shift 19
	FUN  shift 20
	FUNCTION  shift 21
	IF  shift 22
	INT  shift 24
	LAZY  shift 25
	LBRACE  shift 26
	LBRACELESS  shift 27
	LBRACKET  shift 28
	LBRACKETBAR  shift 29
	LBRACKETPERCENT  shift 30
	LET  shift 32
	LIDENT  shift 33
	LPAREN  shift 34
	MATCH  shift 36
	MINUS  shift 37
	MINUSDOT  shift 38
	NEW  shift 40
	OBJECT  shift 41
	PLUS  shift 43
	PLUSDOT  shift 44
	PREFIXOP  shift 45
	STRING  shift 47
	TRUE  shift 48
	TRY  shift 49
	UIDENT  shift 51
	UNDERSCORE  shift 52
	WHILE  shift 54
	.  error

	mod_longident  goto 59
	extension  goto 60
	expr  goto 385
	let_bindings  goto 159
	label  goto 81
	simple_expr  goto 83
	expr_comma_list  goto 84
	constr_longident  goto 85
	name_tag  goto 86
	subtractive  goto 87
	additive  goto 88
	val_longident  goto 89
	constant  goto 90
	val_ident  goto 91
	let_binding  goto 92


state 88
	expr : additive . expr  (266)

	ASSERT  shift 9
	BACKQUOTE  shift 10
	BANG  shift 11
	BEGIN  shift 12
	CHAR  shift 13
	FALSE  shift 17
	FLOAT  shift 18
	FOR  shift 19
	FUN  shift 20
	FUNCTION  shift 21
	IF  shift 22
	INT  shift 24
	LAZY  shift 25
	LBRACE  shift 26
	LBRACELESS  shift 27
	LBRACKET  shift 28
	LBRACKETBAR  shift 29
	LBRACKETPERCENT  shift 30
	LET  shift 32
	LIDENT  shift 33
	LPAREN  shift 34
	MATCH  shift 36
	MINUS  shift 37
	MINUSDOT  shift 38
	NEW  shift 40
	OBJECT  shift 41
	PLUS  shift 43
	PLUSDOT  shift 44
	PREFIXOP  shift 45
	STRING  shift 47
	TRUE  shift 48
	TRY  shift 49
	UIDENT  shift 51
	UNDERSCORE  shift 52
	WHILE  shift 54
	.  error

	mod_longident  goto 59
	extension  goto 60
	expr  goto 386
	let_bindings  goto 159
	label  goto 81
	simple_expr  goto 83
	expr_comma_list  goto 84
	constr_longident  goto 85
	name_tag  goto 86
	subtractive  goto 87
	additive  goto 88
	val_longident  goto 89
	constant  goto 90
	val_ident  goto 91
	let_binding  goto 92


state 89
	simple_expr : val_longident .  (284)

	.  reduce 284


state 90
	simple_expr : constant .  (285)

	.  reduce 285


state 91
	val_longident : val_ident .  (672)

	.  reduce 672


state 92
	let_bindings : let_binding .  (365)

	.  reduce 365


state 93
	type_declarations : type_declaration .  (479)

	.  reduce 479


state 94
	class_description : CLASS . ext_attributes virtual_flag class_type_parameters LIDENT COLON class_type post_item_attributes  (198)
	class_type_declaration : CLASS . TYPE ext_attributes virtual_flag class_type_parameters LIDENT EQUAL class_signature post_item_attributes  (202)
	ext_attributes : .  (791)

	LBRACKETAT  shift 185
	PERCENT  shift 186
	TYPE  shift 196
	LBRACKET  reduce 791
	LIDENT  reduce 791
	VIRTUAL  reduce 791

	attribute  goto 187
	ext_attributes  goto 387


state 95
	sig_exception_declaration : EXCEPTION . ext_attributes constr_ident generalized_constructor_arguments attributes post_item_attributes  (519)
	ext_attributes : .  (791)

	LBRACKETAT  shift 185
	PERCENT  shift 186
	FALSE  reduce 791
	LBRACKET  reduce 791
	LPAREN  reduce 791
	TRUE  reduce 791
	UIDENT  reduce 791

	attribute  goto 187
	ext_attributes  goto 388


state 96
	sig_include_statement : INCLUDE . ext_attributes module_type post_item_attributes  (105)
	ext_attributes : .  (791)

	LBRACKETAT  shift 185
	PERCENT  shift 186
	FUNCTOR  reduce 791
	LBRACKETPERCENT  reduce 791
	LIDENT  reduce 791
	LPAREN  reduce 791
	MODULE  reduce 791
	SIG  reduce 791
	UIDENT  reduce 791

	attribute  goto 187
	ext_attributes  goto 389


state 97
	module_declaration : MODULE . ext_attributes UIDENT module_declaration_body post_item_attributes  (109)
	module_alias : MODULE . ext_attributes UIDENT EQUAL mod_longident post_item_attributes  (110)
	rec_module_declaration : MODULE . ext_attributes REC UIDENT COLON module_type post_item_attributes  (113)
	module_type_declaration : MODULE . TYPE ext_attributes ident module_type_declaration_body post_item_attributes  (117)
	ext_attributes : .  (791)

	LBRACKETAT  shift 185
	PERCENT  shift 186
	TYPE  shift 313
	REC  reduce 791
	UIDENT  reduce 791

	attribute  goto 187
	ext_attributes  goto 390


state 98
	signature : SEMISEMI . signature  (87)
	signature : .  (86)

	CLASS  shift 94
	EXCEPTION  shift 95
	EXTERNAL  shift 16
	INCLUDE  shift 96
	LBRACKETPERCENTPERCENT  shift 31
	LBRACKETATATAT  shift 35
	MODULE  shift 97
	OPEN  shift 42
	SEMISEMI  shift 98
	TYPE  shift 99
	VAL  shift 53
	error  reduce 86
	END  reduce 86
	EOF  reduce 86
	RBRACKET  reduce 86

	signature  goto 391
	primitive_declaration  goto 102
	value_description  goto 103
	type_declarations  goto 104
	module_type_declaration  goto 105
	open_statement  goto 106
	class_type_declarations  goto 107
	item_extension  goto 108
	floating_attribute  goto 109
	signature_item  goto 110
	sig_type_extension  goto 111
	sig_exception_declaration  goto 112
	module_declaration  goto 113
	module_alias  goto 114
	rec_module_declarations  goto 115
	sig_include_statement  goto 116
	class_descriptions  goto 117
	rec_module_declaration  goto 118
	class_description  goto 119
	class_type_declaration  goto 82
	type_declaration  goto 93


state 99
	type_declaration : TYPE . ext_attributes nonrec_flag optional_type_parameters LIDENT type_kind constraints post_item_attributes  (481)
	sig_type_extension : TYPE . ext_attributes nonrec_flag optional_type_parameters type_longident PLUSEQ private_flag sig_extension_constructors post_item_attributes  (533)
	ext_attributes : .  (791)

	LBRACKETAT  shift 185
	PERCENT  shift 186
	LIDENT  reduce 791
	LPAREN  reduce 791
	MINUS  reduce 791
	NONREC  reduce 791
	PLUS  reduce 791
	QUOTE  reduce 791
	UIDENT  reduce 791
	UNDERSCORE  reduce 791

	attribute  goto 187
	ext_attributes  goto 392


state 100
	%entry% : '\002' interface .  (802)

	.  reduce 802


state 101
	interface : signature . EOF  (2)

	EOF  shift 393
	.  error


state 102
	signature_item : primitive_declaration .  (90)

	.  reduce 90


state 103
	signature_item : value_description .  (89)

	.  reduce 89


state 104
	signature_item : type_declarations .  (91)
	type_declarations : type_declarations . and_type_declaration  (480)

	AND  shift 360
	error  reduce 91
	CLASS  reduce 91
	END  reduce 91
	EOF  reduce 91
	EXCEPTION  reduce 91
	EXTERNAL  reduce 91
	INCLUDE  reduce 91
	LBRACKETPERCENTPERCENT  reduce 91
	LBRACKETATATAT  reduce 91
	MODULE  reduce 91
	OPEN  reduce 91
	RBRACKET  reduce 91
	SEMISEMI  reduce 91
	TYPE  reduce 91
	VAL  reduce 91

	and_type_declaration  goto 361


state 105
	signature_item : module_type_declaration .  (97)

	.  reduce 97


state 106
	signature_item : open_statement .  (98)

	.  reduce 98


state 107
	signature_item : class_type_declarations .  (101)
	class_type_declarations : class_type_declarations . and_class_type_declaration  (201)

	AND  shift 366
	error  reduce 101
	CLASS  reduce 101
	END  reduce 101
	EOF  reduce 101
	EXCEPTION  reduce 101
	EXTERNAL  reduce 101
	INCLUDE  reduce 101
	LBRACKETPERCENTPERCENT  reduce 101
	LBRACKETATATAT  reduce 101
	MODULE  reduce 101
	OPEN  reduce 101
	RBRACKET  reduce 101
	SEMISEMI  reduce 101
	TYPE  reduce 101
	VAL  reduce 101

	and_class_type_declaration  goto 367


state 108
	signature_item : item_extension . post_item_attributes  (102)
	post_item_attributes : .  (787)

	LBRACKETATAT  shift 326
	error  reduce 787
	CLASS  reduce 787
	END  reduce 787
	EOF  reduce 787
	EXCEPTION  reduce 787
	EXTERNAL  reduce 787
	INCLUDE  reduce 787
	LBRACKETPERCENTPERCENT  reduce 787
	LBRACKETATATAT  reduce 787
	MODULE  reduce 787
	OPEN  reduce 787
	RBRACKET  reduce 787
	SEMISEMI  reduce 787
	TYPE  reduce 787
	VAL  reduce 787

	post_item_attributes  goto 394
	post_item_attribute  goto 328


state 109
	signature_item : floating_attribute .  (103)

	.  reduce 103


state 110
	signature : signature_item . signature  (88)
	signature : .  (86)

	CLASS  shift 94
	EXCEPTION  shift 95
	EXTERNAL  shift 16
	INCLUDE  shift 96
	LBRACKETPERCENTPERCENT  shift 31
	LBRACKETATATAT  shift 35
	MODULE  shift 97
	OPEN  shift 42
	SEMISEMI  shift 98
	TYPE  shift 99
	VAL  shift 53
	error  reduce 86
	END  reduce 86
	EOF  reduce 86
	RBRACKET  reduce 86

	signature  goto 395
	primitive_declaration  goto 102
	value_description  goto 103
	type_declarations  goto 104
	module_type_declaration  goto 105
	open_statement  goto 106
	class_type_declarations  goto 107
	item_extension  goto 108
	floating_attribute  goto 109
	signature_item  goto 110
	sig_type_extension  goto 111
	sig_exception_declaration  goto 112
	module_declaration  goto 113
	module_alias  goto 114
	rec_module_declarations  goto 115
	sig_include_statement  goto 116
	class_descriptions  goto 117
	rec_module_declaration  goto 118
	class_description  goto 119
	class_type_declaration  goto 82
	type_declaration  goto 93


state 111
	signature_item : sig_type_extension .  (92)

	.  reduce 92


state 112
	signature_item : sig_exception_declaration .  (93)

	.  reduce 93


state 113
	signature_item : module_declaration .  (94)

	.  reduce 94


state 114
	signature_item : module_alias .  (95)

	.  reduce 95


state 115
	signature_item : rec_module_declarations .  (96)
	rec_module_declarations : rec_module_declarations . and_module_declaration  (112)

	AND  shift 396
	error  reduce 96
	CLASS  reduce 96
	END  reduce 96
	EOF  reduce 96
	EXCEPTION  reduce 96
	EXTERNAL  reduce 96
	INCLUDE  reduce 96
	LBRACKETPERCENTPERCENT  reduce 96
	LBRACKETATATAT  reduce 96
	MODULE  reduce 96
	OPEN  reduce 96
	RBRACKET  reduce 96
	SEMISEMI  reduce 96
	TYPE  reduce 96
	VAL  reduce 96

	and_module_declaration  goto 397


state 116
	signature_item : sig_include_statement .  (99)

	.  reduce 99


state 117
	signature_item : class_descriptions .  (100)
	class_descriptions : class_descriptions . and_class_description  (197)

	AND  shift 398
	error  reduce 100
	CLASS  reduce 100
	END  reduce 100
	EOF  reduce 100
	EXCEPTION  reduce 100
	EXTERNAL  reduce 100
	INCLUDE  reduce 100
	LBRACKETPERCENTPERCENT  reduce 100
	LBRACKETATATAT  reduce 100
	MODULE  reduce 100
	OPEN  reduce 100
	RBRACKET  reduce 100
	SEMISEMI  reduce 100
	TYPE  reduce 100
	VAL  reduce 100

	and_class_description  goto 399


state 118
	rec_module_declarations : rec_module_declaration .  (111)

	.  reduce 111


state 119
	class_descriptions : class_description .  (196)

	.  reduce 196


state 120
	toplevel_phrase : EOF .  (5)

	.  reduce 5


state 121
	toplevel_directive : HASH . ident  (696)
	toplevel_directive : HASH . ident STRING  (697)
	toplevel_directive : HASH . ident INT  (698)
	toplevel_directive : HASH . ident val_longident  (699)
	toplevel_directive : HASH . ident mod_longident  (700)
	toplevel_directive : HASH . ident FALSE  (701)
	toplevel_directive : HASH . ident TRUE  (702)

	LIDENT  shift 189
	UIDENT  shift 190
	.  error

	ident  goto 400


state 122
	%entry% : '\003' toplevel_phrase .  (803)

	.  reduce 803


state 123
	toplevel_phrase : top_structure . SEMISEMI  (3)

	SEMISEMI  shift 401
	.  error


state 124
	toplevel_phrase : toplevel_directive . SEMISEMI  (4)

	SEMISEMI  shift 402
	.  error


state 125
	top_structure : seq_expr . post_item_attributes  (6)
	post_item_attributes : .  (787)

	LBRACKETATAT  shift 326
	SEMISEMI  reduce 787

	post_item_attributes  goto 403
	post_item_attribute  goto 328


state 126
	top_structure : top_structure_tail .  (7)

	.  reduce 7


state 127
	top_structure_tail : structure_item . top_structure_tail  (9)
	top_structure_tail : .  (8)

	CLASS  shift 14
	EXCEPTION  shift 15
	EXTERNAL  shift 16
	INCLUDE  shift 23
	LBRACKETPERCENTPERCENT  shift 31
	LET  shift 329
	LBRACKETATATAT  shift 35
	MODULE  shift 39
	OPEN  shift 42
	TYPE  shift 50
	VAL  shift 53
	SEMISEMI  reduce 8

	top_structure_tail  goto 404
	structure_item  goto 127
	let_bindings  goto 331
	primitive_declaration  goto 64
	value_description  goto 65
	type_declarations  goto 66
	str_type_extension  goto 67
	str_exception_declaration  goto 68
	module_binding  goto 69
	rec_module_bindings  goto 70
	module_type_declaration  goto 71
	open_statement  goto 72
	class_declarations  goto 73
	class_type_declarations  goto 74
	str_include_statement  goto 75
	item_extension  goto 76
	floating_attribute  goto 77
	rec_module_binding  goto 78
	sig_exception_declaration  goto 79
	class_declaration  goto 80
	class_type_declaration  goto 82
	let_binding  goto 92
	type_declaration  goto 93


state 128
	use_file_tail : SEMISEMI . use_file_body  (14)
	use_file_tail : .  (13)

	ASSERT  shift 9
	BACKQUOTE  shift 10
	BANG  shift 11
	BEGIN  shift 12
	CHAR  shift 13
	CLASS  shift 14
	EXCEPTION  shift 15
	EXTERNAL  shift 16
	FALSE  shift 17
	FLOAT  shift 18
	FOR  shift 19
	FUN  shift 20
	FUNCTION  shift 21
	IF  shift 22
	INCLUDE  shift 23
	INT  shift 24
	LAZY  shift 25
	LBRACE  shift 26
	LBRACELESS  shift 27
	LBRACKET  shift 28
	LBRACKETBAR  shift 29
	LBRACKETPERCENT  shift 30
	LBRACKETPERCENTPERCENT  shift 31
	LET  shift 32
	LIDENT  shift 33
	LPAREN  shift 34
	LBRACKETATATAT  shift 35
	MATCH  shift 36
	MINUS  shift 37
	MINUSDOT  shift 38
	MODULE  shift 39
	NEW  shift 40
	OBJECT  shift 41
	OPEN  shift 42
	PLUS  shift 43
	PLUSDOT  shift 44
	PREFIXOP  shift 45
	SEMISEMI  shift 128
	HASH  shift 121
	STRING  shift 47
	TRUE  shift 48
	TRY  shift 49
	TYPE  shift 50
	UIDENT  shift 51
	UNDERSCORE  shift 52
	VAL  shift 53
	WHILE  shift 54
	EOF  reduce 13

	toplevel_directive  goto 130
	seq_expr  goto 131
	structure_item  goto 132
	use_file_body  goto 405
	use_file_tail  goto 134
	mod_longident  goto 59
	extension  goto 60
	expr  goto 61
	let_bindings  goto 63
	primitive_declaration  goto 64
	value_description  goto 65
	type_declarations  goto 66
	str_type_extension  goto 67
	str_exception_declaration  goto 68
	module_binding  goto 69
	rec_module_bindings  goto 70
	module_type_declaration  goto 71
	open_statement  goto 72
	class_declarations  goto 73
	class_type_declarations  goto 74
	str_include_statement  goto 75
	item_extension  goto 76
	floating_attribute  goto 77
	rec_module_binding  goto 78
	sig_exception_declaration  goto 79
	class_declaration  goto 80
	label  goto 81
	class_type_declaration  goto 82
	simple_expr  goto 83
	expr_comma_list  goto 84
	constr_longident  goto 85
	name_tag  goto 86
	subtractive  goto 87
	additive  goto 88
	val_longident  goto 89
	constant  goto 90
	val_ident  goto 91
	let_binding  goto 92
	type_declaration  goto 93


state 129
	%entry% : '\004' use_file .  (804)

	.  reduce 804


state 130
	use_file_tail : toplevel_directive . use_file_tail  (16)
	use_file_tail : .  (13)

	CLASS  shift 14
	EXCEPTION  shift 15
	EXTERNAL  shift 16
	INCLUDE  shift 23
	LBRACKETPERCENTPERCENT  shift 31
	LET  shift 329
	LBRACKETATATAT  shift 35
	MODULE  shift 39
	OPEN  shift 42
	SEMISEMI  shift 128
	HASH  shift 121
	TYPE  shift 50
	VAL  shift 53
	EOF  reduce 13

	toplevel_directive  goto 130
	structure_item  goto 132
	use_file_tail  goto 406
	let_bindings  goto 331
	primitive_declaration  goto 64
	value_description  goto 65
	type_declarations  goto 66
	str_type_extension  goto 67
	str_exception_declaration  goto 68
	module_binding  goto 69
	rec_module_bindings  goto 70
	module_type_declaration  goto 71
	open_statement  goto 72
	class_declarations  goto 73
	class_type_declarations  goto 74
	str_include_statement  goto 75
	item_extension  goto 76
	floating_attribute  goto 77
	rec_module_binding  goto 78
	sig_exception_declaration  goto 79
	class_declaration  goto 80
	class_type_declaration  goto 82
	let_binding  goto 92
	type_declaration  goto 93


state 131
	use_file_body : seq_expr . post_item_attributes use_file_tail  (12)
	post_item_attributes : .  (787)

	LBRACKETATAT  shift 326
	CLASS  reduce 787
	EOF  reduce 787
	EXCEPTION  reduce 787
	EXTERNAL  reduce 787
	INCLUDE  reduce 787
	LBRACKETPERCENTPERCENT  reduce 787
	LET  reduce 787
	LBRACKETATATAT  reduce 787
	MODULE  reduce 787
	OPEN  reduce 787
	SEMISEMI  reduce 787
	HASH  reduce 787
	TYPE  reduce 787
	VAL  reduce 787

	post_item_attributes  goto 407
	post_item_attribute  goto 328


state 132
	use_file_tail : structure_item . use_file_tail  (15)
	use_file_tail : .  (13)

	CLASS  shift 14
	EXCEPTION  shift 15
	EXTERNAL  shift 16
	INCLUDE  shift 23
	LBRACKETPERCENTPERCENT  shift 31
	LET  shift 329
	LBRACKETATATAT  shift 35
	MODULE  shift 39
	OPEN  shift 42
	SEMISEMI  shift 128
	HASH  shift 121
	TYPE  shift 50
	VAL  shift 53
	EOF  reduce 13

	toplevel_directive  goto 130
	structure_item  goto 132
	use_file_tail  goto 408
	let_bindings  goto 331
	primitive_declaration  goto 64
	value_description  goto 65
	type_declarations  goto 66
	str_type_extension  goto 67
	str_exception_declaration  goto 68
	module_binding  goto 69
	rec_module_bindings  goto 70
	module_type_declaration  goto 71
	open_statement  goto 72
	class_declarations  goto 73
	class_type_declarations  goto 74
	str_include_statement  goto 75
	item_extension  goto 76
	floating_attribute  goto 77
	rec_module_binding  goto 78
	sig_exception_declaration  goto 79
	class_declaration  goto 80
	class_type_declaration  goto 82
	let_binding  goto 92
	type_declaration  goto 93


state 133
	use_file : use_file_body . EOF  (10)

	EOF  shift 409
	.  error


state 134
	use_file_body : use_file_tail .  (11)

	.  reduce 11


state 135
	simple_core_type2 : LBRACKET . tag_field RBRACKET  (582)
	simple_core_type2 : LBRACKET . BAR row_field_list RBRACKET  (583)
	simple_core_type2 : LBRACKET . row_field BAR row_field_list RBRACKET  (584)

	BACKQUOTE  shift 10
	BAR  shift 410
	LBRACKET  shift 135
	LBRACKETLESS  shift 136
	LBRACKETGREATER  shift 137
	LBRACKETPERCENT  shift 30
	LESS  shift 138
	LIDENT  shift 411
	LPAREN  shift 140
	QUOTE  shift 143
	HASH  shift 144
	UIDENT  shift 145
	UNDERSCORE  shift 146
	.  error

	extension  goto 149
	name_tag  goto 412
	simple_core_type  goto 413
	type_longident  goto 152
	mod_ext_longident  goto 154
	simple_core_type2  goto 156
	tag_field  goto 414
	row_field  goto 415


state 136
	simple_core_type2 : LBRACKETLESS . opt_bar row_field_list RBRACKET  (587)
	simple_core_type2 : LBRACKETLESS . opt_bar row_field_list GREATER name_tag_list RBRACKET  (588)
	opt_bar : .  (723)

	BAR  shift 416
	BACKQUOTE  reduce 723
	LBRACKET  reduce 723
	LBRACKETLESS  reduce 723
	LBRACKETGREATER  reduce 723
	LBRACKETPERCENT  reduce 723
	LESS  reduce 723
	LIDENT  reduce 723
	LPAREN  reduce 723
	QUOTE  reduce 723
	HASH  reduce 723
	UIDENT  reduce 723
	UNDERSCORE  reduce 723

	opt_bar  goto 417


state 137
	simple_core_type2 : LBRACKETGREATER . opt_bar row_field_list RBRACKET  (585)
	simple_core_type2 : LBRACKETGREATER . RBRACKET  (586)
	opt_bar : .  (723)

	BAR  shift 416
	RBRACKET  shift 418
	BACKQUOTE  reduce 723
	LBRACKET  reduce 723
	LBRACKETLESS  reduce 723
	LBRACKETGREATER  reduce 723
	LBRACKETPERCENT  reduce 723
	LESS  reduce 723
	LIDENT  reduce 723
	LPAREN  reduce 723
	QUOTE  reduce 723
	HASH  reduce 723
	UIDENT  reduce 723
	UNDERSCORE  reduce 723

	opt_bar  goto 419


state 138
	simple_core_type2 : LESS . meth_list GREATER  (577)
	simple_core_type2 : LESS . GREATER  (578)

	DOTDOT  shift 420
	GREATER  shift 421
	LBRACKET  shift 135
	LBRACKETLESS  shift 136
	LBRACKETGREATER  shift 137
	LBRACKETPERCENT  shift 30
	LESS  shift 138
	LIDENT  shift 422
	LPAREN  shift 140
	QUOTE  shift 143
	HASH  shift 144
	UIDENT  shift 145
	UNDERSCORE  shift 146
	.  error

	extension  goto 149
	label  goto 423
	simple_core_type  goto 424
	type_longident  goto 152
	mod_ext_longident  goto 154
	simple_core_type2  goto 156
	meth_list  goto 425
	field_semi  goto 426
	inherit_field_semi  goto 427
	field  goto 428


state 139
	core_type2 : LIDENT . COLON core_type2 MINUSGREATER core_type2  (568)
	type_longident : LIDENT .  (683)

	COLON  shift 429
	error  reduce 683
	AMPERSAND  reduce 683
	AND  reduce 683
	AS  reduce 683
	BAR  reduce 683
	CLASS  reduce 683
	COLONGREATER  reduce 683
	COMMA  reduce 683
	CONSTRAINT  reduce 683
	END  reduce 683
	EOF  reduce 683
	EQUAL  reduce 683
	EXCEPTION  reduce 683
	EXTERNAL  reduce 683
	GREATER  reduce 683
	INCLUDE  reduce 683
	INHERIT  reduce 683
	INITIALIZER  reduce 683
	LBRACKETPERCENTPERCENT  reduce 683
	LET  reduce 683
	LIDENT  reduce 683
	LBRACKETAT  reduce 683
	LBRACKETATAT  reduce 683
	LBRACKETATATAT  reduce 683
	METHOD  reduce 683
	MINUSGREATER  reduce 683
	MODULE  reduce 683
	OPEN  reduce 683
	RBRACE  reduce 683
	RBRACKET  reduce 683
	RPAREN  reduce 683
	SEMI  reduce 683
	SEMISEMI  reduce 683
	HASH  reduce 683
	STAR  reduce 683
	TYPE  reduce 683
	UIDENT  reduce 683
	VAL  reduce 683
	WITH  reduce 683


state 140
	simple_core_type : LPAREN . core_type_comma_list RPAREN  (571)
	simple_core_type2 : LPAREN . core_type_comma_list RPAREN type_longident  (576)
	simple_core_type2 : LPAREN . core_type_comma_list RPAREN HASH class_longident  (581)
	simple_core_type2 : LPAREN . MODULE ext_attributes package_type RPAREN  (589)

	LBRACKET  shift 135
	LBRACKETLESS  shift 136
	LBRACKETGREATER  shift 137
	LBRACKETPERCENT  shift 30
	LESS  shift 138
	LIDENT  shift 139
	LPAREN  shift 140
	MODULE  shift 430
	OPTLABEL  shift 141
	QUESTION  shift 142
	QUOTE  shift 143
	HASH  shift 144
	UIDENT  shift 145
	UNDERSCORE  shift 146
	.  error

	core_type  goto 431
	extension  goto 149
	core_type_comma_list  goto 432
	simple_core_type_or_tuple  goto 150
	simple_core_type  goto 151
	type_longident  goto 152
	core_type_no_attr  goto 153
	mod_ext_longident  goto 154
	core_type2  goto 155
	simple_core_type2  goto 156


state 141
	core_type2 : OPTLABEL . core_type2 MINUSGREATER core_type2  (567)

	LBRACKET  shift 135
	LBRACKETLESS  shift 136
	LBRACKETGREATER  shift 137
	LBRACKETPERCENT  shift 30
	LESS  shift 138
	LIDENT  shift 139
	LPAREN  shift 140
	OPTLABEL  shift 141
	QUESTION  shift 142
	QUOTE  shift 143
	HASH  shift 144
	UIDENT  shift 145
	UNDERSCORE  shift 146
	.  error

	extension  goto 149
	simple_core_type_or_tuple  goto 150
	simple_core_type  goto 151
	type_longident  goto 152
	mod_ext_longident  goto 154
	core_type2  goto 433
	simple_core_type2  goto 156


state 142
	core_type2 : QUESTION . LIDENT COLON core_type2 MINUSGREATER core_type2  (566)

	LIDENT  shift 434
	.  error


state 143
	simple_core_type2 : QUOTE . ident  (572)

	LIDENT  shift 189
	UIDENT  shift 190
	.  error

	ident  goto 435


state 144
	simple_core_type2 : HASH . class_longident  (579)

	LIDENT  shift 436
	UIDENT  shift 51
	.  error

	mod_longident  goto 437
	class_longident  goto 438


state 145
	mod_ext_longident : UIDENT .  (687)

	.  reduce 687


state 146
	simple_core_type2 : UNDERSCORE .  (573)

	.  reduce 573


state 147
	%entry% : '\005' parse_core_type .  (805)

	.  reduce 805


state 148
	parse_core_type : core_type . EOF  (17)
	core_type : core_type . attribute  (562)

	EOF  shift 439
	LBRACKETAT  shift 185
	.  error

	attribute  goto 440


state 149
	simple_core_type2 : extension .  (590)

	.  reduce 590


state 150
	core_type2 : simple_core_type_or_tuple .  (565)

	.  reduce 565


state 151
	simple_core_type_or_tuple : simple_core_type .  (604)
	simple_core_type_or_tuple : simple_core_type . STAR core_type_list  (605)

	STAR  shift 441
	error  reduce 604
	AMPERSAND  reduce 604
	AND  reduce 604
	AS  reduce 604
	BAR  reduce 604
	CLASS  reduce 604
	COLONGREATER  reduce 604
	COMMA  reduce 604
	CONSTRAINT  reduce 604
	END  reduce 604
	EOF  reduce 604
	EQUAL  reduce 604
	EXCEPTION  reduce 604
	EXTERNAL  reduce 604
	GREATER  reduce 604
	INCLUDE  reduce 604
	INHERIT  reduce 604
	INITIALIZER  reduce 604
	LBRACKETPERCENTPERCENT  reduce 604
	LET  reduce 604
	LBRACKETAT  reduce 604
	LBRACKETATAT  reduce 604
	LBRACKETATATAT  reduce 604
	METHOD  reduce 604
	MINUSGREATER  reduce 604
	MODULE  reduce 604
	OPEN  reduce 604
	RBRACE  reduce 604
	RBRACKET  reduce 604
	RPAREN  reduce 604
	SEMI  reduce 604
	SEMISEMI  reduce 604
	HASH  reduce 604
	TYPE  reduce 604
	VAL  reduce 604
	WITH  reduce 604


state 152
	simple_core_type2 : type_longident .  (574)

	.  reduce 574


state 153
	core_type : core_type_no_attr .  (561)

	.  reduce 561


state 154
	type_longident : mod_ext_longident . DOT LIDENT  (684)
	mod_ext_longident : mod_ext_longident . DOT UIDENT  (688)
	mod_ext_longident : mod_ext_longident . LPAREN mod_ext_longident RPAREN  (689)

	DOT  shift 442
	LPAREN  shift 443
	.  error


state 155
	core_type_no_attr : core_type2 .  (563)
	core_type_no_attr : core_type2 . AS QUOTE ident  (564)
	core_type2 : core_type2 . MINUSGREATER core_type2  (569)

	AS  shift 444
	MINUSGREATER  shift 445
	error  reduce 563
	AMPERSAND  reduce 563
	AND  reduce 563
	BAR  reduce 563
	CLASS  reduce 563
	COLONGREATER  reduce 563
	COMMA  reduce 563
	CONSTRAINT  reduce 563
	END  reduce 563
	EOF  reduce 563
	EQUAL  reduce 563
	EXCEPTION  reduce 563
	EXTERNAL  reduce 563
	GREATER  reduce 563
	INCLUDE  reduce 563
	INHERIT  reduce 563
	INITIALIZER  reduce 563
	LBRACKETPERCENTPERCENT  reduce 563
	LET  reduce 563
	LBRACKETAT  reduce 563
	LBRACKETATAT  reduce 563
	LBRACKETATATAT  reduce 563
	METHOD  reduce 563
	MODULE  reduce 563
	OPEN  reduce 563
	RBRACE  reduce 563
	RBRACKET  reduce 563
	RPAREN  reduce 563
	SEMI  reduce 563
	SEMISEMI  reduce 563
	HASH  reduce 563
	TYPE  reduce 563
	VAL  reduce 563
	WITH  reduce 563


state 156
	simple_core_type : simple_core_type2 .  (570)
	simple_core_type2 : simple_core_type2 . type_longident  (575)
	simple_core_type2 : simple_core_type2 . HASH class_longident  (580)

	LIDENT  shift 411
	HASH  shift 446
	UIDENT  shift 145
	error  reduce 570
	AMPERSAND  reduce 570
	AND  reduce 570
	AS  reduce 570
	BAR  reduce 570
	CLASS  reduce 570
	COLONGREATER  reduce 570
	COMMA  reduce 570
	CONSTRAINT  reduce 570
	END  reduce 570
	EOF  reduce 570
	EQUAL  reduce 570
	EXCEPTION  reduce 570
	EXTERNAL  reduce 570
	GREATER  reduce 570
	IN  reduce 570
	INCLUDE  reduce 570
	INHERIT  reduce 570
	INITIALIZER  reduce 570
	LBRACKETPERCENTPERCENT  reduce 570
	LET  reduce 570
	LBRACKETAT  reduce 570
	LBRACKETATAT  reduce 570
	LBRACKETATATAT  reduce 570
	METHOD  reduce 570
	MINUSGREATER  reduce 570
	MODULE  reduce 570
	OPEN  reduce 570
	RBRACE  reduce 570
	RBRACKET  reduce 570
	RPAREN  reduce 570
	SEMI  reduce 570
	SEMISEMI  reduce 570
	STAR  reduce 570
	TYPE  reduce 570
	VAL  reduce 570
	WITH  reduce 570

	type_longident  goto 447
	mod_ext_longident  goto 154


state 157
	%entry% : '\006' parse_expression .  (806)

	.  reduce 806


state 158
	parse_expression : seq_expr . EOF  (18)

	EOF  shift 448
	.  error


state 159
	expr : let_bindings . IN seq_expr  (227)
	let_bindings : let_bindings . and_let_binding  (366)

	AND  shift 357
	IN  shift 358
	.  error

	and_let_binding  goto 359


state 160
	pattern : EXCEPTION . ext_attributes pattern  (412)
	ext_attributes : .  (791)

	LBRACKETAT  shift 185
	PERCENT  shift 186
	BACKQUOTE  reduce 791
	CHAR  reduce 791
	EXCEPTION  reduce 791
	FALSE  reduce 791
	FLOAT  reduce 791
	INT  reduce 791
	LAZY  reduce 791
	LBRACE  reduce 791
	LBRACKET  reduce 791
	LBRACKETBAR  reduce 791
	LBRACKETPERCENT  reduce 791
	LIDENT  reduce 791
	LPAREN  reduce 791
	MINUS  reduce 791
	PLUS  reduce 791
	HASH  reduce 791
	STRING  reduce 791
	TRUE  reduce 791
	UIDENT  reduce 791
	UNDERSCORE  reduce 791

	attribute  goto 187
	ext_attributes  goto 449


state 161
	pattern_gen : LAZY . ext_attributes simple_pattern  (427)
	ext_attributes : .  (791)

	LBRACKETAT  shift 185
	PERCENT  shift 186
	BACKQUOTE  reduce 791
	CHAR  reduce 791
	FALSE  reduce 791
	FLOAT  reduce 791
	INT  reduce 791
	LBRACE  reduce 791
	LBRACKET  reduce 791
	LBRACKETBAR  reduce 791
	LBRACKETPERCENT  reduce 791
	LIDENT  reduce 791
	LPAREN  reduce 791
	MINUS  reduce 791
	PLUS  reduce 791
	HASH  reduce 791
	STRING  reduce 791
	TRUE  reduce 791
	UIDENT  reduce 791
	UNDERSCORE  reduce 791

	attribute  goto 187
	ext_attributes  goto 450


state 162
	simple_delimited_pattern : LBRACE . lbl_pattern_list RBRACE  (452)
	simple_delimited_pattern : LBRACE . lbl_pattern_list error  (453)

	LIDENT  shift 451
	UIDENT  shift 51
	.  error

	mod_longident  goto 452
	label_longident  goto 453
	lbl_pattern_list  goto 454
	lbl_pattern  goto 455


state 163
	simple_delimited_pattern : LBRACKET . pattern_semi_list opt_semi RBRACKET  (454)
	simple_delimited_pattern : LBRACKET . pattern_semi_list opt_semi error  (455)
	constr_longident : LBRACKET . RBRACKET  (676)

	BACKQUOTE  shift 10
	CHAR  shift 13
	EXCEPTION  shift 160
	FALSE  shift 17
	FLOAT  shift 18
	INT  shift 24
	LAZY  shift 161
	LBRACE  shift 162
	LBRACKET  shift 163
	LBRACKETBAR  shift 164
	LBRACKETPERCENT  shift 30
	LIDENT  shift 165
	LPAREN  shift 166
	MINUS  shift 167
	PLUS  shift 168
	RBRACKET  shift 218
	HASH  shift 169
	STRING  shift 47
	TRUE  shift 48
	UIDENT  shift 51
	UNDERSCORE  shift 170
	.  error

	pattern  goto 456
	mod_longident  goto 173
	extension  goto 174
	simple_pattern  goto 175
	constr_longident  goto 176
	name_tag  goto 177
	constant  goto 178
	val_ident  goto 179
	simple_pattern_not_ident  goto 180
	pattern_comma_list  goto 181
	pattern_gen  goto 182
	signed_constant  goto 183
	simple_delimited_pattern  goto 184
	pattern_semi_list  goto 457


state 164
	simple_delimited_pattern : LBRACKETBAR . pattern_semi_list opt_semi BARRBRACKET  (456)
	simple_delimited_pattern : LBRACKETBAR . BARRBRACKET  (457)
	simple_delimited_pattern : LBRACKETBAR . pattern_semi_list opt_semi error  (458)

	BACKQUOTE  shift 10
	BARRBRACKET  shift 458
	CHAR  shift 13
	EXCEPTION  shift 160
	FALSE  shift 17
	FLOAT  shift 18
	INT  shift 24
	LAZY  shift 161
	LBRACE  shift 162
	LBRACKET  shift 163
	LBRACKETBAR  shift 164
	LBRACKETPERCENT  shift 30
	LIDENT  shift 165
	LPAREN  shift 166
	MINUS  shift 167
	PLUS  shift 168
	HASH  shift 169
	STRING  shift 47
	TRUE  shift 48
	UIDENT  shift 51
	UNDERSCORE  shift 170
	.  error

	pattern  goto 456
	mod_longident  goto 173
	extension  goto 174
	simple_pattern  goto 175
	constr_longident  goto 176
	name_tag  goto 177
	constant  goto 178
	val_ident  goto 179
	simple_pattern_not_ident  goto 180
	pattern_comma_list  goto 181
	pattern_gen  goto 182
	signed_constant  goto 183
	simple_delimited_pattern  goto 184
	pattern_semi_list  goto 459


state 165
	val_ident : LIDENT .  (632)

	.  reduce 632


state 166
	simple_pattern_not_ident : LPAREN . pattern RPAREN  (443)
	simple_pattern_not_ident : LPAREN . pattern error  (444)
	simple_pattern_not_ident : LPAREN . pattern COLON core_type RPAREN  (445)
	simple_pattern_not_ident : LPAREN . pattern COLON core_type error  (446)
	simple_pattern_not_ident : LPAREN . pattern COLON error  (447)
	simple_pattern_not_ident : LPAREN . MODULE ext_attributes UIDENT RPAREN  (448)
	simple_pattern_not_ident : LPAREN . MODULE ext_attributes UIDENT COLON package_type RPAREN  (449)
	simple_pattern_not_ident : LPAREN . MODULE ext_attributes UIDENT COLON package_type error  (450)
	val_ident : LPAREN . operator RPAREN  (633)
	val_ident : LPAREN . operator error  (634)
	val_ident : LPAREN . error  (635)
	val_ident : LPAREN . MODULE error  (636)
	constr_longident : LPAREN . RPAREN  (677)
	constr_longident : LPAREN . COLONCOLON RPAREN  (678)

	error  shift 281
	AMPERAMPER  shift 282
	AMPERSAND  shift 283
	BACKQUOTE  shift 10
	BANG  shift 460
	BARBAR  shift 285
	CHAR  shift 13
	COLONCOLON  shift 286
	COLONEQUAL  shift 287
	EQUAL  shift 288
	EXCEPTION  shift 160
	FALSE  shift 17
	FLOAT  shift 18
	GREATER  shift 289
	INFIXOP0  shift 290
	INFIXOP1  shift 291
	INFIXOP2  shift 292
	INFIXOP3  shift 293
	INFIXOP4  shift 294
	DOTOP  shift 295
	INT  shift 24
	LAZY  shift 161
	LBRACE  shift 162
	LBRACKET  shift 163
	LBRACKETBAR  shift 164
	LBRACKETPERCENT  shift 30
	LESS  shift 296
	LIDENT  shift 165
	LPAREN  shift 166
	MINUS  shift 461
	MINUSDOT  shift 462
	MODULE  shift 463
	OR  shift 300
	PERCENT  shift 301
	PLUS  shift 464
	PLUSDOT  shift 465
	PLUSEQ  shift 304
	PREFIXOP  shift 466
	RPAREN  shift 306
	HASH  shift 169
	HASHOP  shift 307
	STAR  shift 308
	STRING  shift 47
	TRUE  shift 48
	UIDENT  shift 51
	UNDERSCORE  shift 170
	.  error

	pattern  goto 467
	mod_longident  goto 173
	extension  goto 174
	simple_pattern  goto 175
	constr_longident  goto 176
	name_tag  goto 177
	constant  goto 178
	val_ident  goto 179
	simple_pattern_not_ident  goto 180
	pattern_comma_list  goto 181
	pattern_gen  goto 182
	signed_constant  goto 183
	simple_delimited_pattern  goto 184
	operator  goto 310


state 167
	signed_constant : MINUS . INT  (626)
	signed_constant : MINUS . FLOAT  (627)

	FLOAT  shift 468
	INT  shift 469
	.  error


state 168
	signed_constant : PLUS . INT  (628)
	signed_constant : PLUS . FLOAT  (629)

	FLOAT  shift 470
	INT  shift 471
	.  error


state 169
	simple_pattern_not_ident : HASH . type_longident  (435)

	LIDENT  shift 411
	UIDENT  shift 145
	.  error

	type_longident  goto 472
	mod_ext_longident  goto 154


state 170
	simple_pattern_not_ident : UNDERSCORE .  (430)

	.  reduce 430


state 171
	%entry% : '\007' parse_pattern .  (807)

	.  reduce 807


state 172
	parse_pattern : pattern . EOF  (19)
	pattern : pattern . AS val_ident  (405)
	pattern : pattern . AS error  (406)
	pattern : pattern . COLONCOLON pattern  (408)
	pattern : pattern . COLONCOLON error  (409)
	pattern : pattern . BAR pattern  (410)
	pattern : pattern . BAR error  (411)
	pattern : pattern . attribute  (413)
	pattern_comma_list : pattern . COMMA pattern  (460)
	pattern_comma_list : pattern . COMMA error  (461)

	AS  shift 473
	BAR  shift 474
	COLONCOLON  shift 475
	COMMA  shift 476
	EOF  shift 477
	LBRACKETAT  shift 185
	.  error

	attribute  goto 478


state 173
	simple_pattern_not_ident : mod_longident . DOT simple_delimited_pattern  (437)
	simple_pattern_not_ident : mod_longident . DOT LBRACKET RBRACKET  (438)
	simple_pattern_not_ident : mod_longident . DOT LPAREN RPAREN  (439)
	simple_pattern_not_ident : mod_longident . DOT LPAREN pattern RPAREN  (440)
	simple_pattern_not_ident : mod_longident . DOT LPAREN pattern error  (441)
	simple_pattern_not_ident : mod_longident . DOT LPAREN error  (442)
	constr_longident : mod_longident .  (674)
	constr_longident : mod_longident . DOT LPAREN COLONCOLON RPAREN  (675)
	mod_longident : mod_longident . DOT UIDENT  (686)

	DOT  shift 479
	error  reduce 674
	AS  reduce 674
	BACKQUOTE  reduce 674
	BAR  reduce 674
	BARRBRACKET  reduce 674
	CHAR  reduce 674
	COLON  reduce 674
	COLONCOLON  reduce 674
	COLONGREATER  reduce 674
	COMMA  reduce 674
	EOF  reduce 674
	EQUAL  reduce 674
	EXCEPTION  reduce 674
	FALSE  reduce 674
	FLOAT  reduce 674
	INT  reduce 674
	LABEL  reduce 674
	LAZY  reduce 674
	LBRACE  reduce 674
	LBRACKET  reduce 674
	LBRACKETBAR  reduce 674
	LBRACKETPERCENT  reduce 674
	LIDENT  reduce 674
	LPAREN  reduce 674
	LBRACKETAT  reduce 674
	MINUS  reduce 674
	MINUSGREATER  reduce 674
	OPTLABEL  reduce 674
	PLUS  reduce 674
	QUESTION  reduce 674
	RBRACE  reduce 674
	RBRACKET  reduce 674
	RPAREN  reduce 674
	SEMI  reduce 674
	HASH  reduce 674
	STRING  reduce 674
	TILDE  reduce 674
	TRUE  reduce 674
	UIDENT  reduce 674
	UNDERSCORE  reduce 674
	WHEN  reduce 674


state 174
	simple_pattern_not_ident : extension .  (451)

	.  reduce 451


state 175
	pattern_gen : simple_pattern .  (424)

	.  reduce 424


state 176
	pattern_gen : constr_longident . pattern  (425)
	simple_pattern_not_ident : constr_longident .  (433)

	BACKQUOTE  shift 10
	CHAR  shift 13
	EXCEPTION  shift 160
	FALSE  shift 17
	FLOAT  shift 18
	INT  shift 24
	LAZY  shift 161
	LBRACE  shift 162
	LBRACKET  shift 163
	LBRACKETBAR  shift 164
	LBRACKETPERCENT  shift 30
	LIDENT  shift 165
	LPAREN  shift 166
	MINUS  shift 167
	PLUS  shift 168
	HASH  shift 169
	STRING  shift 47
	TRUE  shift 48
	UIDENT  shift 51
	UNDERSCORE  shift 170
	error  reduce 433
	AS  reduce 433
	BAR  reduce 433
	BARRBRACKET  reduce 433
	COLON  reduce 433
	COLONCOLON  reduce 433
	COMMA  reduce 433
	EOF  reduce 433
	EQUAL  reduce 433
	LBRACKETAT  reduce 433
	MINUSGREATER  reduce 433
	RBRACE  reduce 433
	RBRACKET  reduce 433
	RPAREN  reduce 433
	SEMI  reduce 433
	WHEN  reduce 433

	pattern  goto 480
	mod_longident  goto 173
	extension  goto 174
	simple_pattern  goto 175
	constr_longident  goto 176
	name_tag  goto 177
	constant  goto 178
	val_ident  goto 179
	simple_pattern_not_ident  goto 180
	pattern_comma_list  goto 181
	pattern_gen  goto 182
	signed_constant  goto 183
	simple_delimited_pattern  goto 184


state 177
	pattern_gen : name_tag . pattern  (426)
	simple_pattern_not_ident : name_tag .  (434)

	BACKQUOTE  shift 10
	CHAR  shift 13
	EXCEPTION  shift 160
	FALSE  shift 17
	FLOAT  shift 18
	INT  shift 24
	LAZY  shift 161
	LBRACE  shift 162
	LBRACKET  shift 163
	LBRACKETBAR  shift 164
	LBRACKETPERCENT  shift 30
	LIDENT  shift 165
	LPAREN  shift 166
	MINUS  shift 167
	PLUS  shift 168
	HASH  shift 169
	STRING  shift 47
	TRUE  shift 48
	UIDENT  shift 51
	UNDERSCORE  shift 170
	error  reduce 434
	AS  reduce 434
	BAR  reduce 434
	BARRBRACKET  reduce 434
	COLON  reduce 434
	COLONCOLON  reduce 434
	COMMA  reduce 434
	EOF  reduce 434
	EQUAL  reduce 434
	LBRACKETAT  reduce 434
	MINUSGREATER  reduce 434
	RBRACE  reduce 434
	RBRACKET  reduce 434
	RPAREN  reduce 434
	SEMI  reduce 434
	WHEN  reduce 434

	pattern  goto 481
	mod_longident  goto 173
	extension  goto 174
	simple_pattern  goto 175
	constr_longident  goto 176
	name_tag  goto 177
	constant  goto 178
	val_ident  goto 179
	simple_pattern_not_ident  goto 180
	pattern_comma_list  goto 181
	pattern_gen  goto 182
	signed_constant  goto 183
	simple_delimited_pattern  goto 184


state 178
	signed_constant : constant .  (625)

	.  reduce 625


state 179
	simple_pattern : val_ident .  (428)

	.  reduce 428


state 180
	simple_pattern : simple_pattern_not_ident .  (429)

	.  reduce 429


state 181
	pattern : pattern_comma_list .  (407)
	pattern_comma_list : pattern_comma_list . COMMA pattern  (459)

	COMMA  shift 482
	error  reduce 407
	AS  reduce 407
	BAR  reduce 407
	BARRBRACKET  reduce 407
	COLON  reduce 407
	COLONCOLON  reduce 407
	EOF  reduce 407
	EQUAL  reduce 407
	LBRACKETAT  reduce 407
	MINUSGREATER  reduce 407
	RBRACE  reduce 407
	RBRACKET  reduce 407
	RPAREN  reduce 407
	SEMI  reduce 407
	WHEN  reduce 407


state 182
	pattern : pattern_gen .  (414)

	.  reduce 414


state 183
	simple_pattern_not_ident : signed_constant .  (431)
	simple_pattern_not_ident : signed_constant . DOTDOT signed_constant  (432)

	DOTDOT  shift 483
	error  reduce 431
	AS  reduce 431
	BACKQUOTE  reduce 431
	BAR  reduce 431
	BARRBRACKET  reduce 431
	CHAR  reduce 431
	COLON  reduce 431
	COLONCOLON  reduce 431
	COLONGREATER  reduce 431
	COMMA  reduce 431
	EOF  reduce 431
	EQUAL  reduce 431
	FALSE  reduce 431
	FLOAT  reduce 431
	INT  reduce 431
	LABEL  reduce 431
	LBRACE  reduce 431
	LBRACKET  reduce 431
	LBRACKETBAR  reduce 431
	LBRACKETPERCENT  reduce 431
	LIDENT  reduce 431
	LPAREN  reduce 431
	LBRACKETAT  reduce 431
	MINUS  reduce 431
	MINUSGREATER  reduce 431
	OPTLABEL  reduce 431
	PLUS  reduce 431
	QUESTION  reduce 431
	RBRACE  reduce 431
	RBRACKET  reduce 431
	RPAREN  reduce 431
	SEMI  reduce 431
	HASH  reduce 431
	STRING  reduce 431
	TILDE  reduce 431
	TRUE  reduce 431
	UIDENT  reduce 431
	UNDERSCORE  reduce 431
	WHEN  reduce 431


state 184
	simple_pattern_not_ident : simple_delimited_pattern .  (436)

	.  reduce 436


state 185
	attribute : LBRACKETAT . attr_id payload RBRACKET  (784)

	AND  shift 223
	AS  shift 224
	ASSERT  shift 225
	BEGIN  shift 226
	CLASS  shift 227
	CONSTRAINT  shift 228
	DO  shift 229
	DONE  shift 230
	DOWNTO  shift 231
	ELSE  shift 232
	END  shift 233
	EXCEPTION  shift 234
	EXTERNAL  shift 235
	FALSE  shift 236
	FOR  shift 237
	FUN  shift 238
	FUNCTION  shift 239
	FUNCTOR  shift 240
	IF  shift 241
	IN  shift 242
	INCLUDE  shift 243
	INHERIT  shift 244
	INITIALIZER  shift 245
	LAZY  shift 246
	LET  shift 247
	LIDENT  shift 248
	MATCH  shift 249
	METHOD  shift 250
	MODULE  shift 251
	MUTABLE  shift 252
	NEW  shift 253
	NONREC  shift 254
	OBJECT  shift 255
	OF  shift 256
	OPEN  shift 257
	OR  shift 258
	PRIVATE  shift 259
	REC  shift 260
	SIG  shift 261
	STRUCT  shift 262
	THEN  shift 263
	TO  shift 264
	TRUE  shift 265
	TRY  shift 266
	TYPE  shift 267
	UIDENT  shift 268
	VAL  shift 269
	VIRTUAL  shift 270
	WHEN  shift 271
	WHILE  shift 272
	WITH  shift 273
	.  error

	attr_id  goto 484
	single_attr_id  goto 275


state 186
	ext_attributes : PERCENT . attr_id attributes  (793)

	AND  shift 223
	AS  shift 224
	ASSERT  shift 225
	BEGIN  shift 226
	CLASS  shift 227
	CONSTRAINT  shift 228
	DO  shift 229
	DONE  shift 230
	DOWNTO  shift 231
	ELSE  shift 232
	END  shift 233
	EXCEPTION  shift 234
	EXTERNAL  shift 235
	FALSE  shift 236
	FOR  shift 237
	FUN  shift 238
	FUNCTION  shift 239
	FUNCTOR  shift 240
	IF  shift 241
	IN  shift 242
	INCLUDE  shift 243
	INHERIT  shift 244
	INITIALIZER  shift 245
	LAZY  shift 246
	LET  shift 247
	LIDENT  shift 248
	MATCH  shift 249
	METHOD  shift 250
	MODULE  shift 251
	MUTABLE  shift 252
	NEW  shift 253
	NONREC  shift 254
	OBJECT  shift 255
	OF  shift 256
	OPEN  shift 257
	OR  shift 258
	PRIVATE  shift 259
	REC  shift 260
	SIG  shift 261
	STRUCT  shift 262
	THEN  shift 263
	TO  shift 264
	TRUE  shift 265
	TRY  shift 266
	TYPE  shift 267
	UIDENT  shift 268
	VAL  shift 269
	VIRTUAL  shift 270
	WHEN  shift 271
	WHILE  shift 272
	WITH  shift 273
	.  error

	attr_id  goto 485
	single_attr_id  goto 275


state 187
	ext_attributes : attribute . attributes  (792)
	attributes : .  (789)

	LBRACKETAT  shift 185
	error  reduce 789
	ASSERT  reduce 789
	BACKQUOTE  reduce 789
	BANG  reduce 789
	BAR  reduce 789
	BEGIN  reduce 789
	CHAR  reduce 789
	CONSTRAINT  reduce 789
	END  reduce 789
	EXCEPTION  reduce 789
	FALSE  reduce 789
	FLOAT  reduce 789
	FOR  reduce 789
	FUN  reduce 789
	FUNCTION  reduce 789
	FUNCTOR  reduce 789
	IF  reduce 789
	INHERIT  reduce 789
	INITIALIZER  reduce 789
	INT  reduce 789
	LABEL  reduce 789
	LAZY  reduce 789
	LBRACE  reduce 789
	LBRACELESS  reduce 789
	LBRACKET  reduce 789
	LBRACKETBAR  reduce 789
	LBRACKETPERCENT  reduce 789
	LBRACKETPERCENTPERCENT  reduce 789
	LET  reduce 789
	LIDENT  reduce 789
	LPAREN  reduce 789
	LBRACKETATATAT  reduce 789
	MATCH  reduce 789
	METHOD  reduce 789
	MINUS  reduce 789
	MINUSDOT  reduce 789
	MODULE  reduce 789
	NEW  reduce 789
	NONREC  reduce 789
	OBJECT  reduce 789
	OPTLABEL  reduce 789
	PLUS  reduce 789
	PLUSDOT  reduce 789
	PREFIXOP  reduce 789
	QUESTION  reduce 789
	QUOTE  reduce 789
	REC  reduce 789
	HASH  reduce 789
	SIG  reduce 789
	STRING  reduce 789
	STRUCT  reduce 789
	TILDE  reduce 789
	TRUE  reduce 789
	TRY  reduce 789
	UIDENT  reduce 789
	UNDERSCORE  reduce 789
	VAL  reduce 789
	VIRTUAL  reduce 789
	WHILE  reduce 789

	attributes  goto 486
	attribute  goto 487


state 188
	expr : ASSERT ext_attributes . simple_expr  (278)

	BACKQUOTE  shift 10
	BANG  shift 11
	BEGIN  shift 12
	CHAR  shift 13
	FALSE  shift 17
	FLOAT  shift 18
	INT  shift 24
	LBRACE  shift 26
	LBRACELESS  shift 27
	LBRACKET  shift 28
	LBRACKETBAR  shift 29
	LBRACKETPERCENT  shift 30
	LIDENT  shift 165
	LPAREN  shift 34
	NEW  shift 40
	PREFIXOP  shift 45
	STRING  shift 47
	TRUE  shift 48
	UIDENT  shift 51
	.  error

	mod_longident  goto 59
	extension  goto 60
	simple_expr  goto 488
	constr_longident  goto 193
	name_tag  goto 194
	val_longident  goto 89
	constant  goto 90
	val_ident  goto 91


state 189
	ident : LIDENT .  (631)

	.  reduce 631


state 190
	ident : UIDENT .  (630)

	.  reduce 630


state 191
	name_tag : BACKQUOTE ident .  (703)

	.  reduce 703


state 192
	simple_expr : simple_expr . DOT label_longident  (294)
	simple_expr : simple_expr . DOT LPAREN seq_expr RPAREN  (298)
	simple_expr : simple_expr . DOT LPAREN seq_expr error  (299)
	simple_expr : simple_expr . DOT LBRACKET seq_expr RBRACKET  (300)
	simple_expr : simple_expr . DOT LBRACKET seq_expr error  (301)
	simple_expr : simple_expr . DOTOP LBRACKET expr RBRACKET  (302)
	simple_expr : simple_expr . DOTOP LBRACKET expr error  (303)
	simple_expr : simple_expr . DOTOP LPAREN expr RPAREN  (304)
	simple_expr : simple_expr . DOTOP LPAREN expr error  (305)
	simple_expr : simple_expr . DOTOP LBRACE expr RBRACE  (306)
	simple_expr : simple_expr . DOTOP LBRACE expr error  (307)
	simple_expr : simple_expr . DOT mod_longident DOTOP LBRACKET expr RBRACKET  (308)
	simple_expr : simple_expr . DOT mod_longident DOTOP LBRACKET expr error  (309)
	simple_expr : simple_expr . DOT mod_longident DOTOP LPAREN expr RPAREN  (310)
	simple_expr : simple_expr . DOT mod_longident DOTOP LPAREN expr error  (311)
	simple_expr : simple_expr . DOT mod_longident DOTOP LBRACE expr RBRACE  (312)
	simple_expr : simple_expr . DOT mod_longident DOTOP LBRACE expr error  (313)
	simple_expr : simple_expr . DOT LBRACE expr RBRACE  (314)
	simple_expr : simple_expr . DOT LBRACE expr_comma_list error  (315)
	simple_expr : BANG simple_expr .  (332)
	simple_expr : simple_expr . HASH label  (340)
	simple_expr : simple_expr . HASHOP simple_expr  (341)

	.  reduce 332


state 193
	simple_expr : constr_longident .  (286)

	.  reduce 286


state 194
	simple_expr : name_tag .  (287)

	.  reduce 287


state 195
	simple_expr : BEGIN ext_attributes . seq_expr END  (290)
	simple_expr : BEGIN ext_attributes . END  (291)
	simple_expr : BEGIN ext_attributes . seq_expr error  (292)

	ASSERT  shift 9
	BACKQUOTE  shift 10
	BANG  shift 11
	BEGIN  shift 12
	CHAR  shift 13
	END  shift 491
	FALSE  shift 17
	FLOAT  shift 18
	FOR  shift 19
	FUN  shift 20
	FUNCTION  shift 21
	IF  shift 22
	INT  shift 24
	LAZY  shift 25
	LBRACE  shift 26
	LBRACELESS  shift 27
	LBRACKET  shift 28
	LBRACKETBAR  shift 29
	LBRACKETPERCENT  shift 30
	LET  shift 32
	LIDENT  shift 33
	LPAREN  shift 34
	MATCH  shift 36
	MINUS  shift 37
	MINUSDOT  shift 38
	NEW  shift 40
	OBJECT  shift 41
	PLUS  shift 43
	PLUSDOT  shift 44
	PREFIXOP  shift 45
	STRING  shift 47
	TRUE  shift 48
	TRY  shift 49
	UIDENT  shift 51
	UNDERSCORE  shift 52
	WHILE  shift 54
	.  error

	seq_expr  goto 492
	mod_longident  goto 59
	extension  goto 60
	expr  goto 61
	let_bindings  goto 159
	label  goto 81
	simple_expr  goto 83
	expr_comma_list  goto 84
	constr_longident  goto 85
	name_tag  goto 86
	subtractive  goto 87
	additive  goto 88
	val_longident  goto 89
	constant  goto 90
	val_ident  goto 91
	let_binding  goto 92


state 196
	class_type_declaration : CLASS TYPE . ext_attributes virtual_flag class_type_parameters LIDENT EQUAL class_signature post_item_attributes  (202)
	ext_attributes : .  (791)

	LBRACKETAT  shift 185
	PERCENT  shift 186
	LBRACKET  reduce 791
	LIDENT  reduce 791
	VIRTUAL  reduce 791

	attribute  goto 187
	ext_attributes  goto 493


state 197
	class_declaration : CLASS ext_attributes . virtual_flag class_type_parameters LIDENT class_fun_binding post_item_attributes  (120)
	virtual_flag : .  (714)

	VIRTUAL  shift 494
	LBRACKET  reduce 714
	LIDENT  reduce 714

	virtual_flag  goto 495


state 198
	str_exception_declaration : EXCEPTION ext_attributes . constr_ident EQUAL constr_longident attributes post_item_attributes  (518)
	sig_exception_declaration : EXCEPTION ext_attributes . constr_ident generalized_constructor_arguments attributes post_item_attributes  (519)

	FALSE  shift 496
	LBRACKET  shift 497
	LPAREN  shift 498
	TRUE  shift 499
	UIDENT  shift 500
	.  error

	constr_ident  goto 501


state 199
	primitive_declaration : EXTERNAL ext_attributes . val_ident COLON core_type EQUAL primitive_declaration_body post_item_attributes  (478)

	LIDENT  shift 165
	LPAREN  shift 502
	.  error

	val_ident  goto 503


state 200
	expr : FOR ext_attributes . pattern EQUAL seq_expr direction_flag seq_expr DO seq_expr DONE  (243)

	BACKQUOTE  shift 10
	CHAR  shift 13
	EXCEPTION  shift 160
	FALSE  shift 17
	FLOAT  shift 18
	INT  shift 24
	LAZY  shift 161
	LBRACE  shift 162
	LBRACKET  shift 163
	LBRACKETBAR  shift 164
	LBRACKETPERCENT  shift 30
	LIDENT  shift 165
	LPAREN  shift 166
	MINUS  shift 167
	PLUS  shift 168
	HASH  shift 169
	STRING  shift 47
	TRUE  shift 48
	UIDENT  shift 51
	UNDERSCORE  shift 170
	.  error

	pattern  goto 504
	mod_longident  goto 173
	extension  goto 174
	simple_pattern  goto 175
	constr_longident  goto 176
	name_tag  goto 177
	constant  goto 178
	val_ident  goto 179
	simple_pattern_not_ident  goto 180
	pattern_comma_list  goto 181
	pattern_gen  goto 182
	signed_constant  goto 183
	simple_delimited_pattern  goto 184


state 201
	expr : FUN ext_attributes . labeled_simple_pattern fun_def  (232)
	expr : FUN ext_attributes . LPAREN TYPE lident_list RPAREN fun_def  (233)

	BACKQUOTE  shift 10
	CHAR  shift 13
	FALSE  shift 17
	FLOAT  shift 18
	INT  shift 24
	LABEL  shift 505
	LBRACE  shift 162
	LBRACKET  shift 163
	LBRACKETBAR  shift 164
	LBRACKETPERCENT  shift 30
	LIDENT  shift 165
	LPAREN  shift 506
	MINUS  shift 167
	OPTLABEL  shift 507
	PLUS  shift 168
	QUESTION  shift 508
	HASH  shift 169
	STRING  shift 47
	TILDE  shift 509
	TRUE  shift 48
	UIDENT  shift 51
	UNDERSCORE  shift 170
	.  error

	mod_longident  goto 173
	extension  goto 174
	labeled_simple_pattern  goto 510
	simple_pattern  goto 511
	constr_longident  goto 512
	name_tag  goto 513
	constant  goto 178
	val_ident  goto 179
	simple_pattern_not_ident  goto 180
	signed_constant  goto 183
	simple_delimited_pattern  goto 184


state 202
	expr : FUNCTION ext_attributes . opt_bar match_cases  (231)
	opt_bar : .  (723)

	BAR  shift 416
	BACKQUOTE  reduce 723
	CHAR  reduce 723
	EXCEPTION  reduce 723
	FALSE  reduce 723
	FLOAT  reduce 723
	INT  reduce 723
	LAZY  reduce 723
	LBRACE  reduce 723
	LBRACKET  reduce 723
	LBRACKETBAR  reduce 723
	LBRACKETPERCENT  reduce 723
	LIDENT  reduce 723
	LPAREN  reduce 723
	MINUS  reduce 723
	PLUS  reduce 723
	HASH  reduce 723
	STRING  reduce 723
	TRUE  reduce 723
	UIDENT  reduce 723
	UNDERSCORE  reduce 723

	opt_bar  goto 514


state 203
	expr : IF ext_attributes . seq_expr THEN expr ELSE expr  (240)
	expr : IF ext_attributes . seq_expr THEN expr  (241)

	ASSERT  shift 9
	BACKQUOTE  shift 10
	BANG  shift 11
	BEGIN  shift 12
	CHAR  shift 13
	FALSE  shift 17
	FLOAT  shift 18
	FOR  shift 19
	FUN  shift 20
	FUNCTION  shift 21
	IF  shift 22
	INT  shift 24
	LAZY  shift 25
	LBRACE  shift 26
	LBRACELESS  shift 27
	LBRACKET  shift 28
	LBRACKETBAR  shift 29
	LBRACKETPERCENT  shift 30
	LET  shift 32
	LIDENT  shift 33
	LPAREN  shift 34
	MATCH  shift 36
	MINUS  shift 37
	MINUSDOT  shift 38
	NEW  shift 40
	OBJECT  shift 41
	PLUS  shift 43
	PLUSDOT  shift 44
	PREFIXOP  shift 45
	STRING  shift 47
	TRUE  shift 48
	TRY  shift 49
	UIDENT  shift 51
	UNDERSCORE  shift 52
	WHILE  shift 54
	.  error

	seq_expr  goto 515
	mod_longident  goto 59
	extension  goto 60
	expr  goto 61
	let_bindings  goto 159
	label  goto 81
	simple_expr  goto 83
	expr_comma_list  goto 84
	constr_longident  goto 85
	name_tag  goto 86
	subtractive  goto 87
	additive  goto 88
	val_longident  goto 89
	constant  goto 90
	val_ident  goto 91
	let_binding  goto 92


state 204
	str_include_statement : INCLUDE ext_attributes . module_expr post_item_attributes  (66)

	FUNCTOR  shift 516
	LBRACKETPERCENT  shift 30
	LPAREN  shift 517
	STRUCT  shift 518
	UIDENT  shift 51
	.  error

	module_expr  goto 519
	mod_longident  goto 520
	paren_module_expr  goto 521
	extension  goto 522


state 205
	expr : LAZY ext_attributes . simple_expr  (279)

	BACKQUOTE  shift 10
	BANG  shift 11
	BEGIN  shift 12
	CHAR  shift 13
	FALSE  shift 17
	FLOAT  shift 18
	INT  shift 24
	LBRACE  shift 26
	LBRACELESS  shift 27
	LBRACKET  shift 28
	LBRACKETBAR  shift 29
	LBRACKETPERCENT  shift 30
	LIDENT  shift 165
	LPAREN  shift 34
	NEW  shift 40
	PREFIXOP  shift 45
	STRING  shift 47
	TRUE  shift 48
	UIDENT  shift 51
	.  error

	mod_longident  goto 59
	extension  goto 60
	simple_expr  goto 523
	constr_longident  goto 193
	name_tag  goto 194
	val_longident  goto 89
	constant  goto 90
	val_ident  goto 91


state 206
	val_ident : LIDENT .  (632)
	label_longident : LIDENT .  (681)

	error  reduce 681
	COLON  reduce 681
	COLONGREATER  reduce 681
	DOT  reduce 632
	EQUAL  reduce 681
	DOTOP  reduce 632
	RBRACE  reduce 681
	SEMI  reduce 681
	HASH  reduce 632
	HASHOP  reduce 632
	WITH  reduce 632


state 207
	simple_expr : mod_longident . DOT LPAREN seq_expr RPAREN  (295)
	simple_expr : mod_longident . DOT LPAREN RPAREN  (296)
	simple_expr : mod_longident . DOT LPAREN seq_expr error  (297)
	simple_expr : mod_longident . DOT LBRACE record_expr RBRACE  (318)
	simple_expr : mod_longident . DOT LBRACE record_expr error  (319)
	simple_expr : mod_longident . DOT LBRACKETBAR expr_semi_list opt_semi BARRBRACKET  (323)
	simple_expr : mod_longident . DOT LBRACKETBAR BARRBRACKET  (324)
	simple_expr : mod_longident . DOT LBRACKETBAR expr_semi_list opt_semi error  (325)
	simple_expr : mod_longident . DOT LBRACKET expr_semi_list opt_semi RBRACKET  (328)
	simple_expr : mod_longident . DOT LBRACKET RBRACKET  (329)
	simple_expr : mod_longident . DOT LBRACKET expr_semi_list opt_semi error  (330)
	simple_expr : mod_longident . DOT LBRACELESS field_expr_list GREATERRBRACE  (337)
	simple_expr : mod_longident . DOT LBRACELESS GREATERRBRACE  (338)
	simple_expr : mod_longident . DOT LBRACELESS field_expr_list error  (339)
	simple_expr : mod_longident . DOT LPAREN MODULE ext_attributes module_expr COLON package_type RPAREN  (345)
	simple_expr : mod_longident . DOT LPAREN MODULE ext_attributes module_expr COLON error  (346)
	val_longident : mod_longident . DOT val_ident  (673)
	constr_longident : mod_longident .  (674)
	constr_longident : mod_longident . DOT LPAREN COLONCOLON RPAREN  (675)
	label_longident : mod_longident . DOT LIDENT  (682)
	mod_longident : mod_longident . DOT UIDENT  (686)

	DOT  shift 524
	DOTOP  reduce 674
	HASH  reduce 674
	HASHOP  reduce 674
	WITH  reduce 674


state 208
	simple_expr : simple_expr . DOT label_longident  (294)
	simple_expr : simple_expr . DOT LPAREN seq_expr RPAREN  (298)
	simple_expr : simple_expr . DOT LPAREN seq_expr error  (299)
	simple_expr : simple_expr . DOT LBRACKET seq_expr RBRACKET  (300)
	simple_expr : simple_expr . DOT LBRACKET seq_expr error  (301)
	simple_expr : simple_expr . DOTOP LBRACKET expr RBRACKET  (302)
	simple_expr : simple_expr . DOTOP LBRACKET expr error  (303)
	simple_expr : simple_expr . DOTOP LPAREN expr RPAREN  (304)
	simple_expr : simple_expr . DOTOP LPAREN expr error  (305)
	simple_expr : simple_expr . DOTOP LBRACE expr RBRACE  (306)
	simple_expr : simple_expr . DOTOP LBRACE expr error  (307)
	simple_expr : simple_expr . DOT mod_longident DOTOP LBRACKET expr RBRACKET  (308)
	simple_expr : simple_expr . DOT mod_longident DOTOP LBRACKET expr error  (309)
	simple_expr : simple_expr . DOT mod_longident DOTOP LPAREN expr RPAREN  (310)
	simple_expr : simple_expr . DOT mod_longident DOTOP LPAREN expr error  (311)
	simple_expr : simple_expr . DOT mod_longident DOTOP LBRACE expr RBRACE  (312)
	simple_expr : simple_expr . DOT mod_longident DOTOP LBRACE expr error  (313)
	simple_expr : simple_expr . DOT LBRACE expr RBRACE  (314)
	simple_expr : simple_expr . DOT LBRACE expr_comma_list error  (315)
	simple_expr : simple_expr . HASH label  (340)
	simple_expr : simple_expr . HASHOP simple_expr  (341)
	record_expr : simple_expr . WITH lbl_expr_list  (385)

	DOT  shift 489
	DOTOP  shift 490
	HASH  shift 375
	HASHOP  shift 376
	WITH  shift 525
	.  error


state 209
	lbl_expr : label_longident . opt_type_constraint EQUAL expr  (390)
	lbl_expr : label_longident . opt_type_constraint  (391)
	opt_type_constraint : .  (404)

	COLON  shift 526
	COLONGREATER  shift 527
	error  reduce 404
	EQUAL  reduce 404
	RBRACE  reduce 404
	SEMI  reduce 404

	type_constraint  goto 528
	opt_type_constraint  goto 529


state 210
	simple_expr : LBRACE record_expr . RBRACE  (316)
	simple_expr : LBRACE record_expr . error  (317)

	error  shift 530
	RBRACE  shift 531
	.  error


state 211
	record_expr : lbl_expr_list .  (386)

	.  reduce 386


state 212
	lbl_expr_list : lbl_expr .  (387)
	lbl_expr_list : lbl_expr . SEMI lbl_expr_list  (388)
	lbl_expr_list : lbl_expr . SEMI  (389)

	SEMI  shift 532
	error  reduce 387
	RBRACE  reduce 387


state 213
	simple_expr : LBRACELESS GREATERRBRACE .  (336)

	.  reduce 336


state 214
	label : LIDENT .  (620)

	.  reduce 620


state 215
	field_expr : label . EQUAL expr  (394)
	field_expr : label .  (395)

	EQUAL  shift 533
	error  reduce 395
	GREATERRBRACE  reduce 395
	SEMI  reduce 395


state 216
	simple_expr : LBRACELESS field_expr_list . GREATERRBRACE  (334)
	simple_expr : LBRACELESS field_expr_list . error  (335)

	error  shift 534
	GREATERRBRACE  shift 535
	.  error


state 217
	field_expr_list : field_expr . opt_semi  (392)
	field_expr_list : field_expr . SEMI field_expr_list  (393)
	opt_semi : .  (725)

	SEMI  shift 536
	error  reduce 725
	GREATERRBRACE  reduce 725

	opt_semi  goto 537


state 218
	constr_longident : LBRACKET RBRACKET .  (676)

	.  reduce 676


state 219
	expr : expr . COLONCOLON expr  (244)
	expr : expr . INFIXOP0 expr  (245)
	expr : expr . INFIXOP1 expr  (246)
	expr : expr . INFIXOP2 expr  (247)
	expr : expr . INFIXOP3 expr  (248)
	expr : expr . INFIXOP4 expr  (249)
	expr : expr . PLUS expr  (250)
	expr : expr . PLUSDOT expr  (251)
	expr : expr . PLUSEQ expr  (252)
	expr : expr . MINUS expr  (253)
	expr : expr . MINUSDOT expr  (254)
	expr : expr . STAR expr  (255)
	expr : expr . PERCENT expr  (256)
	expr : expr . EQUAL expr  (257)
	expr : expr . LESS expr  (258)
	expr : expr . GREATER expr  (259)
	expr : expr . OR expr  (260)
	expr : expr . BARBAR expr  (261)
	expr : expr . AMPERSAND expr  (262)
	expr : expr . AMPERAMPER expr  (263)
	expr : expr . COLONEQUAL expr  (264)
	expr : expr . attribute  (282)
	expr_comma_list : expr . COMMA expr  (384)
	expr_semi_list : expr .  (396)

	AMPERAMPER  shift 333
	AMPERSAND  shift 334
	BARBAR  shift 335
	COLONCOLON  shift 336
	COLONEQUAL  shift 337
	COMMA  shift 338
	EQUAL  shift 339
	GREATER  shift 340
	INFIXOP0  shift 341
	INFIXOP1  shift 342
	INFIXOP2  shift 343
	INFIXOP3  shift 344
	INFIXOP4  shift 345
	LESS  shift 346
	LBRACKETAT  shift 185
	MINUS  shift 347
	MINUSDOT  shift 348
	OR  shift 349
	PERCENT  shift 350
	PLUS  shift 351
	PLUSDOT  shift 352
	PLUSEQ  shift 353
	STAR  shift 355
	error  reduce 396
	BARRBRACKET  reduce 396
	RBRACKET  reduce 396
	SEMI  reduce 396

	attribute  goto 356


state 220
	simple_expr : LBRACKET expr_semi_list . opt_semi RBRACKET  (326)
	simple_expr : LBRACKET expr_semi_list . opt_semi error  (327)
	expr_semi_list : expr_semi_list . SEMI expr  (397)
	opt_semi : .  (725)

	SEMI  shift 538
	error  reduce 725
	RBRACKET  reduce 725

	opt_semi  goto 539


state 221
	simple_expr : LBRACKETBAR BARRBRACKET .  (322)

	.  reduce 322


state 222
	simple_expr : LBRACKETBAR expr_semi_list . opt_semi BARRBRACKET  (320)
	simple_expr : LBRACKETBAR expr_semi_list . opt_semi error  (321)
	expr_semi_list : expr_semi_list . SEMI expr  (397)
	opt_semi : .  (725)

	SEMI  shift 538
	error  reduce 725
	BARRBRACKET  reduce 725

	opt_semi  goto 540


state 223
	single_attr_id : AND .  (733)

	.  reduce 733


state 224
	single_attr_id : AS .  (734)

	.  reduce 734


state 225
	single_attr_id : ASSERT .  (735)

	.  reduce 735


state 226
	single_attr_id : BEGIN .  (736)

	.  reduce 736


state 227
	single_attr_id : CLASS .  (737)

	.  reduce 737


state 228
	single_attr_id : CONSTRAINT .  (738)

	.  reduce 738


state 229
	single_attr_id : DO .  (739)

	.  reduce 739


state 230
	single_attr_id : DONE .  (740)

	.  reduce 740


state 231
	single_attr_id : DOWNTO .  (741)

	.  reduce 741


state 232
	single_attr_id : ELSE .  (742)

	.  reduce 742


state 233
	single_attr_id : END .  (743)

	.  reduce 743


state 234
	single_attr_id : EXCEPTION .  (744)

	.  reduce 744


state 235
	single_attr_id : EXTERNAL .  (745)

	.  reduce 745


state 236
	single_attr_id : FALSE .  (746)

	.  reduce 746


state 237
	single_attr_id : FOR .  (747)

	.  reduce 747


state 238
	single_attr_id : FUN .  (748)

	.  reduce 748


state 239
	single_attr_id : FUNCTION .  (749)

	.  reduce 749


state 240
	single_attr_id : FUNCTOR .  (750)

	.  reduce 750


state 241
	single_attr_id : IF .  (751)

	.  reduce 751


state 242
	single_attr_id : IN .  (752)

	.  reduce 752


state 243
	single_attr_id : INCLUDE .  (753)

	.  reduce 753


state 244
	single_attr_id : INHERIT .  (754)

	.  reduce 754


state 245
	single_attr_id : INITIALIZER .  (755)

	.  reduce 755


state 246
	single_attr_id : LAZY .  (756)

	.  reduce 756


state 247
	single_attr_id : LET .  (757)

	.  reduce 757


state 248
	single_attr_id : LIDENT .  (731)

	.  reduce 731


state 249
	single_attr_id : MATCH .  (758)

	.  reduce 758


state 250
	single_attr_id : METHOD .  (759)

	.  reduce 759


state 251
	single_attr_id : MODULE .  (760)

	.  reduce 760


state 252
	single_attr_id : MUTABLE .  (761)

	.  reduce 761


state 253
	single_attr_id : NEW .  (762)

	.  reduce 762


state 254
	single_attr_id : NONREC .  (763)

	.  reduce 763


state 255
	single_attr_id : OBJECT .  (764)

	.  reduce 764


state 256
	single_attr_id : OF .  (765)

	.  reduce 765


state 257
	single_attr_id : OPEN .  (766)

	.  reduce 766


state 258
	single_attr_id : OR .  (767)

	.  reduce 767


state 259
	single_attr_id : PRIVATE .  (768)

	.  reduce 768


state 260
	single_attr_id : REC .  (769)

	.  reduce 769


state 261
	single_attr_id : SIG .  (770)

	.  reduce 770


state 262
	single_attr_id : STRUCT .  (771)

	.  reduce 771


state 263
	single_attr_id : THEN .  (772)

	.  reduce 772


state 264
	single_attr_id : TO .  (773)

	.  reduce 773


state 265
	single_attr_id : TRUE .  (774)

	.  reduce 774


state 266
	single_attr_id : TRY .  (775)

	.  reduce 775


state 267
	single_attr_id : TYPE .  (776)

	.  reduce 776


state 268
	single_attr_id : UIDENT .  (732)

	.  reduce 732


state 269
	single_attr_id : VAL .  (777)

	.  reduce 777


state 270
	single_attr_id : VIRTUAL .  (778)

	.  reduce 778


state 271
	single_attr_id : WHEN .  (779)

	.  reduce 779


state 272
	single_attr_id : WHILE .  (780)

	.  reduce 780


state 273
	single_attr_id : WITH .  (781)

	.  reduce 781


state 274
	extension : LBRACKETPERCENT attr_id . payload RBRACKET  (794)
	structure_tail : .  (48)

	ASSERT  shift 9
	BACKQUOTE  shift 10
	BANG  shift 11
	BEGIN  shift 12
	CHAR  shift 13
	CLASS  shift 14
	COLON  shift 541
	EXCEPTION  shift 15
	EXTERNAL  shift 16
	FALSE  shift 17
	FLOAT  shift 18
	FOR  shift 19
	FUN  shift 20
	FUNCTION  shift 21
	IF  shift 22
	INCLUDE  shift 23
	INT  shift 24
	LAZY  shift 25
	LBRACE  shift 26
	LBRACELESS  shift 27
	LBRACKET  shift 28
	LBRACKETBAR  shift 29
	LBRACKETPERCENT  shift 30
	LBRACKETPERCENTPERCENT  shift 31
	LET  shift 32
	LIDENT  shift 33
	LPAREN  shift 34
	LBRACKETATATAT  shift 35
	MATCH  shift 36
	MINUS  shift 37
	MINUSDOT  shift 38
	MODULE  shift 39
	NEW  shift 40
	OBJECT  shift 41
	OPEN  shift 42
	PLUS  shift 43
	PLUSDOT  shift 44
	PREFIXOP  shift 45
	QUESTION  shift 542
	SEMISEMI  shift 46
	STRING  shift 47
	TRUE  shift 48
	TRY  shift 49
	TYPE  shift 50
	UIDENT  shift 51
	UNDERSCORE  shift 52
	VAL  shift 53
	WHILE  shift 54
	RBRACKET  reduce 48

	structure  goto 543
	seq_expr  goto 57
	structure_item  goto 58
	mod_longident  goto 59
	extension  goto 60
	expr  goto 61
	structure_tail  goto 62
	let_bindings  goto 63
	primitive_declaration  goto 64
	value_description  goto 65
	type_declarations  goto 66
	str_type_extension  goto 67
	str_exception_declaration  goto 68
	module_binding  goto 69
	rec_module_bindings  goto 70
	module_type_declaration  goto 71
	open_statement  goto 72
	class_declarations  goto 73
	class_type_declarations  goto 74
	str_include_statement  goto 75
	item_extension  goto 76
	floating_attribute  goto 77
	rec_module_binding  goto 78
	sig_exception_declaration  goto 79
	class_declaration  goto 80
	label  goto 81
	class_type_declaration  goto 82
	simple_expr  goto 83
	expr_comma_list  goto 84
	constr_longident  goto 85
	name_tag  goto 86
	subtractive  goto 87
	additive  goto 88
	val_longident  goto 89
	constant  goto 90
	val_ident  goto 91
	let_binding  goto 92
	type_declaration  goto 93
	payload  goto 544


state 275
	attr_id : single_attr_id .  (782)
	attr_id : single_attr_id . DOT attr_id  (783)

	DOT  shift 545
	error  reduce 782
	ASSERT  reduce 782
	BACKQUOTE  reduce 782
	BANG  reduce 782
	BAR  reduce 782
	BEGIN  reduce 782
	CHAR  reduce 782
	CLASS  reduce 782
	COLON  reduce 782
	CONSTRAINT  reduce 782
	END  reduce 782
	EXCEPTION  reduce 782
	EXTERNAL  reduce 782
	FALSE  reduce 782
	FLOAT  reduce 782
	FOR  reduce 782
	FUN  reduce 782
	FUNCTION  reduce 782
	FUNCTOR  reduce 782
	IF  reduce 782
	INCLUDE  reduce 782
	INHERIT  reduce 782
	INITIALIZER  reduce 782
	INT  reduce 782
	LABEL  reduce 782
	LAZY  reduce 782
	LBRACE  reduce 782
	LBRACELESS  reduce 782
	LBRACKET  reduce 782
	LBRACKETBAR  reduce 782
	LBRACKETPERCENT  reduce 782
	LBRACKETPERCENTPERCENT  reduce 782
	LET  reduce 782
	LIDENT  reduce 782
	LPAREN  reduce 782
	LBRACKETAT  reduce 782
	LBRACKETATATAT  reduce 782
	MATCH  reduce 782
	METHOD  reduce 782
	MINUS  reduce 782
	MINUSDOT  reduce 782
	MODULE  reduce 782
	NEW  reduce 782
	NONREC  reduce 782
	OBJECT  reduce 782
	OPEN  reduce 782
	OPTLABEL  reduce 782
	PLUS  reduce 782
	PLUSDOT  reduce 782
	PREFIXOP  reduce 782
	QUESTION  reduce 782
	QUOTE  reduce 782
	RBRACKET  reduce 782
	REC  reduce 782
	SEMISEMI  reduce 782
	HASH  reduce 782
	SIG  reduce 782
	STRING  reduce 782
	STRUCT  reduce 782
	TILDE  reduce 782
	TRUE  reduce 782
	TRY  reduce 782
	TYPE  reduce 782
	UIDENT  reduce 782
	UNDERSCORE  reduce 782
	VAL  reduce 782
	VIRTUAL  reduce 782
	WHILE  reduce 782


state 276
	item_extension : LBRACKETPERCENTPERCENT attr_id . payload RBRACKET  (795)
	structure_tail : .  (48)

	ASSERT  shift 9
	BACKQUOTE  shift 10
	BANG  shift 11
	BEGIN  shift 12
	CHAR  shift 13
	CLASS  shift 14
	COLON  shift 541
	EXCEPTION  shift 15
	EXTERNAL  shift 16
	FALSE  shift 17
	FLOAT  shift 18
	FOR  shift 19
	FUN  shift 20
	FUNCTION  shift 21
	IF  shift 22
	INCLUDE  shift 23
	INT  shift 24
	LAZY  shift 25
	LBRACE  shift 26
	LBRACELESS  shift 27
	LBRACKET  shift 28
	LBRACKETBAR  shift 29
	LBRACKETPERCENT  shift 30
	LBRACKETPERCENTPERCENT  shift 31
	LET  shift 32
	LIDENT  shift 33
	LPAREN  shift 34
	LBRACKETATATAT  shift 35
	MATCH  shift 36
	MINUS  shift 37
	MINUSDOT  shift 38
	MODULE  shift 39
	NEW  shift 40
	OBJECT  shift 41
	OPEN  shift 42
	PLUS  shift 43
	PLUSDOT  shift 44
	PREFIXOP  shift 45
	QUESTION  shift 542
	SEMISEMI  shift 46
	STRING  shift 47
	TRUE  shift 48
	TRY  shift 49
	TYPE  shift 50
	UIDENT  shift 51
	UNDERSCORE  shift 52
	VAL  shift 53
	WHILE  shift 54
	RBRACKET  reduce 48

	structure  goto 543
	seq_expr  goto 57
	structure_item  goto 58
	mod_longident  goto 59
	extension  goto 60
	expr  goto 61
	structure_tail  goto 62
	let_bindings  goto 63
	primitive_declaration  goto 64
	value_description  goto 65
	type_declarations  goto 66
	str_type_extension  goto 67
	str_exception_declaration  goto 68
	module_binding  goto 69
	rec_module_bindings  goto 70
	module_type_declaration  goto 71
	open_statement  goto 72
	class_declarations  goto 73
	class_type_declarations  goto 74
	str_include_statement  goto 75
	item_extension  goto 76
	floating_attribute  goto 77
	rec_module_binding  goto 78
	sig_exception_declaration  goto 79
	class_declaration  goto 80
	label  goto 81
	class_type_declaration  goto 82
	simple_expr  goto 83
	expr_comma_list  goto 84
	constr_longident  goto 85
	name_tag  goto 86
	subtractive  goto 87
	additive  goto 88
	val_longident  goto 89
	constant  goto 90
	val_ident  goto 91
	let_binding  goto 92
	type_declaration  goto 93
	payload  goto 546


state 277
	expr : LET EXCEPTION . ext_attributes let_exception_declaration IN seq_expr  (229)
	ext_attributes : .  (791)

	LBRACKETAT  shift 185
	PERCENT  shift 186
	FALSE  reduce 791
	LBRACKET  reduce 791
	LPAREN  reduce 791
	TRUE  reduce 791
	UIDENT  reduce 791

	attribute  goto 187
	ext_attributes  goto 547


state 278
	expr : LET MODULE . ext_attributes UIDENT module_binding_body IN seq_expr  (228)
	ext_attributes : .  (791)

	LBRACKETAT  shift 185
	PERCENT  shift 186
	UIDENT  reduce 791

	attribute  goto 187
	ext_attributes  goto 548


state 279
	expr : LET OPEN . override_flag ext_attributes mod_longident IN seq_expr  (230)
	override_flag : .  (721)

	BANG  shift 317
	LBRACKETAT  reduce 721
	PERCENT  reduce 721
	UIDENT  reduce 721

	override_flag  goto 549


state 280
	let_binding : LET ext_attributes . rec_flag let_binding_body post_item_attributes  (367)
	rec_flag : .  (704)

	REC  shift 550
	BACKQUOTE  reduce 704
	CHAR  reduce 704
	FALSE  reduce 704
	FLOAT  reduce 704
	INT  reduce 704
	LAZY  reduce 704
	LBRACE  reduce 704
	LBRACKET  reduce 704
	LBRACKETBAR  reduce 704
	LBRACKETPERCENT  reduce 704
	LIDENT  reduce 704
	LPAREN  reduce 704
	MINUS  reduce 704
	PLUS  reduce 704
	HASH  reduce 704
	STRING  reduce 704
	TRUE  reduce 704
	UIDENT  reduce 704
	UNDERSCORE  reduce 704

	rec_flag  goto 551


state 281
	val_ident : LPAREN error .  (635)

	.  reduce 635


state 282
	operator : AMPERAMPER .  (662)

	.  reduce 662


state 283
	operator : AMPERSAND .  (661)

	.  reduce 661


state 284
	simple_expr : BANG . simple_expr  (332)
	operator : BANG .  (650)

	BACKQUOTE  shift 10
	BANG  shift 11
	BEGIN  shift 12
	CHAR  shift 13
	FALSE  shift 17
	FLOAT  shift 18
	INT  shift 24
	LBRACE  shift 26
	LBRACELESS  shift 27
	LBRACKET  shift 28
	LBRACKETBAR  shift 29
	LBRACKETPERCENT  shift 30
	LIDENT  shift 165
	LPAREN  shift 34
	NEW  shift 40
	PREFIXOP  shift 45
	STRING  shift 47
	TRUE  shift 48
	UIDENT  shift 51
	error  reduce 650
	RPAREN  reduce 650

	mod_longident  goto 59
	extension  goto 60
	simple_expr  goto 192
	constr_longident  goto 193
	name_tag  goto 194
	val_longident  goto 89
	constant  goto 90
	val_ident  goto 91


state 285
	operator : BARBAR .  (660)

	.  reduce 660


state 286
	constr_longident : LPAREN COLONCOLON . RPAREN  (678)

	RPAREN  shift 552
	.  error


state 287
	operator : COLONEQUAL .  (663)

	.  reduce 663


state 288
	operator : EQUAL .  (656)

	.  reduce 656


state 289
	operator : GREATER .  (658)

	.  reduce 658


state 290
	operator : INFIXOP0 .  (638)

	.  reduce 638


state 291
	operator : INFIXOP1 .  (639)

	.  reduce 639


state 292
	operator : INFIXOP2 .  (640)

	.  reduce 640


state 293
	operator : INFIXOP3 .  (641)

	.  reduce 641


state 294
	operator : INFIXOP4 .  (642)

	.  reduce 642


state 295
	operator : DOTOP . LPAREN RPAREN  (643)
	operator : DOTOP . LPAREN RPAREN LESSMINUS  (644)
	operator : DOTOP . LBRACKET RBRACKET  (645)
	operator : DOTOP . LBRACKET RBRACKET LESSMINUS  (646)
	operator : DOTOP . LBRACE RBRACE  (647)
	operator : DOTOP . LBRACE RBRACE LESSMINUS  (648)

	LBRACE  shift 553
	LBRACKET  shift 554
	LPAREN  shift 555
	.  error


state 296
	operator : LESS .  (657)

	.  reduce 657


state 297
	operator : MINUS .  (653)
	subtractive : MINUS .  (727)

	error  reduce 653
	ASSERT  reduce 727
	BACKQUOTE  reduce 727
	BANG  reduce 727
	BEGIN  reduce 727
	CHAR  reduce 727
	FALSE  reduce 727
	FLOAT  reduce 727
	FOR  reduce 727
	FUN  reduce 727
	FUNCTION  reduce 727
	IF  reduce 727
	INT  reduce 727
	LAZY  reduce 727
	LBRACE  reduce 727
	LBRACELESS  reduce 727
	LBRACKET  reduce 727
	LBRACKETBAR  reduce 727
	LBRACKETPERCENT  reduce 727
	LET  reduce 727
	LIDENT  reduce 727
	LPAREN  reduce 727
	MATCH  reduce 727
	MINUS  reduce 727
	MINUSDOT  reduce 727
	NEW  reduce 727
	OBJECT  reduce 727
	PLUS  reduce 727
	PLUSDOT  reduce 727
	PREFIXOP  reduce 727
	RPAREN  reduce 653
	STRING  reduce 727
	TRUE  reduce 727
	TRY  reduce 727
	UIDENT  reduce 727
	UNDERSCORE  reduce 727
	WHILE  reduce 727


state 298
	operator : MINUSDOT .  (654)
	subtractive : MINUSDOT .  (728)

	error  reduce 654
	ASSERT  reduce 728
	BACKQUOTE  reduce 728
	BANG  reduce 728
	BEGIN  reduce 728
	CHAR  reduce 728
	FALSE  reduce 728
	FLOAT  reduce 728
	FOR  reduce 728
	FUN  reduce 728
	FUNCTION  reduce 728
	IF  reduce 728
	INT  reduce 728
	LAZY  reduce 728
	LBRACE  reduce 728
	LBRACELESS  reduce 728
	LBRACKET  reduce 728
	LBRACKETBAR  reduce 728
	LBRACKETPERCENT  reduce 728
	LET  reduce 728
	LIDENT  reduce 728
	LPAREN  reduce 728
	MATCH  reduce 728
	MINUS  reduce 728
	MINUSDOT  reduce 728
	NEW  reduce 728
	OBJECT  reduce 728
	PLUS  reduce 728
	PLUSDOT  reduce 728
	PREFIXOP  reduce 728
	RPAREN  reduce 654
	STRING  reduce 728
	TRUE  reduce 728
	TRY  reduce 728
	UIDENT  reduce 728
	UNDERSCORE  reduce 728
	WHILE  reduce 728


state 299
	simple_expr : LPAREN MODULE . ext_attributes module_expr RPAREN  (342)
	simple_expr : LPAREN MODULE . ext_attributes module_expr COLON package_type RPAREN  (343)
	simple_expr : LPAREN MODULE . ext_attributes module_expr COLON error  (344)
	val_ident : LPAREN MODULE . error  (636)
	ext_attributes : .  (791)

	error  shift 556
	LBRACKETAT  shift 185
	PERCENT  shift 186
	FUNCTOR  reduce 791
	LBRACKETPERCENT  reduce 791
	LPAREN  reduce 791
	STRUCT  reduce 791
	UIDENT  reduce 791

	attribute  goto 187
	ext_attributes  goto 557


state 300
	operator : OR .  (659)

	.  reduce 659


state 301
	operator : PERCENT .  (665)

	.  reduce 665


state 302
	operator : PLUS .  (651)
	additive : PLUS .  (729)

	error  reduce 651
	ASSERT  reduce 729
	BACKQUOTE  reduce 729
	BANG  reduce 729
	BEGIN  reduce 729
	CHAR  reduce 729
	FALSE  reduce 729
	FLOAT  reduce 729
	FOR  reduce 729
	FUN  reduce 729
	FUNCTION  reduce 729
	IF  reduce 729
	INT  reduce 729
	LAZY  reduce 729
	LBRACE  reduce 729
	LBRACELESS  reduce 729
	LBRACKET  reduce 729
	LBRACKETBAR  reduce 729
	LBRACKETPERCENT  reduce 729
	LET  reduce 729
	LIDENT  reduce 729
	LPAREN  reduce 729
	MATCH  reduce 729
	MINUS  reduce 729
	MINUSDOT  reduce 729
	NEW  reduce 729
	OBJECT  reduce 729
	PLUS  reduce 729
	PLUSDOT  reduce 729
	PREFIXOP  reduce 729
	RPAREN  reduce 651
	STRING  reduce 729
	TRUE  reduce 729
	TRY  reduce 729
	UIDENT  reduce 729
	UNDERSCORE  reduce 729
	WHILE  reduce 729


state 303
	operator : PLUSDOT .  (652)
	additive : PLUSDOT .  (730)

	error  reduce 652
	ASSERT  reduce 730
	BACKQUOTE  reduce 730
	BANG  reduce 730
	BEGIN  reduce 730
	CHAR  reduce 730
	FALSE  reduce 730
	FLOAT  reduce 730
	FOR  reduce 730
	FUN  reduce 730
	FUNCTION  reduce 730
	IF  reduce 730
	INT  reduce 730
	LAZY  reduce 730
	LBRACE  reduce 730
	LBRACELESS  reduce 730
	LBRACKET  reduce 730
	LBRACKETBAR  reduce 730
	LBRACKETPERCENT  reduce 730
	LET  reduce 730
	LIDENT  reduce 730
	LPAREN  reduce 730
	MATCH  reduce 730
	MINUS  reduce 730
	MINUSDOT  reduce 730
	NEW  reduce 730
	OBJECT  reduce 730
	PLUS  reduce 730
	PLUSDOT  reduce 730
	PREFIXOP  reduce 730
	RPAREN  reduce 652
	STRING  reduce 730
	TRUE  reduce 730
	TRY  reduce 730
	UIDENT  reduce 730
	UNDERSCORE  reduce 730
	WHILE  reduce 730


state 304
	operator : PLUSEQ .  (664)

	.  reduce 664


state 305
	simple_expr : PREFIXOP . simple_expr  (331)
	operator : PREFIXOP .  (637)

	BACKQUOTE  shift 10
	BANG  shift 11
	BEGIN  shift 12
	CHAR  shift 13
	FALSE  shift 17
	FLOAT  shift 18
	INT  shift 24
	LBRACE  shift 26
	LBRACELESS  shift 27
	LBRACKET  shift 28
	LBRACKETBAR  shift 29
	LBRACKETPERCENT  shift 30
	LIDENT  shift 165
	LPAREN  shift 34
	NEW  shift 40
	PREFIXOP  shift 45
	STRING  shift 47
	TRUE  shift 48
	UIDENT  shift 51
	error  reduce 637
	RPAREN  reduce 637

	mod_longident  goto 59
	extension  goto 60
	simple_expr  goto 319
	constr_longident  goto 193
	name_tag  goto 194
	val_longident  goto 89
	constant  goto 90
	val_ident  goto 91


state 306
	constr_longident : LPAREN RPAREN .  (677)

	.  reduce 677


state 307
	operator : HASHOP .  (649)

	.  reduce 649


state 308
	operator : STAR .  (655)

	.  reduce 655


state 309
	simple_expr : LPAREN seq_expr . RPAREN  (288)
	simple_expr : LPAREN seq_expr . error  (289)
	simple_expr : LPAREN seq_expr . type_constraint RPAREN  (293)

	error  shift 558
	COLON  shift 526
	COLONGREATER  shift 527
	RPAREN  shift 559
	.  error

	type_constraint  goto 560


state 310
	val_ident : LPAREN operator . RPAREN  (633)
	val_ident : LPAREN operator . error  (634)

	error  shift 561
	RPAREN  shift 562
	.  error


state 311
	floating_attribute : LBRACKETATATAT attr_id . payload RBRACKET  (786)
	structure_tail : .  (48)

	ASSERT  shift 9
	BACKQUOTE  shift 10
	BANG  shift 11
	BEGIN  shift 12
	CHAR  shift 13
	CLASS  shift 14
	COLON  shift 541
	EXCEPTION  shift 15
	EXTERNAL  shift 16
	FALSE  shift 17
	FLOAT  shift 18
	FOR  shift 19
	FUN  shift 20
	FUNCTION  shift 21
	IF  shift 22
	INCLUDE  shift 23
	INT  shift 24
	LAZY  shift 25
	LBRACE  shift 26
	LBRACELESS  shift 27
	LBRACKET  shift 28
	LBRACKETBAR  shift 29
	LBRACKETPERCENT  shift 30
	LBRACKETPERCENTPERCENT  shift 31
	LET  shift 32
	LIDENT  shift 33
	LPAREN  shift 34
	LBRACKETATATAT  shift 35
	MATCH  shift 36
	MINUS  shift 37
	MINUSDOT  shift 38
	MODULE  shift 39
	NEW  shift 40
	OBJECT  shift 41
	OPEN  shift 42
	PLUS  shift 43
	PLUSDOT  shift 44
	PREFIXOP  shift 45
	QUESTION  shift 542
	SEMISEMI  shift 46
	STRING  shift 47
	TRUE  shift 48
	TRY  shift 49
	TYPE  shift 50
	UIDENT  shift 51
	UNDERSCORE  shift 52
	VAL  shift 53
	WHILE  shift 54
	RBRACKET  reduce 48

	structure  goto 543
	seq_expr  goto 57
	structure_item  goto 58
	mod_longident  goto 59
	extension  goto 60
	expr  goto 61
	structure_tail  goto 62
	let_bindings  goto 63
	primitive_declaration  goto 64
	value_description  goto 65
	type_declarations  goto 66
	str_type_extension  goto 67
	str_exception_declaration  goto 68
	module_binding  goto 69
	rec_module_bindings  goto 70
	module_type_declaration  goto 71
	open_statement  goto 72
	class_declarations  goto 73
	class_type_declarations  goto 74
	str_include_statement  goto 75
	item_extension  goto 76
	floating_attribute  goto 77
	rec_module_binding  goto 78
	sig_exception_declaration  goto 79
	class_declaration  goto 80
	label  goto 81
	class_type_declaration  goto 82
	simple_expr  goto 83
	expr_comma_list  goto 84
	constr_longident  goto 85
	name_tag  goto 86
	subtractive  goto 87
	additive  goto 88
	val_longident  goto 89
	constant  goto 90
	val_ident  goto 91
	let_binding  goto 92
	type_declaration  goto 93
	payload  goto 563


state 312
	expr : MATCH ext_attributes . seq_expr WITH opt_bar match_cases  (234)

	ASSERT  shift 9
	BACKQUOTE  shift 10
	BANG  shift 11
	BEGIN  shift 12
	CHAR  shift 13
	FALSE  shift 17
	FLOAT  shift 18
	FOR  shift 19
	FUN  shift 20
	FUNCTION  shift 21
	IF  shift 22
	INT  shift 24
	LAZY  shift 25
	LBRACE  shift 26
	LBRACELESS  shift 27
	LBRACKET  shift 28
	LBRACKETBAR  shift 29
	LBRACKETPERCENT  shift 30
	LET  shift 32
	LIDENT  shift 33
	LPAREN  shift 34
	MATCH  shift 36
	MINUS  shift 37
	MINUSDOT  shift 38
	NEW  shift 40
	OBJECT  shift 41
	PLUS  shift 43
	PLUSDOT  shift 44
	PREFIXOP  shift 45
	STRING  shift 47
	TRUE  shift 48
	TRY  shift 49
	UIDENT  shift 51
	UNDERSCORE  shift 52
	WHILE  shift 54
	.  error

	seq_expr  goto 564
	mod_longident  goto 59
	extension  goto 60
	expr  goto 61
	let_bindings  goto 159
	label  goto 81
	simple_expr  goto 83
	expr_comma_list  goto 84
	constr_longident  goto 85
	name_tag  goto 86
	subtractive  goto 87
	additive  goto 88
	val_longident  goto 89
	constant  goto 90
	val_ident  goto 91
	let_binding  goto 92


state 313
	module_type_declaration : MODULE TYPE . ext_attributes ident module_type_declaration_body post_item_attributes  (117)
	ext_attributes : .  (791)

	LBRACKETAT  shift 185
	PERCENT  shift 186
	LIDENT  reduce 791
	UIDENT  reduce 791

	attribute  goto 187
	ext_attributes  goto 565


state 314
	module_binding : MODULE ext_attributes . UIDENT module_binding_body post_item_attributes  (70)
	rec_module_binding : MODULE ext_attributes . REC UIDENT module_binding_body post_item_attributes  (73)

	REC  shift 566
	UIDENT  shift 567
	.  error


state 315
	simple_expr : NEW ext_attributes . class_longident  (333)

	LIDENT  shift 436
	UIDENT  shift 51
	.  error

	mod_longident  goto 437
	class_longident  goto 568


state 316
	expr : OBJECT ext_attributes . class_structure END  (280)
	expr : OBJECT ext_attributes . class_structure error  (281)
	class_self_pattern : .  (147)

	LPAREN  shift 569
	error  reduce 147
	CONSTRAINT  reduce 147
	END  reduce 147
	INHERIT  reduce 147
	INITIALIZER  reduce 147
	LBRACKETPERCENTPERCENT  reduce 147
	LBRACKETATATAT  reduce 147
	METHOD  reduce 147
	VAL  reduce 147

	class_structure  goto 570
	class_self_pattern  goto 571


state 317
	override_flag : BANG .  (722)

	.  reduce 722


state 318
	open_statement : OPEN override_flag . ext_attributes mod_longident post_item_attributes  (104)
	ext_attributes : .  (791)

	LBRACKETAT  shift 185
	PERCENT  shift 186
	UIDENT  reduce 791

	attribute  goto 187
	ext_attributes  goto 572


state 319
	simple_expr : simple_expr . DOT label_longident  (294)
	simple_expr : simple_expr . DOT LPAREN seq_expr RPAREN  (298)
	simple_expr : simple_expr . DOT LPAREN seq_expr error  (299)
	simple_expr : simple_expr . DOT LBRACKET seq_expr RBRACKET  (300)
	simple_expr : simple_expr . DOT LBRACKET seq_expr error  (301)
	simple_expr : simple_expr . DOTOP LBRACKET expr RBRACKET  (302)
	simple_expr : simple_expr . DOTOP LBRACKET expr error  (303)
	simple_expr : simple_expr . DOTOP LPAREN expr RPAREN  (304)
	simple_expr : simple_expr . DOTOP LPAREN expr error  (305)
	simple_expr : simple_expr . DOTOP LBRACE expr RBRACE  (306)
	simple_expr : simple_expr . DOTOP LBRACE expr error  (307)
	simple_expr : simple_expr . DOT mod_longident DOTOP LBRACKET expr RBRACKET  (308)
	simple_expr : simple_expr . DOT mod_longident DOTOP LBRACKET expr error  (309)
	simple_expr : simple_expr . DOT mod_longident DOTOP LPAREN expr RPAREN  (310)
	simple_expr : simple_expr . DOT mod_longident DOTOP LPAREN expr error  (311)
	simple_expr : simple_expr . DOT mod_longident DOTOP LBRACE expr RBRACE  (312)
	simple_expr : simple_expr . DOT mod_longident DOTOP LBRACE expr error  (313)
	simple_expr : simple_expr . DOT LBRACE expr RBRACE  (314)
	simple_expr : simple_expr . DOT LBRACE expr_comma_list error  (315)
	simple_expr : PREFIXOP simple_expr .  (331)
	simple_expr : simple_expr . HASH label  (340)
	simple_expr : simple_expr . HASHOP simple_expr  (341)

	.  reduce 331


state 320
	structure_tail : SEMISEMI structure .  (49)

	.  reduce 49


state 321
	expr : TRY ext_attributes . seq_expr WITH opt_bar match_cases  (235)
	expr : TRY ext_attributes . seq_expr WITH error  (236)

	ASSERT  shift 9
	BACKQUOTE  shift 10
	BANG  shift 11
	BEGIN  shift 12
	CHAR  shift 13
	FALSE  shift 17
	FLOAT  shift 18
	FOR  shift 19
	FUN  shift 20
	FUNCTION  shift 21
	IF  shift 22
	INT  shift 24
	LAZY  shift 25
	LBRACE  shift 26
	LBRACELESS  shift 27
	LBRACKET  shift 28
	LBRACKETBAR  shift 29
	LBRACKETPERCENT  shift 30
	LET  shift 32
	LIDENT  shift 33
	LPAREN  shift 34
	MATCH  shift 36
	MINUS  shift 37
	MINUSDOT  shift 38
	NEW  shift 40
	OBJECT  shift 41
	PLUS  shift 43
	PLUSDOT  shift 44
	PREFIXOP  shift 45
	STRING  shift 47
	TRUE  shift 48
	TRY  shift 49
	UIDENT  shift 51
	UNDERSCORE  shift 52
	WHILE  shift 54
	.  error

	seq_expr  goto 573
	mod_longident  goto 59
	extension  goto 60
	expr  goto 61
	let_bindings  goto 159
	label  goto 81
	simple_expr  goto 83
	expr_comma_list  goto 84
	constr_longident  goto 85
	name_tag  goto 86
	subtractive  goto 87
	additive  goto 88
	val_longident  goto 89
	constant  goto 90
	val_ident  goto 91
	let_binding  goto 92


state 322
	type_declaration : TYPE ext_attributes . nonrec_flag optional_type_parameters LIDENT type_kind constraints post_item_attributes  (481)
	str_type_extension : TYPE ext_attributes . nonrec_flag optional_type_parameters type_longident PLUSEQ private_flag str_extension_constructors post_item_attributes  (532)
	nonrec_flag : .  (706)

	NONREC  shift 574
	LIDENT  reduce 706
	LPAREN  reduce 706
	MINUS  reduce 706
	PLUS  reduce 706
	QUOTE  reduce 706
	UIDENT  reduce 706
	UNDERSCORE  reduce 706

	nonrec_flag  goto 575


state 323
	value_description : VAL ext_attributes . val_ident COLON core_type post_item_attributes  (475)

	LIDENT  shift 165
	LPAREN  shift 502
	.  error

	val_ident  goto 576


state 324
	expr : WHILE ext_attributes . seq_expr DO seq_expr DONE  (242)

	ASSERT  shift 9
	BACKQUOTE  shift 10
	BANG  shift 11
	BEGIN  shift 12
	CHAR  shift 13
	FALSE  shift 17
	FLOAT  shift 18
	FOR  shift 19
	FUN  shift 20
	FUNCTION  shift 21
	IF  shift 22
	INT  shift 24
	LAZY  shift 25
	LBRACE  shift 26
	LBRACELESS  shift 27
	LBRACKET  shift 28
	LBRACKETBAR  shift 29
	LBRACKETPERCENT  shift 30
	LET  shift 32
	LIDENT  shift 33
	LPAREN  shift 34
	MATCH  shift 36
	MINUS  shift 37
	MINUSDOT  shift 38
	NEW  shift 40
	OBJECT  shift 41
	PLUS  shift 43
	PLUSDOT  shift 44
	PREFIXOP  shift 45
	STRING  shift 47
	TRUE  shift 48
	TRY  shift 49
	UIDENT  shift 51
	UNDERSCORE  shift 52
	WHILE  shift 54
	.  error

	seq_expr  goto 577
	mod_longident  goto 59
	extension  goto 60
	expr  goto 61
	let_bindings  goto 159
	label  goto 81
	simple_expr  goto 83
	expr_comma_list  goto 84
	constr_longident  goto 85
	name_tag  goto 86
	subtractive  goto 87
	additive  goto 88
	val_longident  goto 89
	constant  goto 90
	val_ident  goto 91
	let_binding  goto 92


state 325
	implementation : structure EOF .  (1)

	.  reduce 1


state 326
	post_item_attribute : LBRACKETATAT . attr_id payload RBRACKET  (785)

	AND  shift 223
	AS  shift 224
	ASSERT  shift 225
	BEGIN  shift 226
	CLASS  shift 227
	CONSTRAINT  shift 228
	DO  shift 229
	DONE  shift 230
	DOWNTO  shift 231
	ELSE  shift 232
	END  shift 233
	EXCEPTION  shift 234
	EXTERNAL  shift 235
	FALSE  shift 236
	FOR  shift 237
	FUN  shift 238
	FUNCTION  shift 239
	FUNCTOR  shift 240
	IF  shift 241
	IN  shift 242
	INCLUDE  shift 243
	INHERIT  shift 244
	INITIALIZER  shift 245
	LAZY  shift 246
	LET  shift 247
	LIDENT  shift 248
	MATCH  shift 249
	METHOD  shift 250
	MODULE  shift 251
	MUTABLE  shift 252
	NEW  shift 253
	NONREC  shift 254
	OBJECT  shift 255
	OF  shift 256
	OPEN  shift 257
	OR  shift 258
	PRIVATE  shift 259
	REC  shift 260
	SIG  shift 261
	STRUCT  shift 262
	THEN  shift 263
	TO  shift 264
	TRUE  shift 265
	TRY  shift 266
	TYPE  shift 267
	UIDENT  shift 268
	VAL  shift 269
	VIRTUAL  shift 270
	WHEN  shift 271
	WHILE  shift 272
	WITH  shift 273
	.  error

	attr_id  goto 578
	single_attr_id  goto 275


state 327
	structure : seq_expr post_item_attributes . structure_tail  (46)
	structure_tail : .  (48)

	CLASS  shift 14
	EXCEPTION  shift 15
	EXTERNAL  shift 16
	INCLUDE  shift 23
	LBRACKETPERCENTPERCENT  shift 31
	LET  shift 329
	LBRACKETATATAT  shift 35
	MODULE  shift 39
	OPEN  shift 42
	SEMISEMI  shift 46
	TYPE  shift 50
	VAL  shift 53
	error  reduce 48
	END  reduce 48
	EOF  reduce 48
	RBRACKET  reduce 48

	structure_item  goto 58
	structure_tail  goto 579
	let_bindings  goto 331
	primitive_declaration  goto 64
	value_description  goto 65
	type_declarations  goto 66
	str_type_extension  goto 67
	str_exception_declaration  goto 68
	module_binding  goto 69
	rec_module_bindings  goto 70
	module_type_declaration  goto 71
	open_statement  goto 72
	class_declarations  goto 73
	class_type_declarations  goto 74
	str_include_statement  goto 75
	item_extension  goto 76
	floating_attribute  goto 77
	rec_module_binding  goto 78
	sig_exception_declaration  goto 79
	class_declaration  goto 80
	class_type_declaration  goto 82
	let_binding  goto 92
	type_declaration  goto 93


state 328
	post_item_attributes : post_item_attribute . post_item_attributes  (788)
	post_item_attributes : .  (787)

	LBRACKETATAT  shift 326
	error  reduce 787
	AND  reduce 787
	CLASS  reduce 787
	CONSTRAINT  reduce 787
	END  reduce 787
	EOF  reduce 787
	EXCEPTION  reduce 787
	EXTERNAL  reduce 787
	IN  reduce 787
	INCLUDE  reduce 787
	INHERIT  reduce 787
	INITIALIZER  reduce 787
	LBRACKETPERCENTPERCENT  reduce 787
	LET  reduce 787
	LBRACKETATATAT  reduce 787
	METHOD  reduce 787
	MODULE  reduce 787
	OPEN  reduce 787
	RBRACKET  reduce 787
	SEMISEMI  reduce 787
	HASH  reduce 787
	TYPE  reduce 787
	VAL  reduce 787

	post_item_attributes  goto 580
	post_item_attribute  goto 328


state 329
	let_binding : LET . ext_attributes rec_flag let_binding_body post_item_attributes  (367)
	ext_attributes : .  (791)

	LBRACKETAT  shift 185
	PERCENT  shift 186
	BACKQUOTE  reduce 791
	CHAR  reduce 791
	FALSE  reduce 791
	FLOAT  reduce 791
	INT  reduce 791
	LAZY  reduce 791
	LBRACE  reduce 791
	LBRACKET  reduce 791
	LBRACKETBAR  reduce 791
	LBRACKETPERCENT  reduce 791
	LIDENT  reduce 791
	LPAREN  reduce 791
	MINUS  reduce 791
	PLUS  reduce 791
	REC  reduce 791
	HASH  reduce 791
	STRING  reduce 791
	TRUE  reduce 791
	UIDENT  reduce 791
	UNDERSCORE  reduce 791

	attribute  goto 187
	ext_attributes  goto 280


state 330
	structure_tail : structure_item structure_tail .  (50)

	.  reduce 50


state 331
	structure_item : let_bindings .  (51)
	let_bindings : let_bindings . and_let_binding  (366)

	AND  shift 357
	error  reduce 51
	CLASS  reduce 51
	END  reduce 51
	EOF  reduce 51
	EXCEPTION  reduce 51
	EXTERNAL  reduce 51
	INCLUDE  reduce 51
	LBRACKETPERCENTPERCENT  reduce 51
	LET  reduce 51
	LBRACKETATATAT  reduce 51
	MODULE  reduce 51
	OPEN  reduce 51
	RBRACKET  reduce 51
	SEMISEMI  reduce 51
	HASH  reduce 51
	TYPE  reduce 51
	VAL  reduce 51

	and_let_binding  goto 359


state 332
	simple_expr : mod_longident DOT . LPAREN seq_expr RPAREN  (295)
	simple_expr : mod_longident DOT . LPAREN RPAREN  (296)
	simple_expr : mod_longident DOT . LPAREN seq_expr error  (297)
	simple_expr : mod_longident DOT . LBRACE record_expr RBRACE  (318)
	simple_expr : mod_longident DOT . LBRACE record_expr error  (319)
	simple_expr : mod_longident DOT . LBRACKETBAR expr_semi_list opt_semi BARRBRACKET  (323)
	simple_expr : mod_longident DOT . LBRACKETBAR BARRBRACKET  (324)
	simple_expr : mod_longident DOT . LBRACKETBAR expr_semi_list opt_semi error  (325)
	simple_expr : mod_longident DOT . LBRACKET expr_semi_list opt_semi RBRACKET  (328)
	simple_expr : mod_longident DOT . LBRACKET RBRACKET  (329)
	simple_expr : mod_longident DOT . LBRACKET expr_semi_list opt_semi error  (330)
	simple_expr : mod_longident DOT . LBRACELESS field_expr_list GREATERRBRACE  (337)
	simple_expr : mod_longident DOT . LBRACELESS GREATERRBRACE  (338)
	simple_expr : mod_longident DOT . LBRACELESS field_expr_list error  (339)
	simple_expr : mod_longident DOT . LPAREN MODULE ext_attributes module_expr COLON package_type RPAREN  (345)
	simple_expr : mod_longident DOT . LPAREN MODULE ext_attributes module_expr COLON error  (346)
	val_longident : mod_longident DOT . val_ident  (673)
	constr_longident : mod_longident DOT . LPAREN COLONCOLON RPAREN  (675)
	mod_longident : mod_longident DOT . UIDENT  (686)

	LBRACE  shift 581
	LBRACELESS  shift 582
	LBRACKET  shift 583
	LBRACKETBAR  shift 584
	LIDENT  shift 165
	LPAREN  shift 585
	UIDENT  shift 586
	.  error

	val_ident  goto 587


state 333
	expr : expr AMPERAMPER . expr  (263)

	ASSERT  shift 9
	BACKQUOTE  shift 10
	BANG  shift 11
	BEGIN  shift 12
	CHAR  shift 13
	FALSE  shift 17
	FLOAT  shift 18
	FOR  shift 19
	FUN  shift 20
	FUNCTION  shift 21
	IF  shift 22
	INT  shift 24
	LAZY  shift 25
	LBRACE  shift 26
	LBRACELESS  shift 27
	LBRACKET  shift 28
	LBRACKETBAR  shift 29
	LBRACKETPERCENT  shift 30
	LET  shift 32
	LIDENT  shift 33
	LPAREN  shift 34
	MATCH  shift 36
	MINUS  shift 37
	MINUSDOT  shift 38
	NEW  shift 40
	OBJECT  shift 41
	PLUS  shift 43
	PLUSDOT  shift 44
	PREFIXOP  shift 45
	STRING  shift 47
	TRUE  shift 48
	TRY  shift 49
	UIDENT  shift 51
	UNDERSCORE  shift 52
	WHILE  shift 54
	.  error

	mod_longident  goto 59
	extension  goto 60
	expr  goto 588
	let_bindings  goto 159
	label  goto 81
	simple_expr  goto 83
	expr_comma_list  goto 84
	constr_longident  goto 85
	name_tag  goto 86
	subtractive  goto 87
	additive  goto 88
	val_longident  goto 89
	constant  goto 90
	val_ident  goto 91
	let_binding  goto 92


state 334
	expr : expr AMPERSAND . expr  (262)

	ASSERT  shift 9
	BACKQUOTE  shift 10
	BANG  shift 11
	BEGIN  shift 12
	CHAR  shift 13
	FALSE  shift 17
	FLOAT  shift 18
	FOR  shift 19
	FUN  shift 20
	FUNCTION  shift 21
	IF  shift 22
	INT  shift 24
	LAZY  shift 25
	LBRACE  shift 26
	LBRACELESS  shift 27
	LBRACKET  shift 28
	LBRACKETBAR  shift 29
	LBRACKETPERCENT  shift 30
	LET  shift 32
	LIDENT  shift 33
	LPAREN  shift 34
	MATCH  shift 36
	MINUS  shift 37
	MINUSDOT  shift 38
	NEW  shift 40
	OBJECT  shift 41
	PLUS  shift 43
	PLUSDOT  shift 44
	PREFIXOP  shift 45
	STRING  shift 47
	TRUE  shift 48
	TRY  shift 49
	UIDENT  shift 51
	UNDERSCORE  shift 52
	WHILE  shift 54
	.  error

	mod_longident  goto 59
	extension  goto 60
	expr  goto 589
	let_bindings  goto 159
	label  goto 81
	simple_expr  goto 83
	expr_comma_list  goto 84
	constr_longident  goto 85
	name_tag  goto 86
	subtractive  goto 87
	additive  goto 88
	val_longident  goto 89
	constant  goto 90
	val_ident  goto 91
	let_binding  goto 92


state 335
	expr : expr BARBAR . expr  (261)

	ASSERT  shift 9
	BACKQUOTE  shift 10
	BANG  shift 11
	BEGIN  shift 12
	CHAR  shift 13
	FALSE  shift 17
	FLOAT  shift 18
	FOR  shift 19
	FUN  shift 20
	FUNCTION  shift 21
	IF  shift 22
	INT  shift 24
	LAZY  shift 25
	LBRACE  shift 26
	LBRACELESS  shift 27
	LBRACKET  shift 28
	LBRACKETBAR  shift 29
	LBRACKETPERCENT  shift 30
	LET  shift 32
	LIDENT  shift 33
	LPAREN  shift 34
	MATCH  shift 36
	MINUS  shift 37
	MINUSDOT  shift 38
	NEW  shift 40
	OBJECT  shift 41
	PLUS  shift 43
	PLUSDOT  shift 44
	PREFIXOP  shift 45
	STRING  shift 47
	TRUE  shift 48
	TRY  shift 49
	UIDENT  shift 51
	UNDERSCORE  shift 52
	WHILE  shift 54
	.  error

	mod_longident  goto 59
	extension  goto 60
	expr  goto 590
	let_bindings  goto 159
	label  goto 81
	simple_expr  goto 83
	expr_comma_list  goto 84
	constr_longident  goto 85
	name_tag  goto 86
	subtractive  goto 87
	additive  goto 88
	val_longident  goto 89
	constant  goto 90
	val_ident  goto 91
	let_binding  goto 92


state 336
	expr : expr COLONCOLON . expr  (244)

	ASSERT  shift 9
	BACKQUOTE  shift 10
	BANG  shift 11
	BEGIN  shift 12
	CHAR  shift 13
	FALSE  shift 17
	FLOAT  shift 18
	FOR  shift 19
	FUN  shift 20
	FUNCTION  shift 21
	IF  shift 22
	INT  shift 24
	LAZY  shift 25
	LBRACE  shift 26
	LBRACELESS  shift 27
	LBRACKET  shift 28
	LBRACKETBAR  shift 29
	LBRACKETPERCENT  shift 30
	LET  shift 32
	LIDENT  shift 33
	LPAREN  shift 34
	MATCH  shift 36
	MINUS  shift 37
	MINUSDOT  shift 38
	NEW  shift 40
	OBJECT  shift 41
	PLUS  shift 43
	PLUSDOT  shift 44
	PREFIXOP  shift 45
	STRING  shift 47
	TRUE  shift 48
	TRY  shift 49
	UIDENT  shift 51
	UNDERSCORE  shift 52
	WHILE  shift 54
	.  error

	mod_longident  goto 59
	extension  goto 60
	expr  goto 591
	let_bindings  goto 159
	label  goto 81
	simple_expr  goto 83
	expr_comma_list  goto 84
	constr_longident  goto 85
	name_tag  goto 86
	subtractive  goto 87
	additive  goto 88
	val_longident  goto 89
	constant  goto 90
	val_ident  goto 91
	let_binding  goto 92


state 337
	expr : expr COLONEQUAL . expr  (264)

	ASSERT  shift 9
	BACKQUOTE  shift 10
	BANG  shift 11
	BEGIN  shift 12
	CHAR  shift 13
	FALSE  shift 17
	FLOAT  shift 18
	FOR  shift 19
	FUN  shift 20
	FUNCTION  shift 21
	IF  shift 22
	INT  shift 24
	LAZY  shift 25
	LBRACE  shift 26
	LBRACELESS  shift 27
	LBRACKET  shift 28
	LBRACKETBAR  shift 29
	LBRACKETPERCENT  shift 30
	LET  shift 32
	LIDENT  shift 33
	LPAREN  shift 34
	MATCH  shift 36
	MINUS  shift 37
	MINUSDOT  shift 38
	NEW  shift 40
	OBJECT  shift 41
	PLUS  shift 43
	PLUSDOT  shift 44
	PREFIXOP  shift 45
	STRING  shift 47
	TRUE  shift 48
	TRY  shift 49
	UIDENT  shift 51
	UNDERSCORE  shift 52
	WHILE  shift 54
	.  error

	mod_longident  goto 59
	extension  goto 60
	expr  goto 592
	let_bindings  goto 159
	label  goto 81
	simple_expr  goto 83
	expr_comma_list  goto 84
	constr_longident  goto 85
	name_tag  goto 86
	subtractive  goto 87
	additive  goto 88
	val_longident  goto 89
	constant  goto 90
	val_ident  goto 91
	let_binding  goto 92


state 338
	expr_comma_list : expr COMMA . expr  (384)

	ASSERT  shift 9
	BACKQUOTE  shift 10
	BANG  shift 11
	BEGIN  shift 12
	CHAR  shift 13
	FALSE  shift 17
	FLOAT  shift 18
	FOR  shift 19
	FUN  shift 20
	FUNCTION  shift 21
	IF  shift 22
	INT  shift 24
	LAZY  shift 25
	LBRACE  shift 26
	LBRACELESS  shift 27
	LBRACKET  shift 28
	LBRACKETBAR  shift 29
	LBRACKETPERCENT  shift 30
	LET  shift 32
	LIDENT  shift 33
	LPAREN  shift 34
	MATCH  shift 36
	MINUS  shift 37
	MINUSDOT  shift 38
	NEW  shift 40
	OBJECT  shift 41
	PLUS  shift 43
	PLUSDOT  shift 44
	PREFIXOP  shift 45
	STRING  shift 47
	TRUE  shift 48
	TRY  shift 49
	UIDENT  shift 51
	UNDERSCORE  shift 52
	WHILE  shift 54
	.  error

	mod_longident  goto 59
	extension  goto 60
	expr  goto 593
	let_bindings  goto 159
	label  goto 81
	simple_expr  goto 83
	expr_comma_list  goto 84
	constr_longident  goto 85
	name_tag  goto 86
	subtractive  goto 87
	additive  goto 88
	val_longident  goto 89
	constant  goto 90
	val_ident  goto 91
	let_binding  goto 92


state 339
	expr : expr EQUAL . expr  (257)

	ASSERT  shift 9
	BACKQUOTE  shift 10
	BANG  shift 11
	BEGIN  shift 12
	CHAR  shift 13
	FALSE  shift 17
	FLOAT  shift 18
	FOR  shift 19
	FUN  shift 20
	FUNCTION  shift 21
	IF  shift 22
	INT  shift 24
	LAZY  shift 25
	LBRACE  shift 26
	LBRACELESS  shift 27
	LBRACKET  shift 28
	LBRACKETBAR  shift 29
	LBRACKETPERCENT  shift 30
	LET  shift 32
	LIDENT  shift 33
	LPAREN  shift 34
	MATCH  shift 36
	MINUS  shift 37
	MINUSDOT  shift 38
	NEW  shift 40
	OBJECT  shift 41
	PLUS  shift 43
	PLUSDOT  shift 44
	PREFIXOP  shift 45
	STRING  shift 47
	TRUE  shift 48
	TRY  shift 49
	UIDENT  shift 51
	UNDERSCORE  shift 52
	WHILE  shift 54
	.  error

	mod_longident  goto 59
	extension  goto 60
	expr  goto 594
	let_bindings  goto 159
	label  goto 81
	simple_expr  goto 83
	expr_comma_list  goto 84
	constr_longident  goto 85
	name_tag  goto 86
	subtractive  goto 87
	additive  goto 88
	val_longident  goto 89
	constant  goto 90
	val_ident  goto 91
	let_binding  goto 92


state 340
	expr : expr GREATER . expr  (259)

	ASSERT  shift 9
	BACKQUOTE  shift 10
	BANG  shift 11
	BEGIN  shift 12
	CHAR  shift 13
	FALSE  shift 17
	FLOAT  shift 18
	FOR  shift 19
	FUN  shift 20
	FUNCTION  shift 21
	IF  shift 22
	INT  shift 24
	LAZY  shift 25
	LBRACE  shift 26
	LBRACELESS  shift 27
	LBRACKET  shift 28
	LBRACKETBAR  shift 29
	LBRACKETPERCENT  shift 30
	LET  shift 32
	LIDENT  shift 33
	LPAREN  shift 34
	MATCH  shift 36
	MINUS  shift 37
	MINUSDOT  shift 38
	NEW  shift 40
	OBJECT  shift 41
	PLUS  shift 43
	PLUSDOT  shift 44
	PREFIXOP  shift 45
	STRING  shift 47
	TRUE  shift 48
	TRY  shift 49
	UIDENT  shift 51
	UNDERSCORE  shift 52
	WHILE  shift 54
	.  error

	mod_longident  goto 59
	extension  goto 60
	expr  goto 595
	let_bindings  goto 159
	label  goto 81
	simple_expr  goto 83
	expr_comma_list  goto 84
	constr_longident  goto 85
	name_tag  goto 86
	subtractive  goto 87
	additive  goto 88
	val_longident  goto 89
	constant  goto 90
	val_ident  goto 91
	let_binding  goto 92


state 341
	expr : expr INFIXOP0 . expr  (245)

	ASSERT  shift 9
	BACKQUOTE  shift 10
	BANG  shift 11
	BEGIN  shift 12
	CHAR  shift 13
	FALSE  shift 17
	FLOAT  shift 18
	FOR  shift 19
	FUN  shift 20
	FUNCTION  shift 21
	IF  shift 22
	INT  shift 24
	LAZY  shift 25
	LBRACE  shift 26
	LBRACELESS  shift 27
	LBRACKET  shift 28
	LBRACKETBAR  shift 29
	LBRACKETPERCENT  shift 30
	LET  shift 32
	LIDENT  shift 33
	LPAREN  shift 34
	MATCH  shift 36
	MINUS  shift 37
	MINUSDOT  shift 38
	NEW  shift 40
	OBJECT  shift 41
	PLUS  shift 43
	PLUSDOT  shift 44
	PREFIXOP  shift 45
	STRING  shift 47
	TRUE  shift 48
	TRY  shift 49
	UIDENT  shift 51
	UNDERSCORE  shift 52
	WHILE  shift 54
	.  error

	mod_longident  goto 59
	extension  goto 60
	expr  goto 596
	let_bindings  goto 159
	label  goto 81
	simple_expr  goto 83
	expr_comma_list  goto 84
	constr_longident  goto 85
	name_tag  goto 86
	subtractive  goto 87
	additive  goto 88
	val_longident  goto 89
	constant  goto 90
	val_ident  goto 91
	let_binding  goto 92


state 342
	expr : expr INFIXOP1 . expr  (246)

	ASSERT  shift 9
	BACKQUOTE  shift 10
	BANG  shift 11
	BEGIN  shift 12
	CHAR  shift 13
	FALSE  shift 17
	FLOAT  shift 18
	FOR  shift 19
	FUN  shift 20
	FUNCTION  shift 21
	IF  shift 22
	INT  shift 24
	LAZY  shift 25
	LBRACE  shift 26
	LBRACELESS  shift 27
	LBRACKET  shift 28
	LBRACKETBAR  shift 29
	LBRACKETPERCENT  shift 30
	LET  shift 32
	LIDENT  shift 33
	LPAREN  shift 34
	MATCH  shift 36
	MINUS  shift 37
	MINUSDOT  shift 38
	NEW  shift 40
	OBJECT  shift 41
	PLUS  shift 43
	PLUSDOT  shift 44
	PREFIXOP  shift 45
	STRING  shift 47
	TRUE  shift 48
	TRY  shift 49
	UIDENT  shift 51
	UNDERSCORE  shift 52
	WHILE  shift 54
	.  error

	mod_longident  goto 59
	extension  goto 60
	expr  goto 597
	let_bindings  goto 159
	label  goto 81
	simple_expr  goto 83
	expr_comma_list  goto 84
	constr_longident  goto 85
	name_tag  goto 86
	subtractive  goto 87
	additive  goto 88
	val_longident  goto 89
	constant  goto 90
	val_ident  goto 91
	let_binding  goto 92


state 343
	expr : expr INFIXOP2 . expr  (247)

	ASSERT  shift 9
	BACKQUOTE  shift 10
	BANG  shift 11
	BEGIN  shift 12
	CHAR  shift 13
	FALSE  shift 17
	FLOAT  shift 18
	FOR  shift 19
	FUN  shift 20
	FUNCTION  shift 21
	IF  shift 22
	INT  shift 24
	LAZY  shift 25
	LBRACE  shift 26
	LBRACELESS  shift 27
	LBRACKET  shift 28
	LBRACKETBAR  shift 29
	LBRACKETPERCENT  shift 30
	LET  shift 32
	LIDENT  shift 33
	LPAREN  shift 34
	MATCH  shift 36
	MINUS  shift 37
	MINUSDOT  shift 38
	NEW  shift 40
	OBJECT  shift 41
	PLUS  shift 43
	PLUSDOT  shift 44
	PREFIXOP  shift 45
	STRING  shift 47
	TRUE  shift 48
	TRY  shift 49
	UIDENT  shift 51
	UNDERSCORE  shift 52
	WHILE  shift 54
	.  error

	mod_longident  goto 59
	extension  goto 60
	expr  goto 598
	let_bindings  goto 159
	label  goto 81
	simple_expr  goto 83
	expr_comma_list  goto 84
	constr_longident  goto 85
	name_tag  goto 86
	subtractive  goto 87
	additive  goto 88
	val_longident  goto 89
	constant  goto 90
	val_ident  goto 91
	let_binding  goto 92


state 344
	expr : expr INFIXOP3 . expr  (248)

	ASSERT  shift 9
	BACKQUOTE  shift 10
	BANG  shift 11
	BEGIN  shift 12
	CHAR  shift 13
	FALSE  shift 17
	FLOAT  shift 18
	FOR  shift 19
	FUN  shift 20
	FUNCTION  shift 21
	IF  shift 22
	INT  shift 24
	LAZY  shift 25
	LBRACE  shift 26
	LBRACELESS  shift 27
	LBRACKET  shift 28
	LBRACKETBAR  shift 29
	LBRACKETPERCENT  shift 30
	LET  shift 32
	LIDENT  shift 33
	LPAREN  shift 34
	MATCH  shift 36
	MINUS  shift 37
	MINUSDOT  shift 38
	NEW  shift 40
	OBJECT  shift 41
	PLUS  shift 43
	PLUSDOT  shift 44
	PREFIXOP  shift 45
	STRING  shift 47
	TRUE  shift 48
	TRY  shift 49
	UIDENT  shift 51
	UNDERSCORE  shift 52
	WHILE  shift 54
	.  error

	mod_longident  goto 59
	extension  goto 60
	expr  goto 599
	let_bindings  goto 159
	label  goto 81
	simple_expr  goto 83
	expr_comma_list  goto 84
	constr_longident  goto 85
	name_tag  goto 86
	subtractive  goto 87
	additive  goto 88
	val_longident  goto 89
	constant  goto 90
	val_ident  goto 91
	let_binding  goto 92


state 345
	expr : expr INFIXOP4 . expr  (249)

	ASSERT  shift 9
	BACKQUOTE  shift 10
	BANG  shift 11
	BEGIN  shift 12
	CHAR  shift 13
	FALSE  shift 17
	FLOAT  shift 18
	FOR  shift 19
	FUN  shift 20
	FUNCTION  shift 21
	IF  shift 22
	INT  shift 24
	LAZY  shift 25
	LBRACE  shift 26
	LBRACELESS  shift 27
	LBRACKET  shift 28
	LBRACKETBAR  shift 29
	LBRACKETPERCENT  shift 30
	LET  shift 32
	LIDENT  shift 33
	LPAREN  shift 34
	MATCH  shift 36
	MINUS  shift 37
	MINUSDOT  shift 38
	NEW  shift 40
	OBJECT  shift 41
	PLUS  shift 43
	PLUSDOT  shift 44
	PREFIXOP  shift 45
	STRING  shift 47
	TRUE  shift 48
	TRY  shift 49
	UIDENT  shift 51
	UNDERSCORE  shift 52
	WHILE  shift 54
	.  error

	mod_longident  goto 59
	extension  goto 60
	expr  goto 600
	let_bindings  goto 159
	label  goto 81
	simple_expr  goto 83
	expr_comma_list  goto 84
	constr_longident  goto 85
	name_tag  goto 86
	subtractive  goto 87
	additive  goto 88
	val_longident  goto 89
	constant  goto 90
	val_ident  goto 91
	let_binding  goto 92


state 346
	expr : expr LESS . expr  (258)

	ASSERT  shift 9
	BACKQUOTE  shift 10
	BANG  shift 11
	BEGIN  shift 12
	CHAR  shift 13
	FALSE  shift 17
	FLOAT  shift 18
	FOR  shift 19
	FUN  shift 20
	FUNCTION  shift 21
	IF  shift 22
	INT  shift 24
	LAZY  shift 25
	LBRACE  shift 26
	LBRACELESS  shift 27
	LBRACKET  shift 28
	LBRACKETBAR  shift 29
	LBRACKETPERCENT  shift 30
	LET  shift 32
	LIDENT  shift 33
	LPAREN  shift 34
	MATCH  shift 36
	MINUS  shift 37
	MINUSDOT  shift 38
	NEW  shift 40
	OBJECT  shift 41
	PLUS  shift 43
	PLUSDOT  shift 44
	PREFIXOP  shift 45
	STRING  shift 47
	TRUE  shift 48
	TRY  shift 49
	UIDENT  shift 51
	UNDERSCORE  shift 52
	WHILE  shift 54
	.  error

	mod_longident  goto 59
	extension  goto 60
	expr  goto 601
	let_bindings  goto 159
	label  goto 81
	simple_expr  goto 83
	expr_comma_list  goto 84
	constr_longident  goto 85
	name_tag  goto 86
	subtractive  goto 87
	additive  goto 88
	val_longident  goto 89
	constant  goto 90
	val_ident  goto 91
	let_binding  goto 92


state 347
	expr : expr MINUS . expr  (253)

	ASSERT  shift 9
	BACKQUOTE  shift 10
	BANG  shift 11
	BEGIN  shift 12
	CHAR  shift 13
	FALSE  shift 17
	FLOAT  shift 18
	FOR  shift 19
	FUN  shift 20
	FUNCTION  shift 21
	IF  shift 22
	INT  shift 24
	LAZY  shift 25
	LBRACE  shift 26
	LBRACELESS  shift 27
	LBRACKET  shift 28
	LBRACKETBAR  shift 29
	LBRACKETPERCENT  shift 30
	LET  shift 32
	LIDENT  shift 33
	LPAREN  shift 34
	MATCH  shift 36
	MINUS  shift 37
	MINUSDOT  shift 38
	NEW  shift 40
	OBJECT  shift 41
	PLUS  shift 43
	PLUSDOT  shift 44
	PREFIXOP  shift 45
	STRING  shift 47
	TRUE  shift 48
	TRY  shift 49
	UIDENT  shift 51
	UNDERSCORE  shift 52
	WHILE  shift 54
	.  error

	mod_longident  goto 59
	extension  goto 60
	expr  goto 602
	let_bindings  goto 159
	label  goto 81
	simple_expr  goto 83
	expr_comma_list  goto 84
	constr_longident  goto 85
	name_tag  goto 86
	subtractive  goto 87
	additive  goto 88
	val_longident  goto 89
	constant  goto 90
	val_ident  goto 91
	let_binding  goto 92


state 348
	expr : expr MINUSDOT . expr  (254)

	ASSERT  shift 9
	BACKQUOTE  shift 10
	BANG  shift 11
	BEGIN  shift 12
	CHAR  shift 13
	FALSE  shift 17
	FLOAT  shift 18
	FOR  shift 19
	FUN  shift 20
	FUNCTION  shift 21
	IF  shift 22
	INT  shift 24
	LAZY  shift 25
	LBRACE  shift 26
	LBRACELESS  shift 27
	LBRACKET  shift 28
	LBRACKETBAR  shift 29
	LBRACKETPERCENT  shift 30
	LET  shift 32
	LIDENT  shift 33
	LPAREN  shift 34
	MATCH  shift 36
	MINUS  shift 37
	MINUSDOT  shift 38
	NEW  shift 40
	OBJECT  shift 41
	PLUS  shift 43
	PLUSDOT  shift 44
	PREFIXOP  shift 45
	STRING  shift 47
	TRUE  shift 48
	TRY  shift 49
	UIDENT  shift 51
	UNDERSCORE  shift 52
	WHILE  shift 54
	.  error

	mod_longident  goto 59
	extension  goto 60
	expr  goto 603
	let_bindings  goto 159
	label  goto 81
	simple_expr  goto 83
	expr_comma_list  goto 84
	constr_longident  goto 85
	name_tag  goto 86
	subtractive  goto 87
	additive  goto 88
	val_longident  goto 89
	constant  goto 90
	val_ident  goto 91
	let_binding  goto 92


state 349
	expr : expr OR . expr  (260)

	ASSERT  shift 9
	BACKQUOTE  shift 10
	BANG  shift 11
	BEGIN  shift 12
	CHAR  shift 13
	FALSE  shift 17
	FLOAT  shift 18
	FOR  shift 19
	FUN  shift 20
	FUNCTION  shift 21
	IF  shift 22
	INT  shift 24
	LAZY  shift 25
	LBRACE  shift 26
	LBRACELESS  shift 27
	LBRACKET  shift 28
	LBRACKETBAR  shift 29
	LBRACKETPERCENT  shift 30
	LET  shift 32
	LIDENT  shift 33
	LPAREN  shift 34
	MATCH  shift 36
	MINUS  shift 37
	MINUSDOT  shift 38
	NEW  shift 40
	OBJECT  shift 41
	PLUS  shift 43
	PLUSDOT  shift 44
	PREFIXOP  shift 45
	STRING  shift 47
	TRUE  shift 48
	TRY  shift 49
	UIDENT  shift 51
	UNDERSCORE  shift 52
	WHILE  shift 54
	.  error

	mod_longident  goto 59
	extension  goto 60
	expr  goto 604
	let_bindings  goto 159
	label  goto 81
	simple_expr  goto 83
	expr_comma_list  goto 84
	constr_longident  goto 85
	name_tag  goto 86
	subtractive  goto 87
	additive  goto 88
	val_longident  goto 89
	constant  goto 90
	val_ident  goto 91
	let_binding  goto 92


state 350
	expr : expr PERCENT . expr  (256)

	ASSERT  shift 9
	BACKQUOTE  shift 10
	BANG  shift 11
	BEGIN  shift 12
	CHAR  shift 13
	FALSE  shift 17
	FLOAT  shift 18
	FOR  shift 19
	FUN  shift 20
	FUNCTION  shift 21
	IF  shift 22
	INT  shift 24
	LAZY  shift 25
	LBRACE  shift 26
	LBRACELESS  shift 27
	LBRACKET  shift 28
	LBRACKETBAR  shift 29
	LBRACKETPERCENT  shift 30
	LET  shift 32
	LIDENT  shift 33
	LPAREN  shift 34
	MATCH  shift 36
	MINUS  shift 37
	MINUSDOT  shift 38
	NEW  shift 40
	OBJECT  shift 41
	PLUS  shift 43
	PLUSDOT  shift 44
	PREFIXOP  shift 45
	STRING  shift 47
	TRUE  shift 48
	TRY  shift 49
	UIDENT  shift 51
	UNDERSCORE  shift 52
	WHILE  shift 54
	.  error

	mod_longident  goto 59
	extension  goto 60
	expr  goto 605
	let_bindings  goto 159
	label  goto 81
	simple_expr  goto 83
	expr_comma_list  goto 84
	constr_longident  goto 85
	name_tag  goto 86
	subtractive  goto 87
	additive  goto 88
	val_longident  goto 89
	constant  goto 90
	val_ident  goto 91
	let_binding  goto 92


state 351
	expr : expr PLUS . expr  (250)

	ASSERT  shift 9
	BACKQUOTE  shift 10
	BANG  shift 11
	BEGIN  shift 12
	CHAR  shift 13
	FALSE  shift 17
	FLOAT  shift 18
	FOR  shift 19
	FUN  shift 20
	FUNCTION  shift 21
	IF  shift 22
	INT  shift 24
	LAZY  shift 25
	LBRACE  shift 26
	LBRACELESS  shift 27
	LBRACKET  shift 28
	LBRACKETBAR  shift 29
	LBRACKETPERCENT  shift 30
	LET  shift 32
	LIDENT  shift 33
	LPAREN  shift 34
	MATCH  shift 36
	MINUS  shift 37
	MINUSDOT  shift 38
	NEW  shift 40
	OBJECT  shift 41
	PLUS  shift 43
	PLUSDOT  shift 44
	PREFIXOP  shift 45
	STRING  shift 47
	TRUE  shift 48
	TRY  shift 49
	UIDENT  shift 51
	UNDERSCORE  shift 52
	WHILE  shift 54
	.  error

	mod_longident  goto 59
	extension  goto 60
	expr  goto 606
	let_bindings  goto 159
	label  goto 81
	simple_expr  goto 83
	expr_comma_list  goto 84
	constr_longident  goto 85
	name_tag  goto 86
	subtractive  goto 87
	additive  goto 88
	val_longident  goto 89
	constant  goto 90
	val_ident  goto 91
	let_binding  goto 92


state 352
	expr : expr PLUSDOT . expr  (251)

	ASSERT  shift 9
	BACKQUOTE  shift 10
	BANG  shift 11
	BEGIN  shift 12
	CHAR  shift 13
	FALSE  shift 17
	FLOAT  shift 18
	FOR  shift 19
	FUN  shift 20
	FUNCTION  shift 21
	IF  shift 22
	INT  shift 24
	LAZY  shift 25
	LBRACE  shift 26
	LBRACELESS  shift 27
	LBRACKET  shift 28
	LBRACKETBAR  shift 29
	LBRACKETPERCENT  shift 30
	LET  shift 32
	LIDENT  shift 33
	LPAREN  shift 34
	MATCH  shift 36
	MINUS  shift 37
	MINUSDOT  shift 38
	NEW  shift 40
	OBJECT  shift 41
	PLUS  shift 43
	PLUSDOT  shift 44
	PREFIXOP  shift 45
	STRING  shift 47
	TRUE  shift 48
	TRY  shift 49
	UIDENT  shift 51
	UNDERSCORE  shift 52
	WHILE  shift 54
	.  error

	mod_longident  goto 59
	extension  goto 60
	expr  goto 607
	let_bindings  goto 159
	label  goto 81
	simple_expr  goto 83
	expr_comma_list  goto 84
	constr_longident  goto 85
	name_tag  goto 86
	subtractive  goto 87
	additive  goto 88
	val_longident  goto 89
	constant  goto 90
	val_ident  goto 91
	let_binding  goto 92


state 353
	expr : expr PLUSEQ . expr  (252)

	ASSERT  shift 9
	BACKQUOTE  shift 10
	BANG  shift 11
	BEGIN  shift 12
	CHAR  shift 13
	FALSE  shift 17
	FLOAT  shift 18
	FOR  shift 19
	FUN  shift 20
	FUNCTION  shift 21
	IF  shift 22
	INT  shift 24
	LAZY  shift 25
	LBRACE  shift 26
	LBRACELESS  shift 27
	LBRACKET  shift 28
	LBRACKETBAR  shift 29
	LBRACKETPERCENT  shift 30
	LET  shift 32
	LIDENT  shift 33
	LPAREN  shift 34
	MATCH  shift 36
	MINUS  shift 37
	MINUSDOT  shift 38
	NEW  shift 40
	OBJECT  shift 41
	PLUS  shift 43
	PLUSDOT  shift 44
	PREFIXOP  shift 45
	STRING  shift 47
	TRUE  shift 48
	TRY  shift 49
	UIDENT  shift 51
	UNDERSCORE  shift 52
	WHILE  shift 54
	.  error

	mod_longident  goto 59
	extension  goto 60
	expr  goto 608
	let_bindings  goto 159
	label  goto 81
	simple_expr  goto 83
	expr_comma_list  goto 84
	constr_longident  goto 85
	name_tag  goto 86
	subtractive  goto 87
	additive  goto 88
	val_longident  goto 89
	constant  goto 90
	val_ident  goto 91
	let_binding  goto 92


state 354
	seq_expr : expr SEMI .  (205)
	seq_expr : expr SEMI . seq_expr  (206)
	seq_expr : expr SEMI . PERCENT attr_id seq_expr  (207)

	ASSERT  shift 9
	BACKQUOTE  shift 10
	BANG  shift 11
	BEGIN  shift 12
	CHAR  shift 13
	FALSE  shift 17
	FLOAT  shift 18
	FOR  shift 19
	FUN  shift 20
	FUNCTION  shift 21
	IF  shift 22
	INT  shift 24
	LAZY  shift 25
	LBRACE  shift 26
	LBRACELESS  shift 27
	LBRACKET  shift 28
	LBRACKETBAR  shift 29
	LBRACKETPERCENT  shift 30
	LET  shift 32
	LIDENT  shift 33
	LPAREN  shift 34
	MATCH  shift 36
	MINUS  shift 37
	MINUSDOT  shift 38
	NEW  shift 40
	OBJECT  shift 41
	PERCENT  shift 609
	PLUS  shift 43
	PLUSDOT  shift 44
	PREFIXOP  shift 45
	STRING  shift 47
	TRUE  shift 48
	TRY  shift 49
	UIDENT  shift 51
	UNDERSCORE  shift 52
	WHILE  shift 54
	error  reduce 205
	AMPERAMPER  reduce 205
	AMPERSAND  reduce 205
	AND  reduce 205
	BAR  reduce 205
	BARBAR  reduce 205
	BARRBRACKET  reduce 205
	CLASS  reduce 205
	COLON  reduce 205
	COLONCOLON  reduce 205
	COLONEQUAL  reduce 205
	COLONGREATER  reduce 205
	COMMA  reduce 205
	CONSTRAINT  reduce 205
	DO  reduce 205
	DONE  reduce 205
	DOWNTO  reduce 205
	ELSE  reduce 205
	END  reduce 205
	EOF  reduce 205
	EQUAL  reduce 205
	EXCEPTION  reduce 205
	EXTERNAL  reduce 205
	GREATER  reduce 205
	GREATERRBRACE  reduce 205
	IN  reduce 205
	INCLUDE  reduce 205
	INFIXOP0  reduce 205
	INFIXOP1  reduce 205
	INFIXOP2  reduce 205
	INFIXOP3  reduce 205
	INFIXOP4  reduce 205
	INHERIT  reduce 205
	INITIALIZER  reduce 205
	LBRACKETPERCENTPERCENT  reduce 205
	LESS  reduce 205
	LBRACKETAT  reduce 205
	LBRACKETATAT  reduce 205
	LBRACKETATATAT  reduce 205
	METHOD  reduce 205
	MINUSGREATER  reduce 205
	MODULE  reduce 205
	OPEN  reduce 205
	OR  reduce 205
	PLUSEQ  reduce 205
	RBRACE  reduce 205
	RBRACKET  reduce 205
	RPAREN  reduce 205
	SEMI  reduce 205
	SEMISEMI  reduce 205
	HASH  reduce 205
	STAR  reduce 205
	THEN  reduce 205
	TO  reduce 205
	TYPE  reduce 205
	VAL  reduce 205
	WITH  reduce 205

	seq_expr  goto 610
	mod_longident  goto 59
	extension  goto 60
	expr  goto 61
	let_bindings  goto 159
	label  goto 81
	simple_expr  goto 83
	expr_comma_list  goto 84
	constr_longident  goto 85
	name_tag  goto 86
	subtractive  goto 87
	additive  goto 88
	val_longident  goto 89
	constant  goto 90
	val_ident  goto 91
	let_binding  goto 92


state 355
	expr : expr STAR . expr  (255)

	ASSERT  shift 9
	BACKQUOTE  shift 10
	BANG  shift 11
	BEGIN  shift 12
	CHAR  shift 13
	FALSE  shift 17
	FLOAT  shift 18
	FOR  shift 19
	FUN  shift 20
	FUNCTION  shift 21
	IF  shift 22
	INT  shift 24
	LAZY  shift 25
	LBRACE  shift 26
	LBRACELESS  shift 27
	LBRACKET  shift 28
	LBRACKETBAR  shift 29
	LBRACKETPERCENT  shift 30
	LET  shift 32
	LIDENT  shift 33
	LPAREN  shift 34
	MATCH  shift 36
	MINUS  shift 37
	MINUSDOT  shift 38
	NEW  shift 40
	OBJECT  shift 41
	PLUS  shift 43
	PLUSDOT  shift 44
	PREFIXOP  shift 45
	STRING  shift 47
	TRUE  shift 48
	TRY  shift 49
	UIDENT  shift 51
	UNDERSCORE  shift 52
	WHILE  shift 54
	.  error

	mod_longident  goto 59
	extension  goto 60
	expr  goto 611
	let_bindings  goto 159
	label  goto 81
	simple_expr  goto 83
	expr_comma_list  goto 84
	constr_longident  goto 85
	name_tag  goto 86
	subtractive  goto 87
	additive  goto 88
	val_longident  goto 89
	constant  goto 90
	val_ident  goto 91
	let_binding  goto 92


state 356
	expr : expr attribute .  (282)

	.  reduce 282


state 357
	and_let_binding : AND . attributes let_binding_body post_item_attributes  (368)
	attributes : .  (789)

	LBRACKETAT  shift 185
	BACKQUOTE  reduce 789
	CHAR  reduce 789
	FALSE  reduce 789
	FLOAT  reduce 789
	INT  reduce 789
	LAZY  reduce 789
	LBRACE  reduce 789
	LBRACKET  reduce 789
	LBRACKETBAR  reduce 789
	LBRACKETPERCENT  reduce 789
	LIDENT  reduce 789
	LPAREN  reduce 789
	MINUS  reduce 789
	PLUS  reduce 789
	HASH  reduce 789
	STRING  reduce 789
	TRUE  reduce 789
	UIDENT  reduce 789
	UNDERSCORE  reduce 789

	attributes  goto 612
	attribute  goto 487


state 358
	expr : let_bindings IN . seq_expr  (227)

	ASSERT  shift 9
	BACKQUOTE  shift 10
	BANG  shift 11
	BEGIN  shift 12
	CHAR  shift 13
	FALSE  shift 17
	FLOAT  shift 18
	FOR  shift 19
	FUN  shift 20
	FUNCTION  shift 21
	IF  shift 22
	INT  shift 24
	LAZY  shift 25
	LBRACE  shift 26
	LBRACELESS  shift 27
	LBRACKET  shift 28
	LBRACKETBAR  shift 29
	LBRACKETPERCENT  shift 30
	LET  shift 32
	LIDENT  shift 33
	LPAREN  shift 34
	MATCH  shift 36
	MINUS  shift 37
	MINUSDOT  shift 38
	NEW  shift 40
	OBJECT  shift 41
	PLUS  shift 43
	PLUSDOT  shift 44
	PREFIXOP  shift 45
	STRING  shift 47
	TRUE  shift 48
	TRY  shift 49
	UIDENT  shift 51
	UNDERSCORE  shift 52
	WHILE  shift 54
	.  error

	seq_expr  goto 613
	mod_longident  goto 59
	extension  goto 60
	expr  goto 61
	let_bindings  goto 159
	label  goto 81
	simple_expr  goto 83
	expr_comma_list  goto 84
	constr_longident  goto 85
	name_tag  goto 86
	subtractive  goto 87
	additive  goto 88
	val_longident  goto 89
	constant  goto 90
	val_ident  goto 91
	let_binding  goto 92


state 359
	let_bindings : let_bindings and_let_binding .  (366)

	.  reduce 366


state 360
	and_type_declaration : AND . attributes optional_type_parameters LIDENT type_kind constraints post_item_attributes  (482)
	attributes : .  (789)

	LBRACKETAT  shift 185
	LIDENT  reduce 789
	LPAREN  reduce 789
	MINUS  reduce 789
	PLUS  reduce 789
	QUOTE  reduce 789
	UNDERSCORE  reduce 789

	attributes  goto 614
	attribute  goto 487


state 361
	type_declarations : type_declarations and_type_declaration .  (480)

	.  reduce 480


state 362
	and_module_binding : AND . attributes UIDENT module_binding_body post_item_attributes  (74)
	attributes : .  (789)

	LBRACKETAT  shift 185
	UIDENT  reduce 789

	attributes  goto 615
	attribute  goto 487


state 363
	rec_module_bindings : rec_module_bindings and_module_binding .  (72)

	.  reduce 72


state 364
	and_class_declaration : AND . attributes virtual_flag class_type_parameters LIDENT class_fun_binding post_item_attributes  (121)
	attributes : .  (789)

	LBRACKETAT  shift 185
	LBRACKET  reduce 789
	LIDENT  reduce 789
	VIRTUAL  reduce 789

	attributes  goto 616
	attribute  goto 487


state 365
	class_declarations : class_declarations and_class_declaration .  (119)

	.  reduce 119


state 366
	and_class_type_declaration : AND . attributes virtual_flag class_type_parameters LIDENT EQUAL class_signature post_item_attributes  (203)
	attributes : .  (789)

	LBRACKETAT  shift 185
	LBRACKET  reduce 789
	LIDENT  reduce 789
	VIRTUAL  reduce 789

	attributes  goto 617
	attribute  goto 487


state 367
	class_type_declarations : class_type_declarations and_class_type_declaration .  (201)

	.  reduce 201


state 368
	structure_item : item_extension post_item_attributes .  (64)

	.  reduce 64


state 369
	expr : label LESSMINUS . expr  (277)

	ASSERT  shift 9
	BACKQUOTE  shift 10
	BANG  shift 11
	BEGIN  shift 12
	CHAR  shift 13
	FALSE  shift 17
	FLOAT  shift 18
	FOR  shift 19
	FUN  shift 20
	FUNCTION  shift 21
	IF  shift 22
	INT  shift 24
	LAZY  shift 25
	LBRACE  shift 26
	LBRACELESS  shift 27
	LBRACKET  shift 28
	LBRACKETBAR  shift 29
	LBRACKETPERCENT  shift 30
	LET  shift 32
	LIDENT  shift 33
	LPAREN  shift 34
	MATCH  shift 36
	MINUS  shift 37
	MINUSDOT  shift 38
	NEW  shift 40
	OBJECT  shift 41
	PLUS  shift 43
	PLUSDOT  shift 44
	PREFIXOP  shift 45
	STRING  shift 47
	TRUE  shift 48
	TRY  shift 49
	UIDENT  shift 51
	UNDERSCORE  shift 52
	WHILE  shift 54
	.  error

	mod_longident  goto 59
	extension  goto 60
	expr  goto 618
	let_bindings  goto 159
	label  goto 81
	simple_expr  goto 83
	expr_comma_list  goto 84
	constr_longident  goto 85
	name_tag  goto 86
	subtractive  goto 87
	additive  goto 88
	val_longident  goto 89
	constant  goto 90
	val_ident  goto 91
	let_binding  goto 92


state 370
	expr : simple_expr DOT . label_longident LESSMINUS expr  (267)
	expr : simple_expr DOT . LPAREN seq_expr RPAREN LESSMINUS expr  (268)
	expr : simple_expr DOT . LBRACKET seq_expr RBRACKET LESSMINUS expr  (269)
	expr : simple_expr DOT . LBRACE expr RBRACE LESSMINUS expr  (270)
	expr : simple_expr DOT . mod_longident DOTOP LBRACKET expr RBRACKET LESSMINUS expr  (274)
	expr : simple_expr DOT . mod_longident DOTOP LPAREN expr RPAREN LESSMINUS expr  (275)
	expr : simple_expr DOT . mod_longident DOTOP LBRACE expr RBRACE LESSMINUS expr  (276)
	simple_expr : simple_expr DOT . label_longident  (294)
	simple_expr : simple_expr DOT . LPAREN seq_expr RPAREN  (298)
	simple_expr : simple_expr DOT . LPAREN seq_expr error  (299)
	simple_expr : simple_expr DOT . LBRACKET seq_expr RBRACKET  (300)
	simple_expr : simple_expr DOT . LBRACKET seq_expr error  (301)
	simple_expr : simple_expr DOT . mod_longident DOTOP LBRACKET expr RBRACKET  (308)
	simple_expr : simple_expr DOT . mod_longident DOTOP LBRACKET expr error  (309)
	simple_expr : simple_expr DOT . mod_longident DOTOP LPAREN expr RPAREN  (310)
	simple_expr : simple_expr DOT . mod_longident DOTOP LPAREN expr error  (311)
	simple_expr : simple_expr DOT . mod_longident DOTOP LBRACE expr RBRACE  (312)
	simple_expr : simple_expr DOT . mod_longident DOTOP LBRACE expr error  (313)
	simple_expr : simple_expr DOT . LBRACE expr RBRACE  (314)
	simple_expr : simple_expr DOT . LBRACE expr_comma_list error  (315)

	LBRACE  shift 619
	LBRACKET  shift 620
	LIDENT  shift 451
	LPAREN  shift 621
	UIDENT  shift 51
	.  error

	mod_longident  goto 622
	label_longident  goto 623


state 371
	expr : simple_expr DOTOP . LBRACKET expr RBRACKET LESSMINUS expr  (271)
	expr : simple_expr DOTOP . LPAREN expr RPAREN LESSMINUS expr  (272)
	expr : simple_expr DOTOP . LBRACE expr RBRACE LESSMINUS expr  (273)
	simple_expr : simple_expr DOTOP . LBRACKET expr RBRACKET  (302)
	simple_expr : simple_expr DOTOP . LBRACKET expr error  (303)
	simple_expr : simple_expr DOTOP . LPAREN expr RPAREN  (304)
	simple_expr : simple_expr DOTOP . LPAREN expr error  (305)
	simple_expr : simple_expr DOTOP . LBRACE expr RBRACE  (306)
	simple_expr : simple_expr DOTOP . LBRACE expr error  (307)

	LBRACE  shift 624
	LBRACKET  shift 625
	LPAREN  shift 626
	.  error


state 372
	label_expr : LABEL . simple_expr  (352)

	BACKQUOTE  shift 10
	BANG  shift 11
	BEGIN  shift 12
	CHAR  shift 13
	FALSE  shift 17
	FLOAT  shift 18
	INT  shift 24
	LBRACE  shift 26
	LBRACELESS  shift 27
	LBRACKET  shift 28
	LBRACKETBAR  shift 29
	LBRACKETPERCENT  shift 30
	LIDENT  shift 165
	LPAREN  shift 34
	NEW  shift 40
	PREFIXOP  shift 45
	STRING  shift 47
	TRUE  shift 48
	UIDENT  shift 51
	.  error

	mod_longident  goto 59
	extension  goto 60
	simple_expr  goto 627
	constr_longident  goto 193
	name_tag  goto 194
	val_longident  goto 89
	constant  goto 90
	val_ident  goto 91


state 373
	label_expr : OPTLABEL . simple_expr  (355)

	BACKQUOTE  shift 10
	BANG  shift 11
	BEGIN  shift 12
	CHAR  shift 13
	FALSE  shift 17
	FLOAT  shift 18
	INT  shift 24
	LBRACE  shift 26
	LBRACELESS  shift 27
	LBRACKET  shift 28
	LBRACKETBAR  shift 29
	LBRACKETPERCENT  shift 30
	LIDENT  shift 165
	LPAREN  shift 34
	NEW  shift 40
	PREFIXOP  shift 45
	STRING  shift 47
	TRUE  shift 48
	UIDENT  shift 51
	.  error

	mod_longident  goto 59
	extension  goto 60
	simple_expr  goto 628
	constr_longident  goto 193
	name_tag  goto 194
	val_longident  goto 89
	constant  goto 90
	val_ident  goto 91


state 374
	label_expr : QUESTION . label_ident  (354)

	LIDENT  shift 629
	.  error

	label_ident  goto 630


state 375
	simple_expr : simple_expr HASH . label  (340)

	LIDENT  shift 214
	.  error

	label  goto 631


state 376
	simple_expr : simple_expr HASHOP . simple_expr  (341)

	BACKQUOTE  shift 10
	BANG  shift 11
	BEGIN  shift 12
	CHAR  shift 13
	FALSE  shift 17
	FLOAT  shift 18
	INT  shift 24
	LBRACE  shift 26
	LBRACELESS  shift 27
	LBRACKET  shift 28
	LBRACKETBAR  shift 29
	LBRACKETPERCENT  shift 30
	LIDENT  shift 165
	LPAREN  shift 34
	NEW  shift 40
	PREFIXOP  shift 45
	STRING  shift 47
	TRUE  shift 48
	UIDENT  shift 51
	.  error

	mod_longident  goto 59
	extension  goto 60
	simple_expr  goto 632
	constr_longident  goto 193
	name_tag  goto 194
	val_longident  goto 89
	constant  goto 90
	val_ident  goto 91


state 377
	label_expr : TILDE . label_ident  (353)

	LIDENT  shift 629
	.  error

	label_ident  goto 633


state 378
	expr : simple_expr simple_labeled_expr_list .  (226)
	simple_labeled_expr_list : simple_labeled_expr_list . labeled_simple_expr  (349)

	BACKQUOTE  shift 10
	BANG  shift 11
	BEGIN  shift 12
	CHAR  shift 13
	FALSE  shift 17
	FLOAT  shift 18
	INT  shift 24
	LABEL  shift 372
	LBRACE  shift 26
	LBRACELESS  shift 27
	LBRACKET  shift 28
	LBRACKETBAR  shift 29
	LBRACKETPERCENT  shift 30
	LIDENT  shift 165
	LPAREN  shift 34
	NEW  shift 40
	OPTLABEL  shift 373
	PREFIXOP  shift 45
	QUESTION  shift 374
	STRING  shift 47
	TILDE  shift 377
	TRUE  shift 48
	UIDENT  shift 51
	error  reduce 226
	AMPERAMPER  reduce 226
	AMPERSAND  reduce 226
	AND  reduce 226
	BAR  reduce 226
	BARBAR  reduce 226
	BARRBRACKET  reduce 226
	CLASS  reduce 226
	COLON  reduce 226
	COLONCOLON  reduce 226
	COLONEQUAL  reduce 226
	COLONGREATER  reduce 226
	COMMA  reduce 226
	CONSTRAINT  reduce 226
	DO  reduce 226
	DONE  reduce 226
	DOWNTO  reduce 226
	ELSE  reduce 226
	END  reduce 226
	EOF  reduce 226
	EQUAL  reduce 226
	EXCEPTION  reduce 226
	EXTERNAL  reduce 226
	GREATER  reduce 226
	GREATERRBRACE  reduce 226
	IN  reduce 226
	INCLUDE  reduce 226
	INFIXOP0  reduce 226
	INFIXOP1  reduce 226
	INFIXOP2  reduce 226
	INFIXOP3  reduce 226
	INFIXOP4  reduce 226
	INHERIT  reduce 226
	INITIALIZER  reduce 226
	LBRACKETPERCENTPERCENT  reduce 226
	LESS  reduce 226
	LET  reduce 226
	LBRACKETAT  reduce 226
	LBRACKETATAT  reduce 226
	LBRACKETATATAT  reduce 226
	METHOD  reduce 226
	MINUS  reduce 226
	MINUSDOT  reduce 226
	MINUSGREATER  reduce 226
	MODULE  reduce 226
	OPEN  reduce 226
	OR  reduce 226
	PERCENT  reduce 226
	PLUS  reduce 226
	PLUSDOT  reduce 226
	PLUSEQ  reduce 226
	RBRACE  reduce 226
	RBRACKET  reduce 226
	RPAREN  reduce 226
	SEMI  reduce 226
	SEMISEMI  reduce 226
	HASH  reduce 226
	STAR  reduce 226
	THEN  reduce 226
	TO  reduce 226
	TYPE  reduce 226
	VAL  reduce 226
	WITH  reduce 226

	mod_longident  goto 59
	extension  goto 60
	simple_expr  goto 379
	constr_longident  goto 193
	name_tag  goto 194
	val_longident  goto 89
	constant  goto 90
	labeled_simple_expr  goto 634
	label_expr  goto 381
	val_ident  goto 91


state 379
	simple_expr : simple_expr . DOT label_longident  (294)
	simple_expr : simple_expr . DOT LPAREN seq_expr RPAREN  (298)
	simple_expr : simple_expr . DOT LPAREN seq_expr error  (299)
	simple_expr : simple_expr . DOT LBRACKET seq_expr RBRACKET  (300)
	simple_expr : simple_expr . DOT LBRACKET seq_expr error  (301)
	simple_expr : simple_expr . DOTOP LBRACKET expr RBRACKET  (302)
	simple_expr : simple_expr . DOTOP LBRACKET expr error  (303)
	simple_expr : simple_expr . DOTOP LPAREN expr RPAREN  (304)
	simple_expr : simple_expr . DOTOP LPAREN expr error  (305)
	simple_expr : simple_expr . DOTOP LBRACE expr RBRACE  (306)
	simple_expr : simple_expr . DOTOP LBRACE expr error  (307)
	simple_expr : simple_expr . DOT mod_longident DOTOP LBRACKET expr RBRACKET  (308)
	simple_expr : simple_expr . DOT mod_longident DOTOP LBRACKET expr error  (309)
	simple_expr : simple_expr . DOT mod_longident DOTOP LPAREN expr RPAREN  (310)
	simple_expr : simple_expr . DOT mod_longident DOTOP LPAREN expr error  (311)
	simple_expr : simple_expr . DOT mod_longident DOTOP LBRACE expr RBRACE  (312)
	simple_expr : simple_expr . DOT mod_longident DOTOP LBRACE expr error  (313)
	simple_expr : simple_expr . DOT LBRACE expr RBRACE  (314)
	simple_expr : simple_expr . DOT LBRACE expr_comma_list error  (315)
	simple_expr : simple_expr . HASH label  (340)
	simple_expr : simple_expr . HASHOP simple_expr  (341)
	labeled_simple_expr : simple_expr .  (350)

	DOT  shift 489
	DOTOP  shift 490
	HASH  shift 375
	HASHOP  shift 376
	error  reduce 350
	AMPERAMPER  reduce 350
	AMPERSAND  reduce 350
	AND  reduce 350
	AS  reduce 350
	BACKQUOTE  reduce 350
	BANG  reduce 350
	BAR  reduce 350
	BARBAR  reduce 350
	BARRBRACKET  reduce 350
	BEGIN  reduce 350
	CHAR  reduce 350
	CLASS  reduce 350
	COLON  reduce 350
	COLONCOLON  reduce 350
	COLONEQUAL  reduce 350
	COLONGREATER  reduce 350
	COMMA  reduce 350
	CONSTRAINT  reduce 350
	DO  reduce 350
	DONE  reduce 350
	DOWNTO  reduce 350
	ELSE  reduce 350
	END  reduce 350
	EOF  reduce 350
	EQUAL  reduce 350
	EXCEPTION  reduce 350
	EXTERNAL  reduce 350
	FALSE  reduce 350
	FLOAT  reduce 350
	GREATER  reduce 350
	GREATERRBRACE  reduce 350
	IN  reduce 350
	INCLUDE  reduce 350
	INFIXOP0  reduce 350
	INFIXOP1  reduce 350
	INFIXOP2  reduce 350
	INFIXOP3  reduce 350
	INFIXOP4  reduce 350
	INHERIT  reduce 350
	INITIALIZER  reduce 350
	INT  reduce 350
	LABEL  reduce 350
	LBRACE  reduce 350
	LBRACELESS  reduce 350
	LBRACKET  reduce 350
	LBRACKETBAR  reduce 350
	LBRACKETPERCENT  reduce 350
	LBRACKETPERCENTPERCENT  reduce 350
	LESS  reduce 350
	LET  reduce 350
	LIDENT  reduce 350
	LPAREN  reduce 350
	LBRACKETAT  reduce 350
	LBRACKETATAT  reduce 350
	LBRACKETATATAT  reduce 350
	METHOD  reduce 350
	MINUS  reduce 350
	MINUSDOT  reduce 350
	MINUSGREATER  reduce 350
	MODULE  reduce 350
	NEW  reduce 350
	OPEN  reduce 350
	OPTLABEL  reduce 350
	OR  reduce 350
	PERCENT  reduce 350
	PLUS  reduce 350
	PLUSDOT  reduce 350
	PLUSEQ  reduce 350
	PREFIXOP  reduce 350
	QUESTION  reduce 350
	RBRACE  reduce 350
	RBRACKET  reduce 350
	RPAREN  reduce 350
	SEMI  reduce 350
	SEMISEMI  reduce 350
	STAR  reduce 350
	STRING  reduce 350
	THEN  reduce 350
	TILDE  reduce 350
	TO  reduce 350
	TRUE  reduce 350
	TYPE  reduce 350
	UIDENT  reduce 350
	VAL  reduce 350
	WITH  reduce 350


state 380
	simple_labeled_expr_list : labeled_simple_expr .  (348)

	.  reduce 348


state 381
	labeled_simple_expr : label_expr .  (351)

	.  reduce 351


state 382
	expr_comma_list : expr_comma_list COMMA . expr  (383)

	ASSERT  shift 9
	BACKQUOTE  shift 10
	BANG  shift 11
	BEGIN  shift 12
	CHAR  shift 13
	FALSE  shift 17
	FLOAT  shift 18
	FOR  shift 19
	FUN  shift 20
	FUNCTION  shift 21
	IF  shift 22
	INT  shift 24
	LAZY  shift 25
	LBRACE  shift 26
	LBRACELESS  shift 27
	LBRACKET  shift 28
	LBRACKETBAR  shift 29
	LBRACKETPERCENT  shift 30
	LET  shift 32
	LIDENT  shift 33
	LPAREN  shift 34
	MATCH  shift 36
	MINUS  shift 37
	MINUSDOT  shift 38
	NEW  shift 40
	OBJECT  shift 41
	PLUS  shift 43
	PLUSDOT  shift 44
	PREFIXOP  shift 45
	STRING  shift 47
	TRUE  shift 48
	TRY  shift 49
	UIDENT  shift 51
	UNDERSCORE  shift 52
	WHILE  shift 54
	.  error

	mod_longident  goto 59
	extension  goto 60
	expr  goto 635
	let_bindings  goto 159
	label  goto 81
	simple_expr  goto 83
	expr_comma_list  goto 84
	constr_longident  goto 85
	name_tag  goto 86
	subtractive  goto 87
	additive  goto 88
	val_longident  goto 89
	constant  goto 90
	val_ident  goto 91
	let_binding  goto 92


state 383
	expr : constr_longident simple_expr .  (238)
	simple_expr : simple_expr . DOT label_longident  (294)
	simple_expr : simple_expr . DOT LPAREN seq_expr RPAREN  (298)
	simple_expr : simple_expr . DOT LPAREN seq_expr error  (299)
	simple_expr : simple_expr . DOT LBRACKET seq_expr RBRACKET  (300)
	simple_expr : simple_expr . DOT LBRACKET seq_expr error  (301)
	simple_expr : simple_expr . DOTOP LBRACKET expr RBRACKET  (302)
	simple_expr : simple_expr . DOTOP LBRACKET expr error  (303)
	simple_expr : simple_expr . DOTOP LPAREN expr RPAREN  (304)
	simple_expr : simple_expr . DOTOP LPAREN expr error  (305)
	simple_expr : simple_expr . DOTOP LBRACE expr RBRACE  (306)
	simple_expr : simple_expr . DOTOP LBRACE expr error  (307)
	simple_expr : simple_expr . DOT mod_longident DOTOP LBRACKET expr RBRACKET  (308)
	simple_expr : simple_expr . DOT mod_longident DOTOP LBRACKET expr error  (309)
	simple_expr : simple_expr . DOT mod_longident DOTOP LPAREN expr RPAREN  (310)
	simple_expr : simple_expr . DOT mod_longident DOTOP LPAREN expr error  (311)
	simple_expr : simple_expr . DOT mod_longident DOTOP LBRACE expr RBRACE  (312)
	simple_expr : simple_expr . DOT mod_longident DOTOP LBRACE expr error  (313)
	simple_expr : simple_expr . DOT LBRACE expr RBRACE  (314)
	simple_expr : simple_expr . DOT LBRACE expr_comma_list error  (315)
	simple_expr : simple_expr . HASH label  (340)
	simple_expr : simple_expr . HASHOP simple_expr  (341)

	DOT  shift 489
	DOTOP  shift 490
	HASH  shift 375
	HASHOP  shift 376
	error  reduce 238
	AMPERAMPER  reduce 238
	AMPERSAND  reduce 238
	AND  reduce 238
	BAR  reduce 238
	BARBAR  reduce 238
	BARRBRACKET  reduce 238
	CLASS  reduce 238
	COLON  reduce 238
	COLONCOLON  reduce 238
	COLONEQUAL  reduce 238
	COLONGREATER  reduce 238
	COMMA  reduce 238
	CONSTRAINT  reduce 238
	DO  reduce 238
	DONE  reduce 238
	DOWNTO  reduce 238
	ELSE  reduce 238
	END  reduce 238
	EOF  reduce 238
	EQUAL  reduce 238
	EXCEPTION  reduce 238
	EXTERNAL  reduce 238
	GREATER  reduce 238
	GREATERRBRACE  reduce 238
	IN  reduce 238
	INCLUDE  reduce 238
	INFIXOP0  reduce 238
	INFIXOP1  reduce 238
	INFIXOP2  reduce 238
	INFIXOP3  reduce 238
	INFIXOP4  reduce 238
	INHERIT  reduce 238
	INITIALIZER  reduce 238
	LBRACKETPERCENTPERCENT  reduce 238
	LESS  reduce 238
	LET  reduce 238
	LBRACKETAT  reduce 238
	LBRACKETATAT  reduce 238
	LBRACKETATATAT  reduce 238
	METHOD  reduce 238
	MINUS  reduce 238
	MINUSDOT  reduce 238
	MINUSGREATER  reduce 238
	MODULE  reduce 238
	OPEN  reduce 238
	OR  reduce 238
	PERCENT  reduce 238
	PLUS  reduce 238
	PLUSDOT  reduce 238
	PLUSEQ  reduce 238
	RBRACE  reduce 238
	RBRACKET  reduce 238
	RPAREN  reduce 238
	SEMI  reduce 238
	SEMISEMI  reduce 238
	STAR  reduce 238
	THEN  reduce 238
	TO  reduce 238
	TYPE  reduce 238
	VAL  reduce 238
	WITH  reduce 238


state 384
	expr : name_tag simple_expr .  (239)
	simple_expr : simple_expr . DOT label_longident  (294)
	simple_expr : simple_expr . DOT LPAREN seq_expr RPAREN  (298)
	simple_expr : simple_expr . DOT LPAREN seq_expr error  (299)
	simple_expr : simple_expr . DOT LBRACKET seq_expr RBRACKET  (300)
	simple_expr : simple_expr . DOT LBRACKET seq_expr error  (301)
	simple_expr : simple_expr . DOTOP LBRACKET expr RBRACKET  (302)
	simple_expr : simple_expr . DOTOP LBRACKET expr error  (303)
	simple_expr : simple_expr . DOTOP LPAREN expr RPAREN  (304)
	simple_expr : simple_expr . DOTOP LPAREN expr error  (305)
	simple_expr : simple_expr . DOTOP LBRACE expr RBRACE  (306)
	simple_expr : simple_expr . DOTOP LBRACE expr error  (307)
	simple_expr : simple_expr . DOT mod_longident DOTOP LBRACKET expr RBRACKET  (308)
	simple_expr : simple_expr . DOT mod_longident DOTOP LBRACKET expr error  (309)
	simple_expr : simple_expr . DOT mod_longident DOTOP LPAREN expr RPAREN  (310)
	simple_expr : simple_expr . DOT mod_longident DOTOP LPAREN expr error  (311)
	simple_expr : simple_expr . DOT mod_longident DOTOP LBRACE expr RBRACE  (312)
	simple_expr : simple_expr . DOT mod_longident DOTOP LBRACE expr error  (313)
	simple_expr : simple_expr . DOT LBRACE expr RBRACE  (314)
	simple_expr : simple_expr . DOT LBRACE expr_comma_list error  (315)
	simple_expr : simple_expr . HASH label  (340)
	simple_expr : simple_expr . HASHOP simple_expr  (341)

	DOT  shift 489
	DOTOP  shift 490
	HASH  shift 375
	HASHOP  shift 376
	error  reduce 239
	AMPERAMPER  reduce 239
	AMPERSAND  reduce 239
	AND  reduce 239
	BAR  reduce 239
	BARBAR  reduce 239
	BARRBRACKET  reduce 239
	CLASS  reduce 239
	COLON  reduce 239
	COLONCOLON  reduce 239
	COLONEQUAL  reduce 239
	COLONGREATER  reduce 239
	COMMA  reduce 239
	CONSTRAINT  reduce 239
	DO  reduce 239
	DONE  reduce 239
	DOWNTO  reduce 239
	ELSE  reduce 239
	END  reduce 239
	EOF  reduce 239
	EQUAL  reduce 239
	EXCEPTION  reduce 239
	EXTERNAL  reduce 239
	GREATER  reduce 239
	GREATERRBRACE  reduce 239
	IN  reduce 239
	INCLUDE  reduce 239
	INFIXOP0  reduce 239
	INFIXOP1  reduce 239
	INFIXOP2  reduce 239
	INFIXOP3  reduce 239
	INFIXOP4  reduce 239
	INHERIT  reduce 239
	INITIALIZER  reduce 239
	LBRACKETPERCENTPERCENT  reduce 239
	LESS  reduce 239
	LET  reduce 239
	LBRACKETAT  reduce 239
	LBRACKETATAT  reduce 239
	LBRACKETATATAT  reduce 239
	METHOD  reduce 239
	MINUS  reduce 239
	MINUSDOT  reduce 239
	MINUSGREATER  reduce 239
	MODULE  reduce 239
	OPEN  reduce 239
	OR  reduce 239
	PERCENT  reduce 239
	PLUS  reduce 239
	PLUSDOT  reduce 239
	PLUSEQ  reduce 239
	RBRACE  reduce 239
	RBRACKET  reduce 239
	RPAREN  reduce 239
	SEMI  reduce 239
	SEMISEMI  reduce 239
	STAR  reduce 239
	THEN  reduce 239
	TO  reduce 239
	TYPE  reduce 239
	VAL  reduce 239
	WITH  reduce 239


state 385
	expr : expr . COLONCOLON expr  (244)
	expr : expr . INFIXOP0 expr  (245)
	expr : expr . INFIXOP1 expr  (246)
	expr : expr . INFIXOP2 expr  (247)
	expr : expr . INFIXOP3 expr  (248)
	expr : expr . INFIXOP4 expr  (249)
	expr : expr . PLUS expr  (250)
	expr : expr . PLUSDOT expr  (251)
	expr : expr . PLUSEQ expr  (252)
	expr : expr . MINUS expr  (253)
	expr : expr . MINUSDOT expr  (254)
	expr : expr . STAR expr  (255)
	expr : expr . PERCENT expr  (256)
	expr : expr . EQUAL expr  (257)
	expr : expr . LESS expr  (258)
	expr : expr . GREATER expr  (259)
	expr : expr . OR expr  (260)
	expr : expr . BARBAR expr  (261)
	expr : expr . AMPERSAND expr  (262)
	expr : expr . AMPERAMPER expr  (263)
	expr : expr . COLONEQUAL expr  (264)
	expr : subtractive expr .  (265)
	expr : expr . attribute  (282)
	expr_comma_list : expr . COMMA expr  (384)

	.  reduce 265

	attribute  goto 356


state 386
	expr : expr . COLONCOLON expr  (244)
	expr : expr . INFIXOP0 expr  (245)
	expr : expr . INFIXOP1 expr  (246)
	expr : expr . INFIXOP2 expr  (247)
	expr : expr . INFIXOP3 expr  (248)
	expr : expr . INFIXOP4 expr  (249)
	expr : expr . PLUS expr  (250)
	expr : expr . PLUSDOT expr  (251)
	expr : expr . PLUSEQ expr  (252)
	expr : expr . MINUS expr  (253)
	expr : expr . MINUSDOT expr  (254)
	expr : expr . STAR expr  (255)
	expr : expr . PERCENT expr  (256)
	expr : expr . EQUAL expr  (257)
	expr : expr . LESS expr  (258)
	expr : expr . GREATER expr  (259)
	expr : expr . OR expr  (260)
	expr : expr . BARBAR expr  (261)
	expr : expr . AMPERSAND expr  (262)
	expr : expr . AMPERAMPER expr  (263)
	expr : expr . COLONEQUAL expr  (264)
	expr : additive expr .  (266)
	expr : expr . attribute  (282)
	expr_comma_list : expr . COMMA expr  (384)

	.  reduce 266

	attribute  goto 356


state 387
	class_description : CLASS ext_attributes . virtual_flag class_type_parameters LIDENT COLON class_type post_item_attributes  (198)
	virtual_flag : .  (714)

	VIRTUAL  shift 494
	LBRACKET  reduce 714
	LIDENT  reduce 714

	virtual_flag  goto 636


state 388
	sig_exception_declaration : EXCEPTION ext_attributes . constr_ident generalized_constructor_arguments attributes post_item_attributes  (519)

	FALSE  shift 496
	LBRACKET  shift 497
	LPAREN  shift 498
	TRUE  shift 499
	UIDENT  shift 500
	.  error

	constr_ident  goto 637


state 389
	sig_include_statement : INCLUDE ext_attributes . module_type post_item_attributes  (105)

	FUNCTOR  shift 638
	LBRACKETPERCENT  shift 30
	LIDENT  shift 189
	LPAREN  shift 639
	MODULE  shift 640
	SIG  shift 641
	UIDENT  shift 642
	.  error

	module_type  goto 643
	extension  goto 644
	mty_longident  goto 645
	ident  goto 646
	mod_ext_longident  goto 647


state 390
	module_declaration : MODULE ext_attributes . UIDENT module_declaration_body post_item_attributes  (109)
	module_alias : MODULE ext_attributes . UIDENT EQUAL mod_longident post_item_attributes  (110)
	rec_module_declaration : MODULE ext_attributes . REC UIDENT COLON module_type post_item_attributes  (113)

	REC  shift 648
	UIDENT  shift 649
	.  error


state 391
	signature : SEMISEMI signature .  (87)

	.  reduce 87


state 392
	type_declaration : TYPE ext_attributes . nonrec_flag optional_type_parameters LIDENT type_kind constraints post_item_attributes  (481)
	sig_type_extension : TYPE ext_attributes . nonrec_flag optional_type_parameters type_longident PLUSEQ private_flag sig_extension_constructors post_item_attributes  (533)
	nonrec_flag : .  (706)

	NONREC  shift 574
	LIDENT  reduce 706
	LPAREN  reduce 706
	MINUS  reduce 706
	PLUS  reduce 706
	QUOTE  reduce 706
	UIDENT  reduce 706
	UNDERSCORE  reduce 706

	nonrec_flag  goto 650


state 393
	interface : signature EOF .  (2)

	.  reduce 2


state 394
	signature_item : item_extension post_item_attributes .  (102)

	.  reduce 102


state 395
	signature : signature_item signature .  (88)

	.  reduce 88


state 396
	and_module_declaration : AND . attributes UIDENT COLON module_type post_item_attributes  (114)
	attributes : .  (789)

	LBRACKETAT  shift 185
	UIDENT  reduce 789

	attributes  goto 651
	attribute  goto 487


state 397
	rec_module_declarations : rec_module_declarations and_module_declaration .  (112)

	.  reduce 112


state 398
	and_class_description : AND . attributes virtual_flag class_type_parameters LIDENT COLON class_type post_item_attributes  (199)
	attributes : .  (789)

	LBRACKETAT  shift 185
	LBRACKET  reduce 789
	LIDENT  reduce 789
	VIRTUAL  reduce 789

	attributes  goto 652
	attribute  goto 487


state 399
	class_descriptions : class_descriptions and_class_description .  (197)

	.  reduce 197


state 400
	toplevel_directive : HASH ident .  (696)
	toplevel_directive : HASH ident . STRING  (697)
	toplevel_directive : HASH ident . INT  (698)
	toplevel_directive : HASH ident . val_longident  (699)
	toplevel_directive : HASH ident . mod_longident  (700)
	toplevel_directive : HASH ident . FALSE  (701)
	toplevel_directive : HASH ident . TRUE  (702)

	FALSE  shift 653
	INT  shift 654
	LIDENT  shift 165
	LPAREN  shift 502
	STRING  shift 655
	TRUE  shift 656
	UIDENT  shift 51
	CLASS  reduce 696
	EOF  reduce 696
	EXCEPTION  reduce 696
	EXTERNAL  reduce 696
	INCLUDE  reduce 696
	LBRACKETPERCENTPERCENT  reduce 696
	LET  reduce 696
	LBRACKETATATAT  reduce 696
	MODULE  reduce 696
	OPEN  reduce 696
	SEMISEMI  reduce 696
	HASH  reduce 696
	TYPE  reduce 696
	VAL  reduce 696

	mod_longident  goto 657
	val_longident  goto 658
	val_ident  goto 91


state 401
	toplevel_phrase : top_structure SEMISEMI .  (3)

	.  reduce 3


state 402
	toplevel_phrase : toplevel_directive SEMISEMI .  (4)

	.  reduce 4


state 403
	top_structure : seq_expr post_item_attributes .  (6)

	.  reduce 6


state 404
	top_structure_tail : structure_item top_structure_tail .  (9)

	.  reduce 9


state 405
	use_file_tail : SEMISEMI use_file_body .  (14)

	.  reduce 14


state 406
	use_file_tail : toplevel_directive use_file_tail .  (16)

	.  reduce 16


state 407
	use_file_body : seq_expr post_item_attributes . use_file_tail  (12)
	use_file_tail : .  (13)

	CLASS  shift 14
	EXCEPTION  shift 15
	EXTERNAL  shift 16
	INCLUDE  shift 23
	LBRACKETPERCENTPERCENT  shift 31
	LET  shift 329
	LBRACKETATATAT  shift 35
	MODULE  shift 39
	OPEN  shift 42
	SEMISEMI  shift 128
	HASH  shift 121
	TYPE  shift 50
	VAL  shift 53
	EOF  reduce 13

	toplevel_directive  goto 130
	structure_item  goto 132
	use_file_tail  goto 659
	let_bindings  goto 331
	primitive_declaration  goto 64
	value_description  goto 65
	type_declarations  goto 66
	str_type_extension  goto 67
	str_exception_declaration  goto 68
	module_binding  goto 69
	rec_module_bindings  goto 70
	module_type_declaration  goto 71
	open_statement  goto 72
	class_declarations  goto 73
	class_type_declarations  goto 74
	str_include_statement  goto 75
	item_extension  goto 76
	floating_attribute  goto 77
	rec_module_binding  goto 78
	sig_exception_declaration  goto 79
	class_declaration  goto 80
	class_type_declaration  goto 82
	let_binding  goto 92
	type_declaration  goto 93


state 408
	use_file_tail : structure_item use_file_tail .  (15)

	.  reduce 15


state 409
	use_file : use_file_body EOF .  (10)

	.  reduce 10


state 410
	simple_core_type2 : LBRACKET BAR . row_field_list RBRACKET  (583)

	BACKQUOTE  shift 10
	LBRACKET  shift 135
	LBRACKETLESS  shift 136
	LBRACKETGREATER  shift 137
	LBRACKETPERCENT  shift 30
	LESS  shift 138
	LIDENT  shift 411
	LPAREN  shift 140
	QUOTE  shift 143
	HASH  shift 144
	UIDENT  shift 145
	UNDERSCORE  shift 146
	.  error

	extension  goto 149
	name_tag  goto 412
	simple_core_type  goto 413
	type_longident  goto 152
	mod_ext_longident  goto 154
	simple_core_type2  goto 156
	tag_field  goto 660
	row_field_list  goto 661
	row_field  goto 662


state 411
	type_longident : LIDENT .  (683)

	.  reduce 683


state 412
	tag_field : name_tag . OF opt_ampersand amper_type_list attributes  (596)
	tag_field : name_tag . attributes  (597)
	attributes : .  (789)

	LBRACKETAT  shift 185
	OF  shift 663
	BAR  reduce 789
	GREATER  reduce 789
	RBRACKET  reduce 789

	attributes  goto 664
	attribute  goto 487


state 413
	row_field : simple_core_type .  (595)

	.  reduce 595


state 414
	simple_core_type2 : LBRACKET tag_field . RBRACKET  (582)
	row_field : tag_field .  (594)

	RBRACKET  shift 665
	BAR  reduce 594


state 415
	simple_core_type2 : LBRACKET row_field . BAR row_field_list RBRACKET  (584)

	BAR  shift 666
	.  error


state 416
	opt_bar : BAR .  (724)

	.  reduce 724


state 417
	simple_core_type2 : LBRACKETLESS opt_bar . row_field_list RBRACKET  (587)
	simple_core_type2 : LBRACKETLESS opt_bar . row_field_list GREATER name_tag_list RBRACKET  (588)

	BACKQUOTE  shift 10
	LBRACKET  shift 135
	LBRACKETLESS  shift 136
	LBRACKETGREATER  shift 137
	LBRACKETPERCENT  shift 30
	LESS  shift 138
	LIDENT  shift 411
	LPAREN  shift 140
	QUOTE  shift 143
	HASH  shift 144
	UIDENT  shift 145
	UNDERSCORE  shift 146
	.  error

	extension  goto 149
	name_tag  goto 412
	simple_core_type  goto 413
	type_longident  goto 152
	mod_ext_longident  goto 154
	simple_core_type2  goto 156
	tag_field  goto 660
	row_field_list  goto 667
	row_field  goto 662


state 418
	simple_core_type2 : LBRACKETGREATER RBRACKET .  (586)

	.  reduce 586


state 419
	simple_core_type2 : LBRACKETGREATER opt_bar . row_field_list RBRACKET  (585)

	BACKQUOTE  shift 10
	LBRACKET  shift 135
	LBRACKETLESS  shift 136
	LBRACKETGREATER  shift 137
	LBRACKETPERCENT  shift 30
	LESS  shift 138
	LIDENT  shift 411
	LPAREN  shift 140
	QUOTE  shift 143
	HASH  shift 144
	UIDENT  shift 145
	UNDERSCORE  shift 146
	.  error

	extension  goto 149
	name_tag  goto 412
	simple_core_type  goto 413
	type_longident  goto 152
	mod_ext_longident  goto 154
	simple_core_type2  goto 156
	tag_field  goto 660
	row_field_list  goto 668
	row_field  goto 662


state 420
	meth_list : DOTDOT .  (616)

	.  reduce 616


state 421
	simple_core_type2 : LESS GREATER .  (578)

	.  reduce 578


state 422
	label : LIDENT .  (620)
	type_longident : LIDENT .  (683)

	COLON  reduce 620
	GREATER  reduce 683
	LIDENT  reduce 683
	SEMI  reduce 683
	HASH  reduce 683
	UIDENT  reduce 683


state 423
	field : label . COLON poly_type_no_attr attributes  (617)
	field_semi : label . COLON poly_type_no_attr attributes SEMI attributes  (618)

	COLON  shift 669
	.  error


state 424
	meth_list : simple_core_type .  (615)
	inherit_field_semi : simple_core_type . SEMI  (619)

	SEMI  shift 670
	GREATER  reduce 615


state 425
	simple_core_type2 : LESS meth_list . GREATER  (577)

	GREATER  shift 671
	.  error


state 426
	meth_list : field_semi . meth_list  (610)
	meth_list : field_semi .  (612)

	DOTDOT  shift 420
	LBRACKET  shift 135
	LBRACKETLESS  shift 136
	LBRACKETGREATER  shift 137
	LBRACKETPERCENT  shift 30
	LESS  shift 138
	LIDENT  shift 422
	LPAREN  shift 140
	QUOTE  shift 143
	HASH  shift 144
	UIDENT  shift 145
	UNDERSCORE  shift 146
	GREATER  reduce 612

	extension  goto 149
	label  goto 423
	simple_core_type  goto 424
	type_longident  goto 152
	mod_ext_longident  goto 154
	simple_core_type2  goto 156
	meth_list  goto 672
	field_semi  goto 426
	inherit_field_semi  goto 427
	field  goto 428


state 427
	meth_list : inherit_field_semi . meth_list  (611)
	meth_list : inherit_field_semi .  (614)

	DOTDOT  shift 420
	LBRACKET  shift 135
	LBRACKETLESS  shift 136
	LBRACKETGREATER  shift 137
	LBRACKETPERCENT  shift 30
	LESS  shift 138
	LIDENT  shift 422
	LPAREN  shift 140
	QUOTE  shift 143
	HASH  shift 144
	UIDENT  shift 145
	UNDERSCORE  shift 146
	GREATER  reduce 614

	extension  goto 149
	label  goto 423
	simple_core_type  goto 424
	type_longident  goto 152
	mod_ext_longident  goto 154
	simple_core_type2  goto 156
	meth_list  goto 673
	field_semi  goto 426
	inherit_field_semi  goto 427
	field  goto 428


state 428
	meth_list : field .  (613)

	.  reduce 613


state 429
	core_type2 : LIDENT COLON . core_type2 MINUSGREATER core_type2  (568)

	LBRACKET  shift 135
	LBRACKETLESS  shift 136
	LBRACKETGREATER  shift 137
	LBRACKETPERCENT  shift 30
	LESS  shift 138
	LIDENT  shift 139
	LPAREN  shift 140
	OPTLABEL  shift 141
	QUESTION  shift 142
	QUOTE  shift 143
	HASH  shift 144
	UIDENT  shift 145
	UNDERSCORE  shift 146
	.  error

	extension  goto 149
	simple_core_type_or_tuple  goto 150
	simple_core_type  goto 151
	type_longident  goto 152
	mod_ext_longident  goto 154
	core_type2  goto 674
	simple_core_type2  goto 156


state 430
	simple_core_type2 : LPAREN MODULE . ext_attributes package_type RPAREN  (589)
	ext_attributes : .  (791)

	LBRACKETAT  shift 185
	PERCENT  shift 186
	FUNCTOR  reduce 791
	LBRACKETPERCENT  reduce 791
	LIDENT  reduce 791
	LPAREN  reduce 791
	MODULE  reduce 791
	SIG  reduce 791
	UIDENT  reduce 791

	attribute  goto 187
	ext_attributes  goto 675


state 431
	core_type : core_type . attribute  (562)
	core_type_comma_list : core_type .  (606)

	LBRACKETAT  shift 185
	COMMA  reduce 606
	RBRACKET  reduce 606
	RPAREN  reduce 606

	attribute  goto 440


state 432
	simple_core_type : LPAREN core_type_comma_list . RPAREN  (571)
	simple_core_type2 : LPAREN core_type_comma_list . RPAREN type_longident  (576)
	simple_core_type2 : LPAREN core_type_comma_list . RPAREN HASH class_longident  (581)
	core_type_comma_list : core_type_comma_list . COMMA core_type  (607)

	COMMA  shift 676
	RPAREN  shift 677
	.  error


state 433
	core_type2 : OPTLABEL core_type2 . MINUSGREATER core_type2  (567)
	core_type2 : core_type2 . MINUSGREATER core_type2  (569)

	MINUSGREATER  shift 678
	.  error


state 434
	core_type2 : QUESTION LIDENT . COLON core_type2 MINUSGREATER core_type2  (566)

	COLON  shift 679
	.  error


state 435
	simple_core_type2 : QUOTE ident .  (572)

	.  reduce 572


state 436
	class_longident : LIDENT .  (694)

	.  reduce 694


state 437
	mod_longident : mod_longident . DOT UIDENT  (686)
	class_longident : mod_longident . DOT LIDENT  (695)

	DOT  shift 680
	.  error


state 438
	simple_core_type2 : HASH class_longident .  (579)

	.  reduce 579


state 439
	parse_core_type : core_type EOF .  (17)

	.  reduce 17


state 440
	core_type : core_type attribute .  (562)

	.  reduce 562


state 441
	simple_core_type_or_tuple : simple_core_type STAR . core_type_list  (605)

	LBRACKET  shift 135
	LBRACKETLESS  shift 136
	LBRACKETGREATER  shift 137
	LBRACKETPERCENT  shift 30
	LESS  shift 138
	LIDENT  shift 411
	LPAREN  shift 140
	QUOTE  shift 143
	HASH  shift 144
	UIDENT  shift 145
	UNDERSCORE  shift 146
	.  error

	extension  goto 149
	simple_core_type  goto 681
	type_longident  goto 152
	core_type_list  goto 682
	mod_ext_longident  goto 154
	simple_core_type2  goto 156


state 442
	type_longident : mod_ext_longident DOT . LIDENT  (684)
	mod_ext_longident : mod_ext_longident DOT . UIDENT  (688)

	LIDENT  shift 683
	UIDENT  shift 684
	.  error


state 443
	mod_ext_longident : mod_ext_longident LPAREN . mod_ext_longident RPAREN  (689)

	UIDENT  shift 145
	.  error

	mod_ext_longident  goto 685


state 444
	core_type_no_attr : core_type2 AS . QUOTE ident  (564)

	QUOTE  shift 686
	.  error


state 445
	core_type2 : core_type2 MINUSGREATER . core_type2  (569)

	LBRACKET  shift 135
	LBRACKETLESS  shift 136
	LBRACKETGREATER  shift 137
	LBRACKETPERCENT  shift 30
	LESS  shift 138
	LIDENT  shift 139
	LPAREN  shift 140
	OPTLABEL  shift 141
	QUESTION  shift 142
	QUOTE  shift 143
	HASH  shift 144
	UIDENT  shift 145
	UNDERSCORE  shift 146
	.  error

	extension  goto 149
	simple_core_type_or_tuple  goto 150
	simple_core_type  goto 151
	type_longident  goto 152
	mod_ext_longident  goto 154
	core_type2  goto 687
	simple_core_type2  goto 156


state 446
	simple_core_type2 : simple_core_type2 HASH . class_longident  (580)

	LIDENT  shift 436
	UIDENT  shift 51
	.  error

	mod_longident  goto 437
	class_longident  goto 688


state 447
	simple_core_type2 : simple_core_type2 type_longident .  (575)

	.  reduce 575


state 448
	parse_expression : seq_expr EOF .  (18)

	.  reduce 18


state 449
	pattern : EXCEPTION ext_attributes . pattern  (412)

	BACKQUOTE  shift 10
	CHAR  shift 13
	EXCEPTION  shift 160
	FALSE  shift 17
	FLOAT  shift 18
	INT  shift 24
	LAZY  shift 161
	LBRACE  shift 162
	LBRACKET  shift 163
	LBRACKETBAR  shift 164
	LBRACKETPERCENT  shift 30
	LIDENT  shift 165
	LPAREN  shift 166
	MINUS  shift 167
	PLUS  shift 168
	HASH  shift 169
	STRING  shift 47
	TRUE  shift 48
	UIDENT  shift 51
	UNDERSCORE  shift 170
	.  error

	pattern  goto 689
	mod_longident  goto 173
	extension  goto 174
	simple_pattern  goto 175
	constr_longident  goto 176
	name_tag  goto 177
	constant  goto 178
	val_ident  goto 179
	simple_pattern_not_ident  goto 180
	pattern_comma_list  goto 181
	pattern_gen  goto 182
	signed_constant  goto 183
	simple_delimited_pattern  goto 184


state 450
	pattern_gen : LAZY ext_attributes . simple_pattern  (427)

	BACKQUOTE  shift 10
	CHAR  shift 13
	FALSE  shift 17
	FLOAT  shift 18
	INT  shift 24
	LBRACE  shift 162
	LBRACKET  shift 163
	LBRACKETBAR  shift 164
	LBRACKETPERCENT  shift 30
	LIDENT  shift 165
	LPAREN  shift 166
	MINUS  shift 167
	PLUS  shift 168
	HASH  shift 169
	STRING  shift 47
	TRUE  shift 48
	UIDENT  shift 51
	UNDERSCORE  shift 170
	.  error

	mod_longident  goto 173
	extension  goto 174
	simple_pattern  goto 690
	constr_longident  goto 512
	name_tag  goto 513
	constant  goto 178
	val_ident  goto 179
	simple_pattern_not_ident  goto 180
	signed_constant  goto 183
	simple_delimited_pattern  goto 184


state 451
	label_longident : LIDENT .  (681)

	.  reduce 681


state 452
	label_longident : mod_longident . DOT LIDENT  (682)
	mod_longident : mod_longident . DOT UIDENT  (686)

	DOT  shift 691
	.  error


state 453
	lbl_pattern : label_longident . opt_pattern_type_constraint EQUAL pattern  (471)
	lbl_pattern : label_longident . opt_pattern_type_constraint  (472)
	opt_pattern_type_constraint : .  (474)

	COLON  shift 692
	error  reduce 474
	EQUAL  reduce 474
	RBRACE  reduce 474
	SEMI  reduce 474

	opt_pattern_type_constraint  goto 693


state 454
	simple_delimited_pattern : LBRACE lbl_pattern_list . RBRACE  (452)
	simple_delimited_pattern : LBRACE lbl_pattern_list . error  (453)

	error  shift 694
	RBRACE  shift 695
	.  error


state 455
	lbl_pattern_list : lbl_pattern .  (467)
	lbl_pattern_list : lbl_pattern . SEMI  (468)
	lbl_pattern_list : lbl_pattern . SEMI UNDERSCORE opt_semi  (469)
	lbl_pattern_list : lbl_pattern . SEMI lbl_pattern_list  (470)

	SEMI  shift 696
	error  reduce 467
	RBRACE  reduce 467


state 456
	pattern : pattern . AS val_ident  (405)
	pattern : pattern . AS error  (406)
	pattern : pattern . COLONCOLON pattern  (408)
	pattern : pattern . COLONCOLON error  (409)
	pattern : pattern . BAR pattern  (410)
	pattern : pattern . BAR error  (411)
	pattern : pattern . attribute  (413)
	pattern_comma_list : pattern . COMMA pattern  (460)
	pattern_comma_list : pattern . COMMA error  (461)
	pattern_semi_list : pattern .  (465)

	AS  shift 473
	BAR  shift 474
	COLONCOLON  shift 475
	COMMA  shift 476
	LBRACKETAT  shift 185
	error  reduce 465
	BARRBRACKET  reduce 465
	RBRACKET  reduce 465
	SEMI  reduce 465

	attribute  goto 478


state 457
	simple_delimited_pattern : LBRACKET pattern_semi_list . opt_semi RBRACKET  (454)
	simple_delimited_pattern : LBRACKET pattern_semi_list . opt_semi error  (455)
	pattern_semi_list : pattern_semi_list . SEMI pattern  (466)
	opt_semi : .  (725)

	SEMI  shift 697
	error  reduce 725
	RBRACKET  reduce 725

	opt_semi  goto 698


state 458
	simple_delimited_pattern : LBRACKETBAR BARRBRACKET .  (457)

	.  reduce 457


state 459
	simple_delimited_pattern : LBRACKETBAR pattern_semi_list . opt_semi BARRBRACKET  (456)
	simple_delimited_pattern : LBRACKETBAR pattern_semi_list . opt_semi error  (458)
	pattern_semi_list : pattern_semi_list . SEMI pattern  (466)
	opt_semi : .  (725)

	SEMI  shift 697
	error  reduce 725
	BARRBRACKET  reduce 725

	opt_semi  goto 699


state 460
	operator : BANG .  (650)

	.  reduce 650


state 461
	signed_constant : MINUS . INT  (626)
	signed_constant : MINUS . FLOAT  (627)
	operator : MINUS .  (653)

	FLOAT  shift 468
	INT  shift 469
	error  reduce 653
	RPAREN  reduce 653


state 462
	operator : MINUSDOT .  (654)

	.  reduce 654


state 463
	simple_pattern_not_ident : LPAREN MODULE . ext_attributes UIDENT RPAREN  (448)
	simple_pattern_not_ident : LPAREN MODULE . ext_attributes UIDENT COLON package_type RPAREN  (449)
	simple_pattern_not_ident : LPAREN MODULE . ext_attributes UIDENT COLON package_type error  (450)
	val_ident : LPAREN MODULE . error  (636)
	ext_attributes : .  (791)

	error  shift 556
	LBRACKETAT  shift 185
	PERCENT  shift 186
	UIDENT  reduce 791

	attribute  goto 187
	ext_attributes  goto 700


state 464
	signed_constant : PLUS . INT  (628)
	signed_constant : PLUS . FLOAT  (629)
	operator : PLUS .  (651)

	FLOAT  shift 470
	INT  shift 471
	error  reduce 651
	RPAREN  reduce 651


state 465
	operator : PLUSDOT .  (652)

	.  reduce 652


state 466
	operator : PREFIXOP .  (637)

	.  reduce 637


state 467
	pattern : pattern . AS val_ident  (405)
	pattern : pattern . AS error  (406)
	pattern : pattern . COLONCOLON pattern  (408)
	pattern : pattern . COLONCOLON error  (409)
	pattern : pattern . BAR pattern  (410)
	pattern : pattern . BAR error  (411)
	pattern : pattern . attribute  (413)
	simple_pattern_not_ident : LPAREN pattern . RPAREN  (443)
	simple_pattern_not_ident : LPAREN pattern . error  (444)
	simple_pattern_not_ident : LPAREN pattern . COLON core_type RPAREN  (445)
	simple_pattern_not_ident : LPAREN pattern . COLON core_type error  (446)
	simple_pattern_not_ident : LPAREN pattern . COLON error  (447)
	pattern_comma_list : pattern . COMMA pattern  (460)
	pattern_comma_list : pattern . COMMA error  (461)

	error  shift 701
	AS  shift 473
	BAR  shift 474
	COLON  shift 702
	COLONCOLON  shift 475
	COMMA  shift 476
	LBRACKETAT  shift 185
	RPAREN  shift 703
	.  error

	attribute  goto 478


state 468
	signed_constant : MINUS FLOAT .  (627)

	.  reduce 627


state 469
	signed_constant : MINUS INT .  (626)

	.  reduce 626


state 470
	signed_constant : PLUS FLOAT .  (629)

	.  reduce 629


state 471
	signed_constant : PLUS INT .  (628)

	.  reduce 628


state 472
	simple_pattern_not_ident : HASH type_longident .  (435)

	.  reduce 435


state 473
	pattern : pattern AS . val_ident  (405)
	pattern : pattern AS . error  (406)

	error  shift 704
	LIDENT  shift 165
	LPAREN  shift 502
	.  error

	val_ident  goto 705


state 474
	pattern : pattern BAR . pattern  (410)
	pattern : pattern BAR . error  (411)

	error  shift 706
	BACKQUOTE  shift 10
	CHAR  shift 13
	EXCEPTION  shift 160
	FALSE  shift 17
	FLOAT  shift 18
	INT  shift 24
	LAZY  shift 161
	LBRACE  shift 162
	LBRACKET  shift 163
	LBRACKETBAR  shift 164
	LBRACKETPERCENT  shift 30
	LIDENT  shift 165
	LPAREN  shift 166
	MINUS  shift 167
	PLUS  shift 168
	HASH  shift 169
	STRING  shift 47
	TRUE  shift 48
	UIDENT  shift 51
	UNDERSCORE  shift 170
	.  error

	pattern  goto 707
	mod_longident  goto 173
	extension  goto 174
	simple_pattern  goto 175
	constr_longident  goto 176
	name_tag  goto 177
	constant  goto 178
	val_ident  goto 179
	simple_pattern_not_ident  goto 180
	pattern_comma_list  goto 181
	pattern_gen  goto 182
	signed_constant  goto 183
	simple_delimited_pattern  goto 184


state 475
	pattern : pattern COLONCOLON . pattern  (408)
	pattern : pattern COLONCOLON . error  (409)

	error  shift 708
	BACKQUOTE  shift 10
	CHAR  shift 13
	EXCEPTION  shift 160
	FALSE  shift 17
	FLOAT  shift 18
	INT  shift 24
	LAZY  shift 161
	LBRACE  shift 162
	LBRACKET  shift 163
	LBRACKETBAR  shift 164
	LBRACKETPERCENT  shift 30
	LIDENT  shift 165
	LPAREN  shift 166
	MINUS  shift 167
	PLUS  shift 168
	HASH  shift 169
	STRING  shift 47
	TRUE  shift 48
	UIDENT  shift 51
	UNDERSCORE  shift 170
	.  error

	pattern  goto 709
	mod_longident  goto 173
	extension  goto 174
	simple_pattern  goto 175
	constr_longident  goto 176
	name_tag  goto 177
	constant  goto 178
	val_ident  goto 179
	simple_pattern_not_ident  goto 180
	pattern_comma_list  goto 181
	pattern_gen  goto 182
	signed_constant  goto 183
	simple_delimited_pattern  goto 184


state 476
	pattern_comma_list : pattern COMMA . pattern  (460)
	pattern_comma_list : pattern COMMA . error  (461)

	error  shift 710
	BACKQUOTE  shift 10
	CHAR  shift 13
	EXCEPTION  shift 160
	FALSE  shift 17
	FLOAT  shift 18
	INT  shift 24
	LAZY  shift 161
	LBRACE  shift 162
	LBRACKET  shift 163
	LBRACKETBAR  shift 164
	LBRACKETPERCENT  shift 30
	LIDENT  shift 165
	LPAREN  shift 166
	MINUS  shift 167
	PLUS  shift 168
	HASH  shift 169
	STRING  shift 47
	TRUE  shift 48
	UIDENT  shift 51
	UNDERSCORE  shift 170
	.  error

	pattern  goto 711
	mod_longident  goto 173
	extension  goto 174
	simple_pattern  goto 175
	constr_longident  goto 176
	name_tag  goto 177
	constant  goto 178
	val_ident  goto 179
	simple_pattern_not_ident  goto 180
	pattern_comma_list  goto 181
	pattern_gen  goto 182
	signed_constant  goto 183
	simple_delimited_pattern  goto 184


state 477
	parse_pattern : pattern EOF .  (19)

	.  reduce 19


state 478
	pattern : pattern attribute .  (413)

	.  reduce 413


state 479
	simple_pattern_not_ident : mod_longident DOT . simple_delimited_pattern  (437)
	simple_pattern_not_ident : mod_longident DOT . LBRACKET RBRACKET  (438)
	simple_pattern_not_ident : mod_longident DOT . LPAREN RPAREN  (439)
	simple_pattern_not_ident : mod_longident DOT . LPAREN pattern RPAREN  (440)
	simple_pattern_not_ident : mod_longident DOT . LPAREN pattern error  (441)
	simple_pattern_not_ident : mod_longident DOT . LPAREN error  (442)
	constr_longident : mod_longident DOT . LPAREN COLONCOLON RPAREN  (675)
	mod_longident : mod_longident DOT . UIDENT  (686)

	LBRACE  shift 162
	LBRACKET  shift 712
	LBRACKETBAR  shift 164
	LPAREN  shift 713
	UIDENT  shift 586
	.  error

	simple_delimited_pattern  goto 714


state 480
	pattern : pattern . AS val_ident  (405)
	pattern : pattern . AS error  (406)
	pattern : pattern . COLONCOLON pattern  (408)
	pattern : pattern . COLONCOLON error  (409)
	pattern : pattern . BAR pattern  (410)
	pattern : pattern . BAR error  (411)
	pattern : pattern . attribute  (413)
	pattern_gen : constr_longident pattern .  (425)
	pattern_comma_list : pattern . COMMA pattern  (460)
	pattern_comma_list : pattern . COMMA error  (461)

	.  reduce 425

	attribute  goto 478


state 481
	pattern : pattern . AS val_ident  (405)
	pattern : pattern . AS error  (406)
	pattern : pattern . COLONCOLON pattern  (408)
	pattern : pattern . COLONCOLON error  (409)
	pattern : pattern . BAR pattern  (410)
	pattern : pattern . BAR error  (411)
	pattern : pattern . attribute  (413)
	pattern_gen : name_tag pattern .  (426)
	pattern_comma_list : pattern . COMMA pattern  (460)
	pattern_comma_list : pattern . COMMA error  (461)

	.  reduce 426

	attribute  goto 478


state 482
	pattern_comma_list : pattern_comma_list COMMA . pattern  (459)

	BACKQUOTE  shift 10
	CHAR  shift 13
	EXCEPTION  shift 160
	FALSE  shift 17
	FLOAT  shift 18
	INT  shift 24
	LAZY  shift 161
	LBRACE  shift 162
	LBRACKET  shift 163
	LBRACKETBAR  shift 164
	LBRACKETPERCENT  shift 30
	LIDENT  shift 165
	LPAREN  shift 166
	MINUS  shift 167
	PLUS  shift 168
	HASH  shift 169
	STRING  shift 47
	TRUE  shift 48
	UIDENT  shift 51
	UNDERSCORE  shift 170
	.  error

	pattern  goto 715
	mod_longident  goto 173
	extension  goto 174
	simple_pattern  goto 175
	constr_longident  goto 176
	name_tag  goto 177
	constant  goto 178
	val_ident  goto 179
	simple_pattern_not_ident  goto 180
	pattern_comma_list  goto 181
	pattern_gen  goto 182
	signed_constant  goto 183
	simple_delimited_pattern  goto 184


state 483
	simple_pattern_not_ident : signed_constant DOTDOT . signed_constant  (432)

	CHAR  shift 13
	FLOAT  shift 18
	INT  shift 24
	MINUS  shift 167
	PLUS  shift 168
	STRING  shift 47
	.  error

	constant  goto 178
	signed_constant  goto 716


state 484
	attribute : LBRACKETAT attr_id . payload RBRACKET  (784)
	structure_tail : .  (48)

	ASSERT  shift 9
	BACKQUOTE  shift 10
	BANG  shift 11
	BEGIN  shift 12
	CHAR  shift 13
	CLASS  shift 14
	COLON  shift 541
	EXCEPTION  shift 15
	EXTERNAL  shift 16
	FALSE  shift 17
	FLOAT  shift 18
	FOR  shift 19
	FUN  shift 20
	FUNCTION  shift 21
	IF  shift 22
	INCLUDE  shift 23
	INT  shift 24
	LAZY  shift 25
	LBRACE  shift 26
	LBRACELESS  shift 27
	LBRACKET  shift 28
	LBRACKETBAR  shift 29
	LBRACKETPERCENT  shift 30
	LBRACKETPERCENTPERCENT  shift 31
	LET  shift 32
	LIDENT  shift 33
	LPAREN  shift 34
	LBRACKETATATAT  shift 35
	MATCH  shift 36
	MINUS  shift 37
	MINUSDOT  shift 38
	MODULE  shift 39
	NEW  shift 40
	OBJECT  shift 41
	OPEN  shift 42
	PLUS  shift 43
	PLUSDOT  shift 44
	PREFIXOP  shift 45
	QUESTION  shift 542
	SEMISEMI  shift 46
	STRING  shift 47
	TRUE  shift 48
	TRY  shift 49
	TYPE  shift 50
	UIDENT  shift 51
	UNDERSCORE  shift 52
	VAL  shift 53
	WHILE  shift 54
	RBRACKET  reduce 48

	structure  goto 543
	seq_expr  goto 57
	structure_item  goto 58
	mod_longident  goto 59
	extension  goto 60
	expr  goto 61
	structure_tail  goto 62
	let_bindings  goto 63
	primitive_declaration  goto 64
	value_description  goto 65
	type_declarations  goto 66
	str_type_extension  goto 67
	str_exception_declaration  goto 68
	module_binding  goto 69
	rec_module_bindings  goto 70
	module_type_declaration  goto 71
	open_statement  goto 72
	class_declarations  goto 73
	class_type_declarations  goto 74
	str_include_statement  goto 75
	item_extension  goto 76
	floating_attribute  goto 77
	rec_module_binding  goto 78
	sig_exception_declaration  goto 79
	class_declaration  goto 80
	label  goto 81
	class_type_declaration  goto 82
	simple_expr  goto 83
	expr_comma_list  goto 84
	constr_longident  goto 85
	name_tag  goto 86
	subtractive  goto 87
	additive  goto 88
	val_longident  goto 89
	constant  goto 90
	val_ident  goto 91
	let_binding  goto 92
	type_declaration  goto 93
	payload  goto 717


state 485
	ext_attributes : PERCENT attr_id . attributes  (793)
	attributes : .  (789)

	LBRACKETAT  shift 185
	error  reduce 789
	ASSERT  reduce 789
	BACKQUOTE  reduce 789
	BANG  reduce 789
	BAR  reduce 789
	BEGIN  reduce 789
	CHAR  reduce 789
	CONSTRAINT  reduce 789
	END  reduce 789
	EXCEPTION  reduce 789
	FALSE  reduce 789
	FLOAT  reduce 789
	FOR  reduce 789
	FUN  reduce 789
	FUNCTION  reduce 789
	FUNCTOR  reduce 789
	IF  reduce 789
	INHERIT  reduce 789
	INITIALIZER  reduce 789
	INT  reduce 789
	LABEL  reduce 789
	LAZY  reduce 789
	LBRACE  reduce 789
	LBRACELESS  reduce 789
	LBRACKET  reduce 789
	LBRACKETBAR  reduce 789
	LBRACKETPERCENT  reduce 789
	LBRACKETPERCENTPERCENT  reduce 789
	LET  reduce 789
	LIDENT  reduce 789
	LPAREN  reduce 789
	LBRACKETATATAT  reduce 789
	MATCH  reduce 789
	METHOD  reduce 789
	MINUS  reduce 789
	MINUSDOT  reduce 789
	MODULE  reduce 789
	NEW  reduce 789
	NONREC  reduce 789
	OBJECT  reduce 789
	OPTLABEL  reduce 789
	PLUS  reduce 789
	PLUSDOT  reduce 789
	PREFIXOP  reduce 789
	QUESTION  reduce 789
	QUOTE  reduce 789
	REC  reduce 789
	HASH  reduce 789
	SIG  reduce 789
	STRING  reduce 789
	STRUCT  reduce 789
	TILDE  reduce 789
	TRUE  reduce 789
	TRY  reduce 789
	UIDENT  reduce 789
	UNDERSCORE  reduce 789
	VAL  reduce 789
	VIRTUAL  reduce 789
	WHILE  reduce 789

	attributes  goto 718
	attribute  goto 487


state 486
	ext_attributes : attribute attributes .  (792)

	.  reduce 792


state 487
	attributes : attribute . attributes  (790)
	attributes : .  (789)

	LBRACKETAT  shift 185
	error  reduce 789
	AND  reduce 789
	ASSERT  reduce 789
	BACKQUOTE  reduce 789
	BANG  reduce 789
	BAR  reduce 789
	BEGIN  reduce 789
	CHAR  reduce 789
	CLASS  reduce 789
	CONSTRAINT  reduce 789
	DOTDOT  reduce 789
	END  reduce 789
	EOF  reduce 789
	EXCEPTION  reduce 789
	EXTERNAL  reduce 789
	FALSE  reduce 789
	FLOAT  reduce 789
	FOR  reduce 789
	FUN  reduce 789
	FUNCTION  reduce 789
	FUNCTOR  reduce 789
	GREATER  reduce 789
	IF  reduce 789
	IN  reduce 789
	INCLUDE  reduce 789
	INHERIT  reduce 789
	INITIALIZER  reduce 789
	INT  reduce 789
	LABEL  reduce 789
	LAZY  reduce 789
	LBRACE  reduce 789
	LBRACELESS  reduce 789
	LBRACKET  reduce 789
	LBRACKETBAR  reduce 789
	LBRACKETLESS  reduce 789
	LBRACKETGREATER  reduce 789
	LBRACKETPERCENT  reduce 789
	LBRACKETPERCENTPERCENT  reduce 789
	LESS  reduce 789
	LET  reduce 789
	LIDENT  reduce 789
	LPAREN  reduce 789
	LBRACKETATAT  reduce 789
	LBRACKETATATAT  reduce 789
	MATCH  reduce 789
	METHOD  reduce 789
	MINUS  reduce 789
	MINUSDOT  reduce 789
	MODULE  reduce 789
	MUTABLE  reduce 789
	NEW  reduce 789
	NONREC  reduce 789
	OBJECT  reduce 789
	OPEN  reduce 789
	OPTLABEL  reduce 789
	PLUS  reduce 789
	PLUSDOT  reduce 789
	PREFIXOP  reduce 789
	PRIVATE  reduce 789
	QUESTION  reduce 789
	QUOTE  reduce 789
	RBRACE  reduce 789
	RBRACKET  reduce 789
	REC  reduce 789
	SEMI  reduce 789
	SEMISEMI  reduce 789
	HASH  reduce 789
	SIG  reduce 789
	STRING  reduce 789
	STRUCT  reduce 789
	TILDE  reduce 789
	TRUE  reduce 789
	TRY  reduce 789
	TYPE  reduce 789
	UIDENT  reduce 789
	UNDERSCORE  reduce 789
	VAL  reduce 789
	VIRTUAL  reduce 789
	WHILE  reduce 789

	attributes  goto 719
	attribute  goto 487


state 488
	expr : ASSERT ext_attributes simple_expr .  (278)
	simple_expr : simple_expr . DOT label_longident  (294)
	simple_expr : simple_expr . DOT LPAREN seq_expr RPAREN  (298)
	simple_expr : simple_expr . DOT LPAREN seq_expr error  (299)
	simple_expr : simple_expr . DOT LBRACKET seq_expr RBRACKET  (300)
	simple_expr : simple_expr . DOT LBRACKET seq_expr error  (301)
	simple_expr : simple_expr . DOTOP LBRACKET expr RBRACKET  (302)
	simple_expr : simple_expr . DOTOP LBRACKET expr error  (303)
	simple_expr : simple_expr . DOTOP LPAREN expr RPAREN  (304)
	simple_expr : simple_expr . DOTOP LPAREN expr error  (305)
	simple_expr : simple_expr . DOTOP LBRACE expr RBRACE  (306)
	simple_expr : simple_expr . DOTOP LBRACE expr error  (307)
	simple_expr : simple_expr . DOT mod_longident DOTOP LBRACKET expr RBRACKET  (308)
	simple_expr : simple_expr . DOT mod_longident DOTOP LBRACKET expr error  (309)
	simple_expr : simple_expr . DOT mod_longident DOTOP LPAREN expr RPAREN  (310)
	simple_expr : simple_expr . DOT mod_longident DOTOP LPAREN expr error  (311)
	simple_expr : simple_expr . DOT mod_longident DOTOP LBRACE expr RBRACE  (312)
	simple_expr : simple_expr . DOT mod_longident DOTOP LBRACE expr error  (313)
	simple_expr : simple_expr . DOT LBRACE expr RBRACE  (314)
	simple_expr : simple_expr . DOT LBRACE expr_comma_list error  (315)
	simple_expr : simple_expr . HASH label  (340)
	simple_expr : simple_expr . HASHOP simple_expr  (341)

	DOT  shift 489
	DOTOP  shift 490
	HASH  shift 375
	HASHOP  shift 376
	error  reduce 278
	AMPERAMPER  reduce 278
	AMPERSAND  reduce 278
	AND  reduce 278
	BAR  reduce 278
	BARBAR  reduce 278
	BARRBRACKET  reduce 278
	CLASS  reduce 278
	COLON  reduce 278
	COLONCOLON  reduce 278
	COLONEQUAL  reduce 278
	COLONGREATER  reduce 278
	COMMA  reduce 278
	CONSTRAINT  reduce 278
	DO  reduce 278
	DONE  reduce 278
	DOWNTO  reduce 278
	ELSE  reduce 278
	END  reduce 278
	EOF  reduce 278
	EQUAL  reduce 278
	EXCEPTION  reduce 278
	EXTERNAL  reduce 278
	GREATER  reduce 278
	GREATERRBRACE  reduce 278
	IN  reduce 278
	INCLUDE  reduce 278
	INFIXOP0  reduce 278
	INFIXOP1  reduce 278
	INFIXOP2  reduce 278
	INFIXOP3  reduce 278
	INFIXOP4  reduce 278
	INHERIT  reduce 278
	INITIALIZER  reduce 278
	LBRACKETPERCENTPERCENT  reduce 278
	LESS  reduce 278
	LET  reduce 278
	LBRACKETAT  reduce 278
	LBRACKETATAT  reduce 278
	LBRACKETATATAT  reduce 278
	METHOD  reduce 278
	MINUS  reduce 278
	MINUSDOT  reduce 278
	MINUSGREATER  reduce 278
	MODULE  reduce 278
	OPEN  reduce 278
	OR  reduce 278
	PERCENT  reduce 278
	PLUS  reduce 278
	PLUSDOT  reduce 278
	PLUSEQ  reduce 278
	RBRACE  reduce 278
	RBRACKET  reduce 278
	RPAREN  reduce 278
	SEMI  reduce 278
	SEMISEMI  reduce 278
	STAR  reduce 278
	THEN  reduce 278
	TO  reduce 278
	TYPE  reduce 278
	VAL  reduce 278
	WITH  reduce 278


state 489
	simple_expr : simple_expr DOT . label_longident  (294)
	simple_expr : simple_expr DOT . LPAREN seq_expr RPAREN  (298)
	simple_expr : simple_expr DOT . LPAREN seq_expr error  (299)
	simple_expr : simple_expr DOT . LBRACKET seq_expr RBRACKET  (300)
	simple_expr : simple_expr DOT . LBRACKET seq_expr error  (301)
	simple_expr : simple_expr DOT . mod_longident DOTOP LBRACKET expr RBRACKET  (308)
	simple_expr : simple_expr DOT . mod_longident DOTOP LBRACKET expr error  (309)
	simple_expr : simple_expr DOT . mod_longident DOTOP LPAREN expr RPAREN  (310)
	simple_expr : simple_expr DOT . mod_longident DOTOP LPAREN expr error  (311)
	simple_expr : simple_expr DOT . mod_longident DOTOP LBRACE expr RBRACE  (312)
	simple_expr : simple_expr DOT . mod_longident DOTOP LBRACE expr error  (313)
	simple_expr : simple_expr DOT . LBRACE expr RBRACE  (314)
	simple_expr : simple_expr DOT . LBRACE expr_comma_list error  (315)

	LBRACE  shift 720
	LBRACKET  shift 721
	LIDENT  shift 451
	LPAREN  shift 722
	UIDENT  shift 51
	.  error

	mod_longident  goto 723
	label_longident  goto 724


state 490
	simple_expr : simple_expr DOTOP . LBRACKET expr RBRACKET  (302)
	simple_expr : simple_expr DOTOP . LBRACKET expr error  (303)
	simple_expr : simple_expr DOTOP . LPAREN expr RPAREN  (304)
	simple_expr : simple_expr DOTOP . LPAREN expr error  (305)
	simple_expr : simple_expr DOTOP . LBRACE expr RBRACE  (306)
	simple_expr : simple_expr DOTOP . LBRACE expr error  (307)

	LBRACE  shift 725
	LBRACKET  shift 726
	LPAREN  shift 727
	.  error


state 491
	simple_expr : BEGIN ext_attributes END .  (291)

	.  reduce 291


state 492
	simple_expr : BEGIN ext_attributes seq_expr . END  (290)
	simple_expr : BEGIN ext_attributes seq_expr . error  (292)

	error  shift 728
	END  shift 729
	.  error


state 493
	class_type_declaration : CLASS TYPE ext_attributes . virtual_flag class_type_parameters LIDENT EQUAL class_signature post_item_attributes  (202)
	virtual_flag : .  (714)

	VIRTUAL  shift 494
	LBRACKET  reduce 714
	LIDENT  reduce 714

	virtual_flag  goto 730


state 494
	virtual_flag : VIRTUAL .  (715)

	.  reduce 715


state 495
	class_declaration : CLASS ext_attributes virtual_flag . class_type_parameters LIDENT class_fun_binding post_item_attributes  (120)
	class_type_parameters : .  (125)

	LBRACKET  shift 731
	LIDENT  reduce 125

	class_type_parameters  goto 732


state 496
	constr_ident : FALSE .  (670)

	.  reduce 670


state 497
	constr_ident : LBRACKET . RBRACKET  (667)

	RBRACKET  shift 733
	.  error


state 498
	constr_ident : LPAREN . RPAREN  (668)
	constr_ident : LPAREN . COLONCOLON RPAREN  (669)

	COLONCOLON  shift 734
	RPAREN  shift 735
	.  error


state 499
	constr_ident : TRUE .  (671)

	.  reduce 671


state 500
	constr_ident : UIDENT .  (666)

	.  reduce 666


state 501
	str_exception_declaration : EXCEPTION ext_attributes constr_ident . EQUAL constr_longident attributes post_item_attributes  (518)
	sig_exception_declaration : EXCEPTION ext_attributes constr_ident . generalized_constructor_arguments attributes post_item_attributes  (519)
	generalized_constructor_arguments : .  (521)

	COLON  shift 736
	EQUAL  shift 737
	OF  shift 738
	error  reduce 521
	CLASS  reduce 521
	END  reduce 521
	EOF  reduce 521
	EXCEPTION  reduce 521
	EXTERNAL  reduce 521
	INCLUDE  reduce 521
	LBRACKETPERCENTPERCENT  reduce 521
	LET  reduce 521
	LBRACKETAT  reduce 521
	LBRACKETATAT  reduce 521
	LBRACKETATATAT  reduce 521
	MODULE  reduce 521
	OPEN  reduce 521
	RBRACKET  reduce 521
	SEMISEMI  reduce 521
	HASH  reduce 521
	TYPE  reduce 521
	VAL  reduce 521

	generalized_constructor_arguments  goto 739


state 502
	val_ident : LPAREN . operator RPAREN  (633)
	val_ident : LPAREN . operator error  (634)
	val_ident : LPAREN . error  (635)
	val_ident : LPAREN . MODULE error  (636)

	error  shift 281
	AMPERAMPER  shift 282
	AMPERSAND  shift 283
	BANG  shift 460
	BARBAR  shift 285
	COLONEQUAL  shift 287
	EQUAL  shift 288
	GREATER  shift 289
	INFIXOP0  shift 290
	INFIXOP1  shift 291
	INFIXOP2  shift 292
	INFIXOP3  shift 293
	INFIXOP4  shift 294
	DOTOP  shift 295
	LESS  shift 296
	MINUS  shift 740
	MINUSDOT  shift 462
	MODULE  shift 741
	OR  shift 300
	PERCENT  shift 301
	PLUS  shift 742
	PLUSDOT  shift 465
	PLUSEQ  shift 304
	PREFIXOP  shift 466
	HASHOP  shift 307
	STAR  shift 308
	.  error

	operator  goto 310


state 503
	primitive_declaration : EXTERNAL ext_attributes val_ident . COLON core_type EQUAL primitive_declaration_body post_item_attributes  (478)

	COLON  shift 743
	.  error


state 504
	expr : FOR ext_attributes pattern . EQUAL seq_expr direction_flag seq_expr DO seq_expr DONE  (243)
	pattern : pattern . AS val_ident  (405)
	pattern : pattern . AS error  (406)
	pattern : pattern . COLONCOLON pattern  (408)
	pattern : pattern . COLONCOLON error  (409)
	pattern : pattern . BAR pattern  (410)
	pattern : pattern . BAR error  (411)
	pattern : pattern . attribute  (413)
	pattern_comma_list : pattern . COMMA pattern  (460)
	pattern_comma_list : pattern . COMMA error  (461)

	AS  shift 473
	BAR  shift 474
	COLONCOLON  shift 475
	COMMA  shift 476
	EQUAL  shift 744
	LBRACKETAT  shift 185
	.  error

	attribute  goto 478


state 505
	labeled_simple_pattern : LABEL . simple_pattern  (214)

	BACKQUOTE  shift 10
	CHAR  shift 13
	FALSE  shift 17
	FLOAT  shift 18
	INT  shift 24
	LBRACE  shift 162
	LBRACKET  shift 163
	LBRACKETBAR  shift 164
	LBRACKETPERCENT  shift 30
	LIDENT  shift 165
	LPAREN  shift 166
	MINUS  shift 167
	PLUS  shift 168
	HASH  shift 169
	STRING  shift 47
	TRUE  shift 48
	UIDENT  shift 51
	UNDERSCORE  shift 170
	.  error

	mod_longident  goto 173
	extension  goto 174
	simple_pattern  goto 745
	constr_longident  goto 512
	name_tag  goto 513
	constant  goto 178
	val_ident  goto 179
	simple_pattern_not_ident  goto 180
	signed_constant  goto 183
	simple_delimited_pattern  goto 184


state 506
	expr : FUN ext_attributes LPAREN . TYPE lident_list RPAREN fun_def  (233)
	simple_pattern_not_ident : LPAREN . pattern RPAREN  (443)
	simple_pattern_not_ident : LPAREN . pattern error  (444)
	simple_pattern_not_ident : LPAREN . pattern COLON core_type RPAREN  (445)
	simple_pattern_not_ident : LPAREN . pattern COLON core_type error  (446)
	simple_pattern_not_ident : LPAREN . pattern COLON error  (447)
	simple_pattern_not_ident : LPAREN . MODULE ext_attributes UIDENT RPAREN  (448)
	simple_pattern_not_ident : LPAREN . MODULE ext_attributes UIDENT COLON package_type RPAREN  (449)
	simple_pattern_not_ident : LPAREN . MODULE ext_attributes UIDENT COLON package_type error  (450)
	val_ident : LPAREN . operator RPAREN  (633)
	val_ident : LPAREN . operator error  (634)
	val_ident : LPAREN . error  (635)
	val_ident : LPAREN . MODULE error  (636)
	constr_longident : LPAREN . RPAREN  (677)
	constr_longident : LPAREN . COLONCOLON RPAREN  (678)

	error  shift 281
	AMPERAMPER  shift 282
	AMPERSAND  shift 283
	BACKQUOTE  shift 10
	BANG  shift 460
	BARBAR  shift 285
	CHAR  shift 13
	COLONCOLON  shift 286
	COLONEQUAL  shift 287
	EQUAL  shift 288
	EXCEPTION  shift 160
	FALSE  shift 17
	FLOAT  shift 18
	GREATER  shift 289
	INFIXOP0  shift 290
	INFIXOP1  shift 291
	INFIXOP2  shift 292
	INFIXOP3  shift 293
	INFIXOP4  shift 294
	DOTOP  shift 295
	INT  shift 24
	LAZY  shift 161
	LBRACE  shift 162
	LBRACKET  shift 163
	LBRACKETBAR  shift 164
	LBRACKETPERCENT  shift 30
	LESS  shift 296
	LIDENT  shift 165
	LPAREN  shift 166
	MINUS  shift 461
	MINUSDOT  shift 462
	MODULE  shift 463
	OR  shift 300
	PERCENT  shift 301
	PLUS  shift 464
	PLUSDOT  shift 465
	PLUSEQ  shift 304
	PREFIXOP  shift 466
	RPAREN  shift 306
	HASH  shift 169
	HASHOP  shift 307
	STAR  shift 308
	STRING  shift 47
	TRUE  shift 48
	TYPE  shift 746
	UIDENT  shift 51
	UNDERSCORE  shift 170
	.  error

	pattern  goto 467
	mod_longident  goto 173
	extension  goto 174
	simple_pattern  goto 175
	constr_longident  goto 176
	name_tag  goto 177
	constant  goto 178
	val_ident  goto 179
	simple_pattern_not_ident  goto 180
	pattern_comma_list  goto 181
	pattern_gen  goto 182
	signed_constant  goto 183
	simple_delimited_pattern  goto 184
	operator  goto 310


state 507
	labeled_simple_pattern : OPTLABEL . LPAREN let_pattern opt_default RPAREN  (210)
	labeled_simple_pattern : OPTLABEL . pattern_var  (211)

	LIDENT  shift 747
	LPAREN  shift 748
	UNDERSCORE  shift 749
	.  error

	pattern_var  goto 750


state 508
	labeled_simple_pattern : QUESTION . LPAREN label_let_pattern opt_default RPAREN  (208)
	labeled_simple_pattern : QUESTION . label_var  (209)

	LIDENT  shift 751
	LPAREN  shift 752
	.  error

	label_var  goto 753


state 509
	labeled_simple_pattern : TILDE . LPAREN label_let_pattern RPAREN  (212)
	labeled_simple_pattern : TILDE . label_var  (213)

	LIDENT  shift 751
	LPAREN  shift 754
	.  error

	label_var  goto 755


state 510
	expr : FUN ext_attributes labeled_simple_pattern . fun_def  (232)

	BACKQUOTE  shift 10
	CHAR  shift 13
	COLON  shift 756
	FALSE  shift 17
	FLOAT  shift 18
	INT  shift 24
	LABEL  shift 505
	LBRACE  shift 162
	LBRACKET  shift 163
	LBRACKETBAR  shift 164
	LBRACKETPERCENT  shift 30
	LIDENT  shift 165
	LPAREN  shift 757
	MINUS  shift 167
	MINUSGREATER  shift 758
	OPTLABEL  shift 507
	PLUS  shift 168
	QUESTION  shift 508
	HASH  shift 169
	STRING  shift 47
	TILDE  shift 509
	TRUE  shift 48
	UIDENT  shift 51
	UNDERSCORE  shift 170
	.  error

	mod_longident  goto 173
	extension  goto 174
	labeled_simple_pattern  goto 759
	simple_pattern  goto 511
	fun_def  goto 760
	constr_longident  goto 512
	name_tag  goto 513
	constant  goto 178
	val_ident  goto 179
	simple_pattern_not_ident  goto 180
	signed_constant  goto 183
	simple_delimited_pattern  goto 184


state 511
	labeled_simple_pattern : simple_pattern .  (215)

	.  reduce 215


state 512
	simple_pattern_not_ident : constr_longident .  (433)

	.  reduce 433


state 513
	simple_pattern_not_ident : name_tag .  (434)

	.  reduce 434


state 514
	expr : FUNCTION ext_attributes opt_bar . match_cases  (231)

	BACKQUOTE  shift 10
	CHAR  shift 13
	EXCEPTION  shift 160
	FALSE  shift 17
	FLOAT  shift 18
	INT  shift 24
	LAZY  shift 161
	LBRACE  shift 162
	LBRACKET  shift 163
	LBRACKETBAR  shift 164
	LBRACKETPERCENT  shift 30
	LIDENT  shift 165
	LPAREN  shift 166
	MINUS  shift 167
	PLUS  shift 168
	HASH  shift 169
	STRING  shift 47
	TRUE  shift 48
	UIDENT  shift 51
	UNDERSCORE  shift 170
	.  error

	pattern  goto 761
	mod_longident  goto 173
	extension  goto 174
	simple_pattern  goto 175
	match_cases  goto 762
	constr_longident  goto 176
	name_tag  goto 177
	constant  goto 178
	val_ident  goto 179
	simple_pattern_not_ident  goto 180
	match_case  goto 763
	pattern_comma_list  goto 181
	pattern_gen  goto 182
	signed_constant  goto 183
	simple_delimited_pattern  goto 184


state 515
	expr : IF ext_attributes seq_expr . THEN expr ELSE expr  (240)
	expr : IF ext_attributes seq_expr . THEN expr  (241)

	THEN  shift 764
	.  error


state 516
	module_expr : FUNCTOR . attributes functor_args MINUSGREATER module_expr  (29)
	attributes : .  (789)

	LBRACKETAT  shift 185
	LPAREN  reduce 789

	attributes  goto 765
	attribute  goto 487


state 517
	paren_module_expr : LPAREN . module_expr COLON module_type RPAREN  (35)
	paren_module_expr : LPAREN . module_expr COLON module_type error  (36)
	paren_module_expr : LPAREN . module_expr RPAREN  (37)
	paren_module_expr : LPAREN . module_expr error  (38)
	paren_module_expr : LPAREN . VAL attributes expr RPAREN  (39)
	paren_module_expr : LPAREN . VAL attributes expr COLON package_type RPAREN  (40)
	paren_module_expr : LPAREN . VAL attributes expr COLON package_type COLONGREATER package_type RPAREN  (41)
	paren_module_expr : LPAREN . VAL attributes expr COLONGREATER package_type RPAREN  (42)
	paren_module_expr : LPAREN . VAL attributes expr COLON error  (43)
	paren_module_expr : LPAREN . VAL attributes expr COLONGREATER error  (44)
	paren_module_expr : LPAREN . VAL attributes expr error  (45)

	FUNCTOR  shift 516
	LBRACKETPERCENT  shift 30
	LPAREN  shift 517
	STRUCT  shift 518
	UIDENT  shift 51
	VAL  shift 766
	.  error

	module_expr  goto 767
	mod_longident  goto 520
	paren_module_expr  goto 521
	extension  goto 522


state 518
	module_expr : STRUCT . attributes structure END  (27)
	module_expr : STRUCT . attributes structure error  (28)
	attributes : .  (789)

	LBRACKETAT  shift 185
	error  reduce 789
	ASSERT  reduce 789
	BACKQUOTE  reduce 789
	BANG  reduce 789
	BEGIN  reduce 789
	CHAR  reduce 789
	CLASS  reduce 789
	END  reduce 789
	EXCEPTION  reduce 789
	EXTERNAL  reduce 789
	FALSE  reduce 789
	FLOAT  reduce 789
	FOR  reduce 789
	FUN  reduce 789
	FUNCTION  reduce 789
	IF  reduce 789
	INCLUDE  reduce 789
	INT  reduce 789
	LAZY  reduce 789
	LBRACE  reduce 789
	LBRACELESS  reduce 789
	LBRACKET  reduce 789
	LBRACKETBAR  reduce 789
	LBRACKETPERCENT  reduce 789
	LBRACKETPERCENTPERCENT  reduce 789
	LET  reduce 789
	LIDENT  reduce 789
	LPAREN  reduce 789
	LBRACKETATATAT  reduce 789
	MATCH  reduce 789
	MINUS  reduce 789
	MINUSDOT  reduce 789
	MODULE  reduce 789
	NEW  reduce 789
	OBJECT  reduce 789
	OPEN  reduce 789
	PLUS  reduce 789
	PLUSDOT  reduce 789
	PREFIXOP  reduce 789
	SEMISEMI  reduce 789
	STRING  reduce 789
	TRUE  reduce 789
	TRY  reduce 789
	TYPE  reduce 789
	UIDENT  reduce 789
	UNDERSCORE  reduce 789
	VAL  reduce 789
	WHILE  reduce 789

	attributes  goto 768
	attribute  goto 487


state 519
	module_expr : module_expr . paren_module_expr  (30)
	module_expr : module_expr . LPAREN RPAREN  (31)
	module_expr : module_expr . attribute  (33)
	str_include_statement : INCLUDE ext_attributes module_expr . post_item_attributes  (66)
	post_item_attributes : .  (787)

	LPAREN  shift 769
	LBRACKETAT  shift 185
	LBRACKETATAT  shift 326
	error  reduce 787
	CLASS  reduce 787
	END  reduce 787
	EOF  reduce 787
	EXCEPTION  reduce 787
	EXTERNAL  reduce 787
	INCLUDE  reduce 787
	LBRACKETPERCENTPERCENT  reduce 787
	LET  reduce 787
	LBRACKETATATAT  reduce 787
	MODULE  reduce 787
	OPEN  reduce 787
	RBRACKET  reduce 787
	SEMISEMI  reduce 787
	HASH  reduce 787
	TYPE  reduce 787
	VAL  reduce 787

	post_item_attributes  goto 770
	paren_module_expr  goto 771
	attribute  goto 772
	post_item_attribute  goto 328


state 520
	module_expr : mod_longident .  (26)
	mod_longident : mod_longident . DOT UIDENT  (686)

	DOT  shift 773
	error  reduce 26
	AND  reduce 26
	CLASS  reduce 26
	COLON  reduce 26
	COLONGREATER  reduce 26
	END  reduce 26
	EOF  reduce 26
	EQUAL  reduce 26
	EXCEPTION  reduce 26
	EXTERNAL  reduce 26
	IN  reduce 26
	INCLUDE  reduce 26
	LBRACKETPERCENTPERCENT  reduce 26
	LET  reduce 26
	LPAREN  reduce 26
	LBRACKETAT  reduce 26
	LBRACKETATAT  reduce 26
	LBRACKETATATAT  reduce 26
	MINUSGREATER  reduce 26
	MODULE  reduce 26
	OPEN  reduce 26
	RBRACKET  reduce 26
	RPAREN  reduce 26
	SEMISEMI  reduce 26
	HASH  reduce 26
	TYPE  reduce 26
	VAL  reduce 26
	WITH  reduce 26


state 521
	module_expr : paren_module_expr .  (32)

	.  reduce 32


state 522
	module_expr : extension .  (34)

	.  reduce 34


state 523
	expr : LAZY ext_attributes simple_expr .  (279)
	simple_expr : simple_expr . DOT label_longident  (294)
	simple_expr : simple_expr . DOT LPAREN seq_expr RPAREN  (298)
	simple_expr : simple_expr . DOT LPAREN seq_expr error  (299)
	simple_expr : simple_expr . DOT LBRACKET seq_expr RBRACKET  (300)
	simple_expr : simple_expr . DOT LBRACKET seq_expr error  (301)
	simple_expr : simple_expr . DOTOP LBRACKET expr RBRACKET  (302)
	simple_expr : simple_expr . DOTOP LBRACKET expr error  (303)
	simple_expr : simple_expr . DOTOP LPAREN expr RPAREN  (304)
	simple_expr : simple_expr . DOTOP LPAREN expr error  (305)
	simple_expr : simple_expr . DOTOP LBRACE expr RBRACE  (306)
	simple_expr : simple_expr . DOTOP LBRACE expr error  (307)
	simple_expr : simple_expr . DOT mod_longident DOTOP LBRACKET expr RBRACKET  (308)
	simple_expr : simple_expr . DOT mod_longident DOTOP LBRACKET expr error  (309)
	simple_expr : simple_expr . DOT mod_longident DOTOP LPAREN expr RPAREN  (310)
	simple_expr : simple_expr . DOT mod_longident DOTOP LPAREN expr error  (311)
	simple_expr : simple_expr . DOT mod_longident DOTOP LBRACE expr RBRACE  (312)
	simple_expr : simple_expr . DOT mod_longident DOTOP LBRACE expr error  (313)
	simple_expr : simple_expr . DOT LBRACE expr RBRACE  (314)
	simple_expr : simple_expr . DOT LBRACE expr_comma_list error  (315)
	simple_expr : simple_expr . HASH label  (340)
	simple_expr : simple_expr . HASHOP simple_expr  (341)

	DOT  shift 489
	DOTOP  shift 490
	HASH  shift 375
	HASHOP  shift 376
	error  reduce 279
	AMPERAMPER  reduce 279
	AMPERSAND  reduce 279
	AND  reduce 279
	BAR  reduce 279
	BARBAR  reduce 279
	BARRBRACKET  reduce 279
	CLASS  reduce 279
	COLON  reduce 279
	COLONCOLON  reduce 279
	COLONEQUAL  reduce 279
	COLONGREATER  reduce 279
	COMMA  reduce 279
	CONSTRAINT  reduce 279
	DO  reduce 279
	DONE  reduce 279
	DOWNTO  reduce 279
	ELSE  reduce 279
	END  reduce 279
	EOF  reduce 279
	EQUAL  reduce 279
	EXCEPTION  reduce 279
	EXTERNAL  reduce 279
	GREATER  reduce 279
	GREATERRBRACE  reduce 279
	IN  reduce 279
	INCLUDE  reduce 279
	INFIXOP0  reduce 279
	INFIXOP1  reduce 279
	INFIXOP2  reduce 279
	INFIXOP3  reduce 279
	INFIXOP4  reduce 279
	INHERIT  reduce 279
	INITIALIZER  reduce 279
	LBRACKETPERCENTPERCENT  reduce 279
	LESS  reduce 279
	LET  reduce 279
	LBRACKETAT  reduce 279
	LBRACKETATAT  reduce 279
	LBRACKETATATAT  reduce 279
	METHOD  reduce 279
	MINUS  reduce 279
	MINUSDOT  reduce 279
	MINUSGREATER  reduce 279
	MODULE  reduce 279
	OPEN  reduce 279
	OR  reduce 279
	PERCENT  reduce 279
	PLUS  reduce 279
	PLUSDOT  reduce 279
	PLUSEQ  reduce 279
	RBRACE  reduce 279
	RBRACKET  reduce 279
	RPAREN  reduce 279
	SEMI  reduce 279
	SEMISEMI  reduce 279
	STAR  reduce 279
	THEN  reduce 279
	TO  reduce 279
	TYPE  reduce 279
	VAL  reduce 279
	WITH  reduce 279


state 524
	simple_expr : mod_longident DOT . LPAREN seq_expr RPAREN  (295)
	simple_expr : mod_longident DOT . LPAREN RPAREN  (296)
	simple_expr : mod_longident DOT . LPAREN seq_expr error  (297)
	simple_expr : mod_longident DOT . LBRACE record_expr RBRACE  (318)
	simple_expr : mod_longident DOT . LBRACE record_expr error  (319)
	simple_expr : mod_longident DOT . LBRACKETBAR expr_semi_list opt_semi BARRBRACKET  (323)
	simple_expr : mod_longident DOT . LBRACKETBAR BARRBRACKET  (324)
	simple_expr : mod_longident DOT . LBRACKETBAR expr_semi_list opt_semi error  (325)
	simple_expr : mod_longident DOT . LBRACKET expr_semi_list opt_semi RBRACKET  (328)
	simple_expr : mod_longident DOT . LBRACKET RBRACKET  (329)
	simple_expr : mod_longident DOT . LBRACKET expr_semi_list opt_semi error  (330)
	simple_expr : mod_longident DOT . LBRACELESS field_expr_list GREATERRBRACE  (337)
	simple_expr : mod_longident DOT . LBRACELESS GREATERRBRACE  (338)
	simple_expr : mod_longident DOT . LBRACELESS field_expr_list error  (339)
	simple_expr : mod_longident DOT . LPAREN MODULE ext_attributes module_expr COLON package_type RPAREN  (345)
	simple_expr : mod_longident DOT . LPAREN MODULE ext_attributes module_expr COLON error  (346)
	val_longident : mod_longident DOT . val_ident  (673)
	constr_longident : mod_longident DOT . LPAREN COLONCOLON RPAREN  (675)
	label_longident : mod_longident DOT . LIDENT  (682)
	mod_longident : mod_longident DOT . UIDENT  (686)

	LBRACE  shift 581
	LBRACELESS  shift 582
	LBRACKET  shift 583
	LBRACKETBAR  shift 584
	LIDENT  shift 774
	LPAREN  shift 585
	UIDENT  shift 586
	.  error

	val_ident  goto 587


state 525
	record_expr : simple_expr WITH . lbl_expr_list  (385)

	LIDENT  shift 451
	UIDENT  shift 51
	.  error

	mod_longident  goto 452
	label_longident  goto 209
	lbl_expr_list  goto 775
	lbl_expr  goto 212


state 526
	type_constraint : COLON . core_type  (398)
	type_constraint : COLON . core_type COLONGREATER core_type  (399)
	type_constraint : COLON . error  (401)

	error  shift 776
	LBRACKET  shift 135
	LBRACKETLESS  shift 136
	LBRACKETGREATER  shift 137
	LBRACKETPERCENT  shift 30
	LESS  shift 138
	LIDENT  shift 139
	LPAREN  shift 140
	OPTLABEL  shift 141
	QUESTION  shift 142
	QUOTE  shift 143
	HASH  shift 144
	UIDENT  shift 145
	UNDERSCORE  shift 146
	.  error

	core_type  goto 777
	extension  goto 149
	simple_core_type_or_tuple  goto 150
	simple_core_type  goto 151
	type_longident  goto 152
	core_type_no_attr  goto 153
	mod_ext_longident  goto 154
	core_type2  goto 155
	simple_core_type2  goto 156


state 527
	type_constraint : COLONGREATER . core_type  (400)
	type_constraint : COLONGREATER . error  (402)

	error  shift 778
	LBRACKET  shift 135
	LBRACKETLESS  shift 136
	LBRACKETGREATER  shift 137
	LBRACKETPERCENT  shift 30
	LESS  shift 138
	LIDENT  shift 139
	LPAREN  shift 140
	OPTLABEL  shift 141
	QUESTION  shift 142
	QUOTE  shift 143
	HASH  shift 144
	UIDENT  shift 145
	UNDERSCORE  shift 146
	.  error

	core_type  goto 779
	extension  goto 149
	simple_core_type_or_tuple  goto 150
	simple_core_type  goto 151
	type_longident  goto 152
	core_type_no_attr  goto 153
	mod_ext_longident  goto 154
	core_type2  goto 155
	simple_core_type2  goto 156


state 528
	opt_type_constraint : type_constraint .  (403)

	.  reduce 403


state 529
	lbl_expr : label_longident opt_type_constraint . EQUAL expr  (390)
	lbl_expr : label_longident opt_type_constraint .  (391)

	EQUAL  shift 780
	error  reduce 391
	RBRACE  reduce 391
	SEMI  reduce 391


state 530
	simple_expr : LBRACE record_expr error .  (317)

	.  reduce 317


state 531
	simple_expr : LBRACE record_expr RBRACE .  (316)

	.  reduce 316


state 532
	lbl_expr_list : lbl_expr SEMI . lbl_expr_list  (388)
	lbl_expr_list : lbl_expr SEMI .  (389)

	LIDENT  shift 451
	UIDENT  shift 51
	error  reduce 389
	RBRACE  reduce 389

	mod_longident  goto 452
	label_longident  goto 209
	lbl_expr_list  goto 781
	lbl_expr  goto 212


state 533
	field_expr : label EQUAL . expr  (394)

	ASSERT  shift 9
	BACKQUOTE  shift 10
	BANG  shift 11
	BEGIN  shift 12
	CHAR  shift 13
	FALSE  shift 17
	FLOAT  shift 18
	FOR  shift 19
	FUN  shift 20
	FUNCTION  shift 21
	IF  shift 22
	INT  shift 24
	LAZY  shift 25
	LBRACE  shift 26
	LBRACELESS  shift 27
	LBRACKET  shift 28
	LBRACKETBAR  shift 29
	LBRACKETPERCENT  shift 30
	LET  shift 32
	LIDENT  shift 33
	LPAREN  shift 34
	MATCH  shift 36
	MINUS  shift 37
	MINUSDOT  shift 38
	NEW  shift 40
	OBJECT  shift 41
	PLUS  shift 43
	PLUSDOT  shift 44
	PREFIXOP  shift 45
	STRING  shift 47
	TRUE  shift 48
	TRY  shift 49
	UIDENT  shift 51
	UNDERSCORE  shift 52
	WHILE  shift 54
	.  error

	mod_longident  goto 59
	extension  goto 60
	expr  goto 782
	let_bindings  goto 159
	label  goto 81
	simple_expr  goto 83
	expr_comma_list  goto 84
	constr_longident  goto 85
	name_tag  goto 86
	subtractive  goto 87
	additive  goto 88
	val_longident  goto 89
	constant  goto 90
	val_ident  goto 91
	let_binding  goto 92


state 534
	simple_expr : LBRACELESS field_expr_list error .  (335)

	.  reduce 335


state 535
	simple_expr : LBRACELESS field_expr_list GREATERRBRACE .  (334)

	.  reduce 334


state 536
	field_expr_list : field_expr SEMI . field_expr_list  (393)
	opt_semi : SEMI .  (726)

	LIDENT  shift 214
	error  reduce 726
	GREATERRBRACE  reduce 726

	label  goto 215
	field_expr_list  goto 783
	field_expr  goto 217


state 537
	field_expr_list : field_expr opt_semi .  (392)

	.  reduce 392


state 538
	expr_semi_list : expr_semi_list SEMI . expr  (397)
	opt_semi : SEMI .  (726)

	ASSERT  shift 9
	BACKQUOTE  shift 10
	BANG  shift 11
	BEGIN  shift 12
	CHAR  shift 13
	FALSE  shift 17
	FLOAT  shift 18
	FOR  shift 19
	FUN  shift 20
	FUNCTION  shift 21
	IF  shift 22
	INT  shift 24
	LAZY  shift 25
	LBRACE  shift 26
	LBRACELESS  shift 27
	LBRACKET  shift 28
	LBRACKETBAR  shift 29
	LBRACKETPERCENT  shift 30
	LET  shift 32
	LIDENT  shift 33
	LPAREN  shift 34
	MATCH  shift 36
	MINUS  shift 37
	MINUSDOT  shift 38
	NEW  shift 40
	OBJECT  shift 41
	PLUS  shift 43
	PLUSDOT  shift 44
	PREFIXOP  shift 45
	STRING  shift 47
	TRUE  shift 48
	TRY  shift 49
	UIDENT  shift 51
	UNDERSCORE  shift 52
	WHILE  shift 54
	error  reduce 726
	BARRBRACKET  reduce 726
	RBRACKET  reduce 726

	mod_longident  goto 59
	extension  goto 60
	expr  goto 784
	let_bindings  goto 159
	label  goto 81
	simple_expr  goto 83
	expr_comma_list  goto 84
	constr_longident  goto 85
	name_tag  goto 86
	subtractive  goto 87
	additive  goto 88
	val_longident  goto 89
	constant  goto 90
	val_ident  goto 91
	let_binding  goto 92


state 539
	simple_expr : LBRACKET expr_semi_list opt_semi . RBRACKET  (326)
	simple_expr : LBRACKET expr_semi_list opt_semi . error  (327)

	error  shift 785
	RBRACKET  shift 786
	.  error


state 540
	simple_expr : LBRACKETBAR expr_semi_list opt_semi . BARRBRACKET  (320)
	simple_expr : LBRACKETBAR expr_semi_list opt_semi . error  (321)

	error  shift 787
	BARRBRACKET  shift 788
	.  error


state 541
	payload : COLON . signature  (797)
	payload : COLON . core_type  (798)
	signature : .  (86)

	CLASS  shift 94
	EXCEPTION  shift 95
	EXTERNAL  shift 16
	INCLUDE  shift 96
	LBRACKET  shift 135
	LBRACKETLESS  shift 136
	LBRACKETGREATER  shift 137
	LBRACKETPERCENT  shift 30
	LBRACKETPERCENTPERCENT  shift 31
	LESS  shift 138
	LIDENT  shift 139
	LPAREN  shift 140
	LBRACKETATATAT  shift 35
	MODULE  shift 97
	OPEN  shift 42
	OPTLABEL  shift 141
	QUESTION  shift 142
	QUOTE  shift 143
	SEMISEMI  shift 98
	HASH  shift 144
	TYPE  shift 99
	UIDENT  shift 145
	UNDERSCORE  shift 146
	VAL  shift 53
	RBRACKET  reduce 86

	signature  goto 789
	core_type  goto 790
	extension  goto 149
	primitive_declaration  goto 102
	value_description  goto 103
	type_declarations  goto 104
	module_type_declaration  goto 105
	open_statement  goto 106
	class_type_declarations  goto 107
	item_extension  goto 108
	floating_attribute  goto 109
	signature_item  goto 110
	sig_type_extension  goto 111
	sig_exception_declaration  goto 112
	module_declaration  goto 113
	module_alias  goto 114
	rec_module_declarations  goto 115
	sig_include_statement  goto 116
	class_descriptions  goto 117
	rec_module_declaration  goto 118
	simple_core_type_or_tuple  goto 150
	class_description  goto 119
	class_type_declaration  goto 82
	simple_core_type  goto 151
	type_longident  goto 152
	type_declaration  goto 93
	core_type_no_attr  goto 153
	mod_ext_longident  goto 154
	core_type2  goto 155
	simple_core_type2  goto 156


state 542
	payload : QUESTION . pattern  (799)
	payload : QUESTION . pattern WHEN seq_expr  (800)

	BACKQUOTE  shift 10
	CHAR  shift 13
	EXCEPTION  shift 160
	FALSE  shift 17
	FLOAT  shift 18
	INT  shift 24
	LAZY  shift 161
	LBRACE  shift 162
	LBRACKET  shift 163
	LBRACKETBAR  shift 164
	LBRACKETPERCENT  shift 30
	LIDENT  shift 165
	LPAREN  shift 166
	MINUS  shift 167
	PLUS  shift 168
	HASH  shift 169
	STRING  shift 47
	TRUE  shift 48
	UIDENT  shift 51
	UNDERSCORE  shift 170
	.  error

	pattern  goto 791
	mod_longident  goto 173
	extension  goto 174
	simple_pattern  goto 175
	constr_longident  goto 176
	name_tag  goto 177
	constant  goto 178
	val_ident  goto 179
	simple_pattern_not_ident  goto 180
	pattern_comma_list  goto 181
	pattern_gen  goto 182
	signed_constant  goto 183
	simple_delimited_pattern  goto 184


state 543
	payload : structure .  (796)

	.  reduce 796


state 544
	extension : LBRACKETPERCENT attr_id payload . RBRACKET  (794)

	RBRACKET  shift 792
	.  error


state 545
	attr_id : single_attr_id DOT . attr_id  (783)

	AND  shift 223
	AS  shift 224
	ASSERT  shift 225
	BEGIN  shift 226
	CLASS  shift 227
	CONSTRAINT  shift 228
	DO  shift 229
	DONE  shift 230
	DOWNTO  shift 231
	ELSE  shift 232
	END  shift 233
	EXCEPTION  shift 234
	EXTERNAL  shift 235
	FALSE  shift 236
	FOR  shift 237
	FUN  shift 238
	FUNCTION  shift 239
	FUNCTOR  shift 240
	IF  shift 241
	IN  shift 242
	INCLUDE  shift 243
	INHERIT  shift 244
	INITIALIZER  shift 245
	LAZY  shift 246
	LET  shift 247
	LIDENT  shift 248
	MATCH  shift 249
	METHOD  shift 250
	MODULE  shift 251
	MUTABLE  shift 252
	NEW  shift 253
	NONREC  shift 254
	OBJECT  shift 255
	OF  shift 256
	OPEN  shift 257
	OR  shift 258
	PRIVATE  shift 259
	REC  shift 260
	SIG  shift 261
	STRUCT  shift 262
	THEN  shift 263
	TO  shift 264
	TRUE  shift 265
	TRY  shift 266
	TYPE  shift 267
	UIDENT  shift 268
	VAL  shift 269
	VIRTUAL  shift 270
	WHEN  shift 271
	WHILE  shift 272
	WITH  shift 273
	.  error

	attr_id  goto 793
	single_attr_id  goto 275


state 546
	item_extension : LBRACKETPERCENTPERCENT attr_id payload . RBRACKET  (795)

	RBRACKET  shift 794
	.  error


state 547
	expr : LET EXCEPTION ext_attributes . let_exception_declaration IN seq_expr  (229)

	FALSE  shift 496
	LBRACKET  shift 497
	LPAREN  shift 498
	TRUE  shift 499
	UIDENT  shift 500
	.  error

	let_exception_declaration  goto 795
	constr_ident  goto 796


state 548
	expr : LET MODULE ext_attributes . UIDENT module_binding_body IN seq_expr  (228)

	UIDENT  shift 797
	.  error


state 549
	expr : LET OPEN override_flag . ext_attributes mod_longident IN seq_expr  (230)
	ext_attributes : .  (791)

	LBRACKETAT  shift 185
	PERCENT  shift 186
	UIDENT  reduce 791

	attribute  goto 187
	ext_attributes  goto 798


state 550
	rec_flag : REC .  (705)

	.  reduce 705


state 551
	let_binding : LET ext_attributes rec_flag . let_binding_body post_item_attributes  (367)

	BACKQUOTE  shift 10
	CHAR  shift 13
	FALSE  shift 17
	FLOAT  shift 18
	INT  shift 24
	LAZY  shift 161
	LBRACE  shift 162
	LBRACKET  shift 163
	LBRACKETBAR  shift 164
	LBRACKETPERCENT  shift 30
	LIDENT  shift 165
	LPAREN  shift 166
	MINUS  shift 167
	PLUS  shift 168
	HASH  shift 169
	STRING  shift 47
	TRUE  shift 48
	UIDENT  shift 51
	UNDERSCORE  shift 170
	.  error

	mod_longident  goto 173
	extension  goto 174
	simple_pattern  goto 175
	constr_longident  goto 176
	name_tag  goto 177
	constant  goto 178
	let_binding_body  goto 799
	val_ident  goto 800
	pattern_no_exn  goto 801
	simple_pattern_not_ident  goto 802
	pattern_gen  goto 803
	pattern_no_exn_comma_list  goto 804
	signed_constant  goto 183
	simple_delimited_pattern  goto 184


state 552
	constr_longident : LPAREN COLONCOLON RPAREN .  (678)

	.  reduce 678


state 553
	operator : DOTOP LBRACE . RBRACE  (647)
	operator : DOTOP LBRACE . RBRACE LESSMINUS  (648)

	RBRACE  shift 805
	.  error


state 554
	operator : DOTOP LBRACKET . RBRACKET  (645)
	operator : DOTOP LBRACKET . RBRACKET LESSMINUS  (646)

	RBRACKET  shift 806
	.  error


state 555
	operator : DOTOP LPAREN . RPAREN  (643)
	operator : DOTOP LPAREN . RPAREN LESSMINUS  (644)

	RPAREN  shift 807
	.  error


state 556
	val_ident : LPAREN MODULE error .  (636)

	.  reduce 636


state 557
	simple_expr : LPAREN MODULE ext_attributes . module_expr RPAREN  (342)
	simple_expr : LPAREN MODULE ext_attributes . module_expr COLON package_type RPAREN  (343)
	simple_expr : LPAREN MODULE ext_attributes . module_expr COLON error  (344)

	FUNCTOR  shift 516
	LBRACKETPERCENT  shift 30
	LPAREN  shift 517
	STRUCT  shift 518
	UIDENT  shift 51
	.  error

	module_expr  goto 808
	mod_longident  goto 520
	paren_module_expr  goto 521
	extension  goto 522


state 558
	simple_expr : LPAREN seq_expr error .  (289)

	.  reduce 289


state 559
	simple_expr : LPAREN seq_expr RPAREN .  (288)

	.  reduce 288


state 560
	simple_expr : LPAREN seq_expr type_constraint . RPAREN  (293)

	RPAREN  shift 809
	.  error


state 561
	val_ident : LPAREN operator error .  (634)

	.  reduce 634


state 562
	val_ident : LPAREN operator RPAREN .  (633)

	.  reduce 633


state 563
	floating_attribute : LBRACKETATATAT attr_id payload . RBRACKET  (786)

	RBRACKET  shift 810
	.  error


state 564
	expr : MATCH ext_attributes seq_expr . WITH opt_bar match_cases  (234)

	WITH  shift 811
	.  error


state 565
	module_type_declaration : MODULE TYPE ext_attributes . ident module_type_declaration_body post_item_attributes  (117)

	LIDENT  shift 189
	UIDENT  shift 190
	.  error

	ident  goto 812


state 566
	rec_module_binding : MODULE ext_attributes REC . UIDENT module_binding_body post_item_attributes  (73)

	UIDENT  shift 813
	.  error


state 567
	module_binding : MODULE ext_attributes UIDENT . module_binding_body post_item_attributes  (70)

	COLON  shift 814
	EQUAL  shift 815
	LPAREN  shift 816
	.  error

	functor_arg  goto 817
	module_binding_body  goto 818


state 568
	simple_expr : NEW ext_attributes class_longident .  (333)

	.  reduce 333


state 569
	class_self_pattern : LPAREN . pattern RPAREN  (145)
	class_self_pattern : LPAREN . pattern COLON core_type RPAREN  (146)

	BACKQUOTE  shift 10
	CHAR  shift 13
	EXCEPTION  shift 160
	FALSE  shift 17
	FLOAT  shift 18
	INT  shift 24
	LAZY  shift 161
	LBRACE  shift 162
	LBRACKET  shift 163
	LBRACKETBAR  shift 164
	LBRACKETPERCENT  shift 30
	LIDENT  shift 165
	LPAREN  shift 166
	MINUS  shift 167
	PLUS  shift 168
	HASH  shift 169
	STRING  shift 47
	TRUE  shift 48
	UIDENT  shift 51
	UNDERSCORE  shift 170
	.  error

	pattern  goto 819
	mod_longident  goto 173
	extension  goto 174
	simple_pattern  goto 175
	constr_longident  goto 176
	name_tag  goto 177
	constant  goto 178
	val_ident  goto 179
	simple_pattern_not_ident  goto 180
	pattern_comma_list  goto 181
	pattern_gen  goto 182
	signed_constant  goto 183
	simple_delimited_pattern  goto 184


state 570
	expr : OBJECT ext_attributes class_structure . END  (280)
	expr : OBJECT ext_attributes class_structure . error  (281)

	error  shift 820
	END  shift 821
	.  error


state 571
	class_structure : class_self_pattern . class_fields  (144)
	class_fields : .  (148)

	.  reduce 148

	class_fields  goto 822


state 572
	open_statement : OPEN override_flag ext_attributes . mod_longident post_item_attributes  (104)

	UIDENT  shift 51
	.  error

	mod_longident  goto 823


state 573
	expr : TRY ext_attributes seq_expr . WITH opt_bar match_cases  (235)
	expr : TRY ext_attributes seq_expr . WITH error  (236)

	WITH  shift 824
	.  error


state 574
	nonrec_flag : NONREC .  (707)

	.  reduce 707


state 575
	type_declaration : TYPE ext_attributes nonrec_flag . optional_type_parameters LIDENT type_kind constraints post_item_attributes  (481)
	str_type_extension : TYPE ext_attributes nonrec_flag . optional_type_parameters type_longident PLUSEQ private_flag str_extension_constructors post_item_attributes  (532)
	optional_type_parameters : .  (496)
	type_variance : .  (505)

	LPAREN  shift 825
	MINUS  shift 826
	PLUS  shift 827
	LIDENT  reduce 496
	QUOTE  reduce 505
	UIDENT  reduce 496
	UNDERSCORE  reduce 505

	optional_type_parameters  goto 828
	optional_type_parameter  goto 829
	type_variance  goto 830


state 576
	value_description : VAL ext_attributes val_ident . COLON core_type post_item_attributes  (475)

	COLON  shift 831
	.  error


state 577
	expr : WHILE ext_attributes seq_expr . DO seq_expr DONE  (242)

	DO  shift 832
	.  error


state 578
	post_item_attribute : LBRACKETATAT attr_id . payload RBRACKET  (785)
	structure_tail : .  (48)

	ASSERT  shift 9
	BACKQUOTE  shift 10
	BANG  shift 11
	BEGIN  shift 12
	CHAR  shift 13
	CLASS  shift 14
	COLON  shift 541
	EXCEPTION  shift 15
	EXTERNAL  shift 16
	FALSE  shift 17
	FLOAT  shift 18
	FOR  shift 19
	FUN  shift 20
	FUNCTION  shift 21
	IF  shift 22
	INCLUDE  shift 23
	INT  shift 24
	LAZY  shift 25
	LBRACE  shift 26
	LBRACELESS  shift 27
	LBRACKET  shift 28
	LBRACKETBAR  shift 29
	LBRACKETPERCENT  shift 30
	LBRACKETPERCENTPERCENT  shift 31
	LET  shift 32
	LIDENT  shift 33
	LPAREN  shift 34
	LBRACKETATATAT  shift 35
	MATCH  shift 36
	MINUS  shift 37
	MINUSDOT  shift 38
	MODULE  shift 39
	NEW  shift 40
	OBJECT  shift 41
	OPEN  shift 42
	PLUS  shift 43
	PLUSDOT  shift 44
	PREFIXOP  shift 45
	QUESTION  shift 542
	SEMISEMI  shift 46
	STRING  shift 47
	TRUE  shift 48
	TRY  shift 49
	TYPE  shift 50
	UIDENT  shift 51
	UNDERSCORE  shift 52
	VAL  shift 53
	WHILE  shift 54
	RBRACKET  reduce 48

	structure  goto 543
	seq_expr  goto 57
	structure_item  goto 58
	mod_longident  goto 59
	extension  goto 60
	expr  goto 61
	structure_tail  goto 62
	let_bindings  goto 63
	primitive_declaration  goto 64
	value_description  goto 65
	type_declarations  goto 66
	str_type_extension  goto 67
	str_exception_declaration  goto 68
	module_binding  goto 69
	rec_module_bindings  goto 70
	module_type_declaration  goto 71
	open_statement  goto 72
	class_declarations  goto 73
	class_type_declarations  goto 74
	str_include_statement  goto 75
	item_extension  goto 76
	floating_attribute  goto 77
	rec_module_binding  goto 78
	sig_exception_declaration  goto 79
	class_declaration  goto 80
	label  goto 81
	class_type_declaration  goto 82
	simple_expr  goto 83
	expr_comma_list  goto 84
	constr_longident  goto 85
	name_tag  goto 86
	subtractive  goto 87
	additive  goto 88
	val_longident  goto 89
	constant  goto 90
	val_ident  goto 91
	let_binding  goto 92
	type_declaration  goto 93
	payload  goto 833


state 579
	structure : seq_expr post_item_attributes structure_tail .  (46)

	.  reduce 46


state 580
	post_item_attributes : post_item_attribute post_item_attributes .  (788)

	.  reduce 788


state 581
	simple_expr : mod_longident DOT LBRACE . record_expr RBRACE  (318)
	simple_expr : mod_longident DOT LBRACE . record_expr error  (319)

	BACKQUOTE  shift 10
	BANG  shift 11
	BEGIN  shift 12
	CHAR  shift 13
	FALSE  shift 17
	FLOAT  shift 18
	INT  shift 24
	LBRACE  shift 26
	LBRACELESS  shift 27
	LBRACKET  shift 28
	LBRACKETBAR  shift 29
	LBRACKETPERCENT  shift 30
	LIDENT  shift 206
	LPAREN  shift 34
	NEW  shift 40
	PREFIXOP  shift 45
	STRING  shift 47
	TRUE  shift 48
	UIDENT  shift 51
	.  error

	mod_longident  goto 207
	extension  goto 60
	simple_expr  goto 208
	constr_longident  goto 193
	name_tag  goto 194
	label_longident  goto 209
	val_longident  goto 89
	constant  goto 90
	record_expr  goto 834
	val_ident  goto 91
	lbl_expr_list  goto 211
	lbl_expr  goto 212


state 582
	simple_expr : mod_longident DOT LBRACELESS . field_expr_list GREATERRBRACE  (337)
	simple_expr : mod_longident DOT LBRACELESS . GREATERRBRACE  (338)
	simple_expr : mod_longident DOT LBRACELESS . field_expr_list error  (339)

	GREATERRBRACE  shift 835
	LIDENT  shift 214
	.  error

	label  goto 215
	field_expr_list  goto 836
	field_expr  goto 217


state 583
	simple_expr : mod_longident DOT LBRACKET . expr_semi_list opt_semi RBRACKET  (328)
	simple_expr : mod_longident DOT LBRACKET . RBRACKET  (329)
	simple_expr : mod_longident DOT LBRACKET . expr_semi_list opt_semi error  (330)

	ASSERT  shift 9
	BACKQUOTE  shift 10
	BANG  shift 11
	BEGIN  shift 12
	CHAR  shift 13
	FALSE  shift 17
	FLOAT  shift 18
	FOR  shift 19
	FUN  shift 20
	FUNCTION  shift 21
	IF  shift 22
	INT  shift 24
	LAZY  shift 25
	LBRACE  shift 26
	LBRACELESS  shift 27
	LBRACKET  shift 28
	LBRACKETBAR  shift 29
	LBRACKETPERCENT  shift 30
	LET  shift 32
	LIDENT  shift 33
	LPAREN  shift 34
	MATCH  shift 36
	MINUS  shift 37
	MINUSDOT  shift 38
	NEW  shift 40
	OBJECT  shift 41
	PLUS  shift 43
	PLUSDOT  shift 44
	PREFIXOP  shift 45
	RBRACKET  shift 837
	STRING  shift 47
	TRUE  shift 48
	TRY  shift 49
	UIDENT  shift 51
	UNDERSCORE  shift 52
	WHILE  shift 54
	.  error

	mod_longident  goto 59
	extension  goto 60
	expr  goto 219
	let_bindings  goto 159
	label  goto 81
	simple_expr  goto 83
	expr_comma_list  goto 84
	constr_longident  goto 85
	name_tag  goto 86
	subtractive  goto 87
	additive  goto 88
	val_longident  goto 89
	constant  goto 90
	expr_semi_list  goto 838
	val_ident  goto 91
	let_binding  goto 92


state 584
	simple_expr : mod_longident DOT LBRACKETBAR . expr_semi_list opt_semi BARRBRACKET  (323)
	simple_expr : mod_longident DOT LBRACKETBAR . BARRBRACKET  (324)
	simple_expr : mod_longident DOT LBRACKETBAR . expr_semi_list opt_semi error  (325)

	ASSERT  shift 9
	BACKQUOTE  shift 10
	BANG  shift 11
	BARRBRACKET  shift 839
	BEGIN  shift 12
	CHAR  shift 13
	FALSE  shift 17
	FLOAT  shift 18
	FOR  shift 19
	FUN  shift 20
	FUNCTION  shift 21
	IF  shift 22
	INT  shift 24
	LAZY  shift 25
	LBRACE  shift 26
	LBRACELESS  shift 27
	LBRACKET  shift 28
	LBRACKETBAR  shift 29
	LBRACKETPERCENT  shift 30
	LET  shift 32
	LIDENT  shift 33
	LPAREN  shift 34
	MATCH  shift 36
	MINUS  shift 37
	MINUSDOT  shift 38
	NEW  shift 40
	OBJECT  shift 41
	PLUS  shift 43
	PLUSDOT  shift 44
	PREFIXOP  shift 45
	STRING  shift 47
	TRUE  shift 48
	TRY  shift 49
	UIDENT  shift 51
	UNDERSCORE  shift 52
	WHILE  shift 54
	.  error

	mod_longident  goto 59
	extension  goto 60
	expr  goto 219
	let_bindings  goto 159
	label  goto 81
	simple_expr  goto 83
	expr_comma_list  goto 84
	constr_longident  goto 85
	name_tag  goto 86
	subtractive  goto 87
	additive  goto 88
	val_longident  goto 89
	constant  goto 90
	expr_semi_list  goto 840
	val_ident  goto 91
	let_binding  goto 92


state 585
	simple_expr : mod_longident DOT LPAREN . seq_expr RPAREN  (295)
	simple_expr : mod_longident DOT LPAREN . RPAREN  (296)
	simple_expr : mod_longident DOT LPAREN . seq_expr error  (297)
	simple_expr : mod_longident DOT LPAREN . MODULE ext_attributes module_expr COLON package_type RPAREN  (345)
	simple_expr : mod_longident DOT LPAREN . MODULE ext_attributes module_expr COLON error  (346)
	val_ident : LPAREN . operator RPAREN  (633)
	val_ident : LPAREN . operator error  (634)
	val_ident : LPAREN . error  (635)
	val_ident : LPAREN . MODULE error  (636)
	constr_longident : mod_longident DOT LPAREN . COLONCOLON RPAREN  (675)

	error  shift 281
	AMPERAMPER  shift 282
	AMPERSAND  shift 283
	ASSERT  shift 9
	BACKQUOTE  shift 10
	BANG  shift 284
	BARBAR  shift 285
	BEGIN  shift 12
	CHAR  shift 13
	COLONCOLON  shift 841
	COLONEQUAL  shift 287
	EQUAL  shift 288
	FALSE  shift 17
	FLOAT  shift 18
	FOR  shift 19
	FUN  shift 20
	FUNCTION  shift 21
	GREATER  shift 289
	IF  shift 22
	INFIXOP0  shift 290
	INFIXOP1  shift 291
	INFIXOP2  shift 292
	INFIXOP3  shift 293
	INFIXOP4  shift 294
	DOTOP  shift 295
	INT  shift 24
	LAZY  shift 25
	LBRACE  shift 26
	LBRACELESS  shift 27
	LBRACKET  shift 28
	LBRACKETBAR  shift 29
	LBRACKETPERCENT  shift 30
	LESS  shift 296
	LET  shift 32
	LIDENT  shift 33
	LPAREN  shift 34
	MATCH  shift 36
	MINUS  shift 297
	MINUSDOT  shift 298
	MODULE  shift 842
	NEW  shift 40
	OBJECT  shift 41
	OR  shift 300
	PERCENT  shift 301
	PLUS  shift 302
	PLUSDOT  shift 303
	PLUSEQ  shift 304
	PREFIXOP  shift 305
	RPAREN  shift 843
	HASHOP  shift 307
	STAR  shift 308
	STRING  shift 47
	TRUE  shift 48
	TRY  shift 49
	UIDENT  shift 51
	UNDERSCORE  shift 52
	WHILE  shift 54
	.  error

	seq_expr  goto 844
	mod_longident  goto 59
	extension  goto 60
	expr  goto 61
	let_bindings  goto 159
	label  goto 81
	simple_expr  goto 83
	expr_comma_list  goto 84
	constr_longident  goto 85
	name_tag  goto 86
	subtractive  goto 87
	additive  goto 88
	val_longident  goto 89
	constant  goto 90
	val_ident  goto 91
	let_binding  goto 92
	operator  goto 310


state 586
	mod_longident : mod_longident DOT UIDENT .  (686)

	.  reduce 686


state 587
	val_longident : mod_longident DOT val_ident .  (673)

	.  reduce 673


state 588
	expr : expr . COLONCOLON expr  (244)
	expr : expr . INFIXOP0 expr  (245)
	expr : expr . INFIXOP1 expr  (246)
	expr : expr . INFIXOP2 expr  (247)
	expr : expr . INFIXOP3 expr  (248)
	expr : expr . INFIXOP4 expr  (249)
	expr : expr . PLUS expr  (250)
	expr : expr . PLUSDOT expr  (251)
	expr : expr . PLUSEQ expr  (252)
	expr : expr . MINUS expr  (253)
	expr : expr . MINUSDOT expr  (254)
	expr : expr . STAR expr  (255)
	expr : expr . PERCENT expr  (256)
	expr : expr . EQUAL expr  (257)
	expr : expr . LESS expr  (258)
	expr : expr . GREATER expr  (259)
	expr : expr . OR expr  (260)
	expr : expr . BARBAR expr  (261)
	expr : expr . AMPERSAND expr  (262)
	expr : expr . AMPERAMPER expr  (263)
	expr : expr AMPERAMPER expr .  (263)
	expr : expr . COLONEQUAL expr  (264)
	expr : expr . attribute  (282)
	expr_comma_list : expr . COMMA expr  (384)

	AMPERAMPER  shift 333
	AMPERSAND  shift 334
	COLONCOLON  shift 336
	EQUAL  shift 339
	GREATER  shift 340
	INFIXOP0  shift 341
	INFIXOP1  shift 342
	INFIXOP2  shift 343
	INFIXOP3  shift 344
	INFIXOP4  shift 345
	LESS  shift 346
	LBRACKETAT  shift 185
	MINUS  shift 347
	MINUSDOT  shift 348
	PERCENT  shift 350
	PLUS  shift 351
	PLUSDOT  shift 352
	PLUSEQ  shift 353
	STAR  shift 355
	error  reduce 263
	AND  reduce 263
	BAR  reduce 263
	BARBAR  reduce 263
	BARRBRACKET  reduce 263
	CLASS  reduce 263
	COLON  reduce 263
	COLONEQUAL  reduce 263
	COLONGREATER  reduce 263
	COMMA  reduce 263
	CONSTRAINT  reduce 263
	DO  reduce 263
	DONE  reduce 263
	DOWNTO  reduce 263
	ELSE  reduce 263
	END  reduce 263
	EOF  reduce 263
	EXCEPTION  reduce 263
	EXTERNAL  reduce 263
	GREATERRBRACE  reduce 263
	IN  reduce 263
	INCLUDE  reduce 263
	INHERIT  reduce 263
	INITIALIZER  reduce 263
	LBRACKETPERCENTPERCENT  reduce 263
	LET  reduce 263
	LBRACKETATAT  reduce 263
	LBRACKETATATAT  reduce 263
	METHOD  reduce 263
	MINUSGREATER  reduce 263
	MODULE  reduce 263
	OPEN  reduce 263
	OR  reduce 263
	RBRACE  reduce 263
	RBRACKET  reduce 263
	RPAREN  reduce 263
	SEMI  reduce 263
	SEMISEMI  reduce 263
	HASH  reduce 263
	THEN  reduce 263
	TO  reduce 263
	TYPE  reduce 263
	VAL  reduce 263
	WITH  reduce 263

	attribute  goto 356


state 589
	expr : expr . COLONCOLON expr  (244)
	expr : expr . INFIXOP0 expr  (245)
	expr : expr . INFIXOP1 expr  (246)
	expr : expr . INFIXOP2 expr  (247)
	expr : expr . INFIXOP3 expr  (248)
	expr : expr . INFIXOP4 expr  (249)
	expr : expr . PLUS expr  (250)
	expr : expr . PLUSDOT expr  (251)
	expr : expr . PLUSEQ expr  (252)
	expr : expr . MINUS expr  (253)
	expr : expr . MINUSDOT expr  (254)
	expr : expr . STAR expr  (255)
	expr : expr . PERCENT expr  (256)
	expr : expr . EQUAL expr  (257)
	expr : expr . LESS expr  (258)
	expr : expr . GREATER expr  (259)
	expr : expr . OR expr  (260)
	expr : expr . BARBAR expr  (261)
	expr : expr . AMPERSAND expr  (262)
	expr : expr AMPERSAND expr .  (262)
	expr : expr . AMPERAMPER expr  (263)
	expr : expr . COLONEQUAL expr  (264)
	expr : expr . attribute  (282)
	expr_comma_list : expr . COMMA expr  (384)

	AMPERAMPER  shift 333
	AMPERSAND  shift 334
	COLONCOLON  shift 336
	EQUAL  shift 339
	GREATER  shift 340
	INFIXOP0  shift 341
	INFIXOP1  shift 342
	INFIXOP2  shift 343
	INFIXOP3  shift 344
	INFIXOP4  shift 345
	LESS  shift 346
	LBRACKETAT  shift 185
	MINUS  shift 347
	MINUSDOT  shift 348
	PERCENT  shift 350
	PLUS  shift 351
	PLUSDOT  shift 352
	PLUSEQ  shift 353
	STAR  shift 355
	error  reduce 262
	AND  reduce 262
	BAR  reduce 262
	BARBAR  reduce 262
	BARRBRACKET  reduce 262
	CLASS  reduce 262
	COLON  reduce 262
	COLONEQUAL  reduce 262
	COLONGREATER  reduce 262
	COMMA  reduce 262
	CONSTRAINT  reduce 262
	DO  reduce 262
	DONE  reduce 262
	DOWNTO  reduce 262
	ELSE  reduce 262
	END  reduce 262
	EOF  reduce 262
	EXCEPTION  reduce 262
	EXTERNAL  reduce 262
	GREATERRBRACE  reduce 262
	IN  reduce 262
	INCLUDE  reduce 262
	INHERIT  reduce 262
	INITIALIZER  reduce 262
	LBRACKETPERCENTPERCENT  reduce 262
	LET  reduce 262
	LBRACKETATAT  reduce 262
	LBRACKETATATAT  reduce 262
	METHOD  reduce 262
	MINUSGREATER  reduce 262
	MODULE  reduce 262
	OPEN  reduce 262
	OR  reduce 262
	RBRACE  reduce 262
	RBRACKET  reduce 262
	RPAREN  reduce 262
	SEMI  reduce 262
	SEMISEMI  reduce 262
	HASH  reduce 262
	THEN  reduce 262
	TO  reduce 262
	TYPE  reduce 262
	VAL  reduce 262
	WITH  reduce 262

	attribute  goto 356


state 590
	expr : expr . COLONCOLON expr  (244)
	expr : expr . INFIXOP0 expr  (245)
	expr : expr . INFIXOP1 expr  (246)
	expr : expr . INFIXOP2 expr  (247)
	expr : expr . INFIXOP3 expr  (248)
	expr : expr . INFIXOP4 expr  (249)
	expr : expr . PLUS expr  (250)
	expr : expr . PLUSDOT expr  (251)
	expr : expr . PLUSEQ expr  (252)
	expr : expr . MINUS expr  (253)
	expr : expr . MINUSDOT expr  (254)
	expr : expr . STAR expr  (255)
	expr : expr . PERCENT expr  (256)
	expr : expr . EQUAL expr  (257)
	expr : expr . LESS expr  (258)
	expr : expr . GREATER expr  (259)
	expr : expr . OR expr  (260)
	expr : expr . BARBAR expr  (261)
	expr : expr BARBAR expr .  (261)
	expr : expr . AMPERSAND expr  (262)
	expr : expr . AMPERAMPER expr  (263)
	expr : expr . COLONEQUAL expr  (264)
	expr : expr . attribute  (282)
	expr_comma_list : expr . COMMA expr  (384)

	AMPERAMPER  shift 333
	AMPERSAND  shift 334
	BARBAR  shift 335
	COLONCOLON  shift 336
	EQUAL  shift 339
	GREATER  shift 340
	INFIXOP0  shift 341
	INFIXOP1  shift 342
	INFIXOP2  shift 343
	INFIXOP3  shift 344
	INFIXOP4  shift 345
	LESS  shift 346
	LBRACKETAT  shift 185
	MINUS  shift 347
	MINUSDOT  shift 348
	OR  shift 349
	PERCENT  shift 350
	PLUS  shift 351
	PLUSDOT  shift 352
	PLUSEQ  shift 353
	STAR  shift 355
	error  reduce 261
	AND  reduce 261
	BAR  reduce 261
	BARRBRACKET  reduce 261
	CLASS  reduce 261
	COLON  reduce 261
	COLONEQUAL  reduce 261
	COLONGREATER  reduce 261
	COMMA  reduce 261
	CONSTRAINT  reduce 261
	DO  reduce 261
	DONE  reduce 261
	DOWNTO  reduce 261
	ELSE  reduce 261
	END  reduce 261
	EOF  reduce 261
	EXCEPTION  reduce 261
	EXTERNAL  reduce 261
	GREATERRBRACE  reduce 261
	IN  reduce 261
	INCLUDE  reduce 261
	INHERIT  reduce 261
	INITIALIZER  reduce 261
	LBRACKETPERCENTPERCENT  reduce 261
	LET  reduce 261
	LBRACKETATAT  reduce 261
	LBRACKETATATAT  reduce 261
	METHOD  reduce 261
	MINUSGREATER  reduce 261
	MODULE  reduce 261
	OPEN  reduce 261
	RBRACE  reduce 261
	RBRACKET  reduce 261
	RPAREN  reduce 261
	SEMI  reduce 261
	SEMISEMI  reduce 261
	HASH  reduce 261
	THEN  reduce 261
	TO  reduce 261
	TYPE  reduce 261
	VAL  reduce 261
	WITH  reduce 261

	attribute  goto 356


state 591
	expr : expr . COLONCOLON expr  (244)
	expr : expr COLONCOLON expr .  (244)
	expr : expr . INFIXOP0 expr  (245)
	expr : expr . INFIXOP1 expr  (246)
	expr : expr . INFIXOP2 expr  (247)
	expr : expr . INFIXOP3 expr  (248)
	expr : expr . INFIXOP4 expr  (249)
	expr : expr . PLUS expr  (250)
	expr : expr . PLUSDOT expr  (251)
	expr : expr . PLUSEQ expr  (252)
	expr : expr . MINUS expr  (253)
	expr : expr . MINUSDOT expr  (254)
	expr : expr . STAR expr  (255)
	expr : expr . PERCENT expr  (256)
	expr : expr . EQUAL expr  (257)
	expr : expr . LESS expr  (258)
	expr : expr . GREATER expr  (259)
	expr : expr . OR expr  (260)
	expr : expr . BARBAR expr  (261)
	expr : expr . AMPERSAND expr  (262)
	expr : expr . AMPERAMPER expr  (263)
	expr : expr . COLONEQUAL expr  (264)
	expr : expr . attribute  (282)
	expr_comma_list : expr . COMMA expr  (384)

	COLONCOLON  shift 336
	INFIXOP2  shift 343
	INFIXOP3  shift 344
	INFIXOP4  shift 345
	MINUS  shift 347
	MINUSDOT  shift 348
	PERCENT  shift 350
	PLUS  shift 351
	PLUSDOT  shift 352
	PLUSEQ  shift 353
	STAR  shift 355
	error  reduce 244
	AMPERAMPER  reduce 244
	AMPERSAND  reduce 244
	AND  reduce 244
	BAR  reduce 244
	BARBAR  reduce 244
	BARRBRACKET  reduce 244
	CLASS  reduce 244
	COLON  reduce 244
	COLONEQUAL  reduce 244
	COLONGREATER  reduce 244
	COMMA  reduce 244
	CONSTRAINT  reduce 244
	DO  reduce 244
	DONE  reduce 244
	DOWNTO  reduce 244
	ELSE  reduce 244
	END  reduce 244
	EOF  reduce 244
	EQUAL  reduce 244
	EXCEPTION  reduce 244
	EXTERNAL  reduce 244
	GREATER  reduce 244
	GREATERRBRACE  reduce 244
	IN  reduce 244
	INCLUDE  reduce 244
	INFIXOP0  reduce 244
	INFIXOP1  reduce 244
	INHERIT  reduce 244
	INITIALIZER  reduce 244
	LBRACKETPERCENTPERCENT  reduce 244
	LESS  reduce 244
	LET  reduce 244
	LBRACKETAT  reduce 244
	LBRACKETATAT  reduce 244
	LBRACKETATATAT  reduce 244
	METHOD  reduce 244
	MINUSGREATER  reduce 244
	MODULE  reduce 244
	OPEN  reduce 244
	OR  reduce 244
	RBRACE  reduce 244
	RBRACKET  reduce 244
	RPAREN  reduce 244
	SEMI  reduce 244
	SEMISEMI  reduce 244
	HASH  reduce 244
	THEN  reduce 244
	TO  reduce 244
	TYPE  reduce 244
	VAL  reduce 244
	WITH  reduce 244

	attribute  goto 356


state 592
	expr : expr . COLONCOLON expr  (244)
	expr : expr . INFIXOP0 expr  (245)
	expr : expr . INFIXOP1 expr  (246)
	expr : expr . INFIXOP2 expr  (247)
	expr : expr . INFIXOP3 expr  (248)
	expr : expr . INFIXOP4 expr  (249)
	expr : expr . PLUS expr  (250)
	expr : expr . PLUSDOT expr  (251)
	expr : expr . PLUSEQ expr  (252)
	expr : expr . MINUS expr  (253)
	expr : expr . MINUSDOT expr  (254)
	expr : expr . STAR expr  (255)
	expr : expr . PERCENT expr  (256)
	expr : expr . EQUAL expr  (257)
	expr : expr . LESS expr  (258)
	expr : expr . GREATER expr  (259)
	expr : expr . OR expr  (260)
	expr : expr . BARBAR expr  (261)
	expr : expr . AMPERSAND expr  (262)
	expr : expr . AMPERAMPER expr  (263)
	expr : expr . COLONEQUAL expr  (264)
	expr : expr COLONEQUAL expr .  (264)
	expr : expr . attribute  (282)
	expr_comma_list : expr . COMMA expr  (384)

	AMPERAMPER  shift 333
	AMPERSAND  shift 334
	BARBAR  shift 335
	COLONCOLON  shift 336
	COLONEQUAL  shift 337
	COMMA  shift 338
	EQUAL  shift 339
	GREATER  shift 340
	INFIXOP0  shift 341
	INFIXOP1  shift 342
	INFIXOP2  shift 343
	INFIXOP3  shift 344
	INFIXOP4  shift 345
	LESS  shift 346
	LBRACKETAT  shift 185
	MINUS  shift 347
	MINUSDOT  shift 348
	OR  shift 349
	PERCENT  shift 350
	PLUS  shift 351
	PLUSDOT  shift 352
	PLUSEQ  shift 353
	STAR  shift 355
	error  reduce 264
	AND  reduce 264
	BAR  reduce 264
	BARRBRACKET  reduce 264
	CLASS  reduce 264
	COLON  reduce 264
	COLONGREATER  reduce 264
	CONSTRAINT  reduce 264
	DO  reduce 264
	DONE  reduce 264
	DOWNTO  reduce 264
	ELSE  reduce 264
	END  reduce 264
	EOF  reduce 264
	EXCEPTION  reduce 264
	EXTERNAL  reduce 264
	GREATERRBRACE  reduce 264
	IN  reduce 264
	INCLUDE  reduce 264
	INHERIT  reduce 264
	INITIALIZER  reduce 264
	LBRACKETPERCENTPERCENT  reduce 264
	LET  reduce 264
	LBRACKETATAT  reduce 264
	LBRACKETATATAT  reduce 264
	METHOD  reduce 264
	MINUSGREATER  reduce 264
	MODULE  reduce 264
	OPEN  reduce 264
	RBRACE  reduce 264
	RBRACKET  reduce 264
	RPAREN  reduce 264
	SEMI  reduce 264
	SEMISEMI  reduce 264
	HASH  reduce 264
	THEN  reduce 264
	TO  reduce 264
	TYPE  reduce 264
	VAL  reduce 264
	WITH  reduce 264

	attribute  goto 356


state 593
	expr : expr . COLONCOLON expr  (244)
	expr : expr . INFIXOP0 expr  (245)
	expr : expr . INFIXOP1 expr  (246)
	expr : expr . INFIXOP2 expr  (247)
	expr : expr . INFIXOP3 expr  (248)
	expr : expr . INFIXOP4 expr  (249)
	expr : expr . PLUS expr  (250)
	expr : expr . PLUSDOT expr  (251)
	expr : expr . PLUSEQ expr  (252)
	expr : expr . MINUS expr  (253)
	expr : expr . MINUSDOT expr  (254)
	expr : expr . STAR expr  (255)
	expr : expr . PERCENT expr  (256)
	expr : expr . EQUAL expr  (257)
	expr : expr . LESS expr  (258)
	expr : expr . GREATER expr  (259)
	expr : expr . OR expr  (260)
	expr : expr . BARBAR expr  (261)
	expr : expr . AMPERSAND expr  (262)
	expr : expr . AMPERAMPER expr  (263)
	expr : expr . COLONEQUAL expr  (264)
	expr : expr . attribute  (282)
	expr_comma_list : expr . COMMA expr  (384)
	expr_comma_list : expr COMMA expr .  (384)

	AMPERAMPER  shift 333
	AMPERSAND  shift 334
	BARBAR  shift 335
	COLONCOLON  shift 336
	EQUAL  shift 339
	GREATER  shift 340
	INFIXOP0  shift 341
	INFIXOP1  shift 342
	INFIXOP2  shift 343
	INFIXOP3  shift 344
	INFIXOP4  shift 345
	LESS  shift 346
	LBRACKETAT  shift 185
	MINUS  shift 347
	MINUSDOT  shift 348
	OR  shift 349
	PERCENT  shift 350
	PLUS  shift 351
	PLUSDOT  shift 352
	PLUSEQ  shift 353
	STAR  shift 355
	error  reduce 384
	AND  reduce 384
	BAR  reduce 384
	BARRBRACKET  reduce 384
	CLASS  reduce 384
	COLON  reduce 384
	COLONEQUAL  reduce 384
	COLONGREATER  reduce 384
	COMMA  reduce 384
	CONSTRAINT  reduce 384
	DO  reduce 384
	DONE  reduce 384
	DOWNTO  reduce 384
	ELSE  reduce 384
	END  reduce 384
	EOF  reduce 384
	EXCEPTION  reduce 384
	EXTERNAL  reduce 384
	GREATERRBRACE  reduce 384
	IN  reduce 384
	INCLUDE  reduce 384
	INHERIT  reduce 384
	INITIALIZER  reduce 384
	LBRACKETPERCENTPERCENT  reduce 384
	LET  reduce 384
	LBRACKETATAT  reduce 384
	LBRACKETATATAT  reduce 384
	METHOD  reduce 384
	MINUSGREATER  reduce 384
	MODULE  reduce 384
	OPEN  reduce 384
	RBRACE  reduce 384
	RBRACKET  reduce 384
	RPAREN  reduce 384
	SEMI  reduce 384
	SEMISEMI  reduce 384
	HASH  reduce 384
	THEN  reduce 384
	TO  reduce 384
	TYPE  reduce 384
	VAL  reduce 384
	WITH  reduce 384

	attribute  goto 356


state 594
	expr : expr . COLONCOLON expr  (244)
	expr : expr . INFIXOP0 expr  (245)
	expr : expr . INFIXOP1 expr  (246)
	expr : expr . INFIXOP2 expr  (247)
	expr : expr . INFIXOP3 expr  (248)
	expr : expr . INFIXOP4 expr  (249)
	expr : expr . PLUS expr  (250)
	expr : expr . PLUSDOT expr  (251)
	expr : expr . PLUSEQ expr  (252)
	expr : expr . MINUS expr  (253)
	expr : expr . MINUSDOT expr  (254)
	expr : expr . STAR expr  (255)
	expr : expr . PERCENT expr  (256)
	expr : expr . EQUAL expr  (257)
	expr : expr EQUAL expr .  (257)
	expr : expr . LESS expr  (258)
	expr : expr . GREATER expr  (259)
	expr : expr . OR expr  (260)
	expr : expr . BARBAR expr  (261)
	expr : expr . AMPERSAND expr  (262)
	expr : expr . AMPERAMPER expr  (263)
	expr : expr . COLONEQUAL expr  (264)
	expr : expr . attribute  (282)
	expr_comma_list : expr . COMMA expr  (384)

	COLONCOLON  shift 336
	INFIXOP1  shift 342
	INFIXOP2  shift 343
	INFIXOP3  shift 344
	INFIXOP4  shift 345
	LBRACKETAT  shift 185
	MINUS  shift 347
	MINUSDOT  shift 348
	PERCENT  shift 350
	PLUS  shift 351
	PLUSDOT  shift 352
	PLUSEQ  shift 353
	STAR  shift 355
	error  reduce 257
	AMPERAMPER  reduce 257
	AMPERSAND  reduce 257
	AND  reduce 257
	BAR  reduce 257
	BARBAR  reduce 257
	BARRBRACKET  reduce 257
	CLASS  reduce 257
	COLON  reduce 257
	COLONEQUAL  reduce 257
	COLONGREATER  reduce 257
	COMMA  reduce 257
	CONSTRAINT  reduce 257
	DO  reduce 257
	DONE  reduce 257
	DOWNTO  reduce 257
	ELSE  reduce 257
	END  reduce 257
	EOF  reduce 257
	EQUAL  reduce 257
	EXCEPTION  reduce 257
	EXTERNAL  reduce 257
	GREATER  reduce 257
	GREATERRBRACE  reduce 257
	IN  reduce 257
	INCLUDE  reduce 257
	INFIXOP0  reduce 257
	INHERIT  reduce 257
	INITIALIZER  reduce 257
	LBRACKETPERCENTPERCENT  reduce 257
	LESS  reduce 257
	LET  reduce 257
	LBRACKETATAT  reduce 257
	LBRACKETATATAT  reduce 257
	METHOD  reduce 257
	MINUSGREATER  reduce 257
	MODULE  reduce 257
	OPEN  reduce 257
	OR  reduce 257
	RBRACE  reduce 257
	RBRACKET  reduce 257
	RPAREN  reduce 257
	SEMI  reduce 257
	SEMISEMI  reduce 257
	HASH  reduce 257
	THEN  reduce 257
	TO  reduce 257
	TYPE  reduce 257
	VAL  reduce 257
	WITH  reduce 257

	attribute  goto 356


state 595
	expr : expr . COLONCOLON expr  (244)
	expr : expr . INFIXOP0 expr  (245)
	expr : expr . INFIXOP1 expr  (246)
	expr : expr . INFIXOP2 expr  (247)
	expr : expr . INFIXOP3 expr  (248)
	expr : expr . INFIXOP4 expr  (249)
	expr : expr . PLUS expr  (250)
	expr : expr . PLUSDOT expr  (251)
	expr : expr . PLUSEQ expr  (252)
	expr : expr . MINUS expr  (253)
	expr : expr . MINUSDOT expr  (254)
	expr : expr . STAR expr  (255)
	expr : expr . PERCENT expr  (256)
	expr : expr . EQUAL expr  (257)
	expr : expr . LESS expr  (258)
	expr : expr . GREATER expr  (259)
	expr : expr GREATER expr .  (259)
	expr : expr . OR expr  (260)
	expr : expr . BARBAR expr  (261)
	expr : expr . AMPERSAND expr  (262)
	expr : expr . AMPERAMPER expr  (263)
	expr : expr . COLONEQUAL expr  (264)
	expr : expr . attribute  (282)
	expr_comma_list : expr . COMMA expr  (384)

	COLONCOLON  shift 336
	INFIXOP1  shift 342
	INFIXOP2  shift 343
	INFIXOP3  shift 344
	INFIXOP4  shift 345
	LBRACKETAT  shift 185
	MINUS  shift 347
	MINUSDOT  shift 348
	PERCENT  shift 350
	PLUS  shift 351
	PLUSDOT  shift 352
	PLUSEQ  shift 353
	STAR  shift 355
	error  reduce 259
	AMPERAMPER  reduce 259
	AMPERSAND  reduce 259
	AND  reduce 259
	BAR  reduce 259
	BARBAR  reduce 259
	BARRBRACKET  reduce 259
	CLASS  reduce 259
	COLON  reduce 259
	COLONEQUAL  reduce 259
	COLONGREATER  reduce 259
	COMMA  reduce 259
	CONSTRAINT  reduce 259
	DO  reduce 259
	DONE  reduce 259
	DOWNTO  reduce 259
	ELSE  reduce 259
	END  reduce 259
	EOF  reduce 259
	EQUAL  reduce 259
	EXCEPTION  reduce 259
	EXTERNAL  reduce 259
	GREATER  reduce 259
	GREATERRBRACE  reduce 259
	IN  reduce 259
	INCLUDE  reduce 259
	INFIXOP0  reduce 259
	INHERIT  reduce 259
	INITIALIZER  reduce 259
	LBRACKETPERCENTPERCENT  reduce 259
	LESS  reduce 259
	LET  reduce 259
	LBRACKETATAT  reduce 259
	LBRACKETATATAT  reduce 259
	METHOD  reduce 259
	MINUSGREATER  reduce 259
	MODULE  reduce 259
	OPEN  reduce 259
	OR  reduce 259
	RBRACE  reduce 259
	RBRACKET  reduce 259
	RPAREN  reduce 259
	SEMI  reduce 259
	SEMISEMI  reduce 259
	HASH  reduce 259
	THEN  reduce 259
	TO  reduce 259
	TYPE  reduce 259
	VAL  reduce 259
	WITH  reduce 259

	attribute  goto 356


state 596
	expr : expr . COLONCOLON expr  (244)
	expr : expr . INFIXOP0 expr  (245)
	expr : expr INFIXOP0 expr .  (245)
	expr : expr . INFIXOP1 expr  (246)
	expr : expr . INFIXOP2 expr  (247)
	expr : expr . INFIXOP3 expr  (248)
	expr : expr . INFIXOP4 expr  (249)
	expr : expr . PLUS expr  (250)
	expr : expr . PLUSDOT expr  (251)
	expr : expr . PLUSEQ expr  (252)
	expr : expr . MINUS expr  (253)
	expr : expr . MINUSDOT expr  (254)
	expr : expr . STAR expr  (255)
	expr : expr . PERCENT expr  (256)
	expr : expr . EQUAL expr  (257)
	expr : expr . LESS expr  (258)
	expr : expr . GREATER expr  (259)
	expr : expr . OR expr  (260)
	expr : expr . BARBAR expr  (261)
	expr : expr . AMPERSAND expr  (262)
	expr : expr . AMPERAMPER expr  (263)
	expr : expr . COLONEQUAL expr  (264)
	expr : expr . attribute  (282)
	expr_comma_list : expr . COMMA expr  (384)

	COLONCOLON  shift 336
	INFIXOP1  shift 342
	INFIXOP2  shift 343
	INFIXOP3  shift 344
	INFIXOP4  shift 345
	LBRACKETAT  shift 185
	MINUS  shift 347
	MINUSDOT  shift 348
	PERCENT  shift 350
	PLUS  shift 351
	PLUSDOT  shift 352
	PLUSEQ  shift 353
	STAR  shift 355
	error  reduce 245
	AMPERAMPER  reduce 245
	AMPERSAND  reduce 245
	AND  reduce 245
	BAR  reduce 245
	BARBAR  reduce 245
	BARRBRACKET  reduce 245
	CLASS  reduce 245
	COLON  reduce 245
	COLONEQUAL  reduce 245
	COLONGREATER  reduce 245
	COMMA  reduce 245
	CONSTRAINT  reduce 245
	DO  reduce 245
	DONE  reduce 245
	DOWNTO  reduce 245
	ELSE  reduce 245
	END  reduce 245
	EOF  reduce 245
	EQUAL  reduce 245
	EXCEPTION  reduce 245
	EXTERNAL  reduce 245
	GREATER  reduce 245
	GREATERRBRACE  reduce 245
	IN  reduce 245
	INCLUDE  reduce 245
	INFIXOP0  reduce 245
	INHERIT  reduce 245
	INITIALIZER  reduce 245
	LBRACKETPERCENTPERCENT  reduce 245
	LESS  reduce 245
	LET  reduce 245
	LBRACKETATAT  reduce 245
	LBRACKETATATAT  reduce 245
	METHOD  reduce 245
	MINUSGREATER  reduce 245
	MODULE  reduce 245
	OPEN  reduce 245
	OR  reduce 245
	RBRACE  reduce 245
	RBRACKET  reduce 245
	RPAREN  reduce 245
	SEMI  reduce 245
	SEMISEMI  reduce 245
	HASH  reduce 245
	THEN  reduce 245
	TO  reduce 245
	TYPE  reduce 245
	VAL  reduce 245
	WITH  reduce 245

	attribute  goto 356


state 597
	expr : expr . COLONCOLON expr  (244)
	expr : expr . INFIXOP0 expr  (245)
	expr : expr . INFIXOP1 expr  (246)
	expr : expr INFIXOP1 expr .  (246)
	expr : expr . INFIXOP2 expr  (247)
	expr : expr . INFIXOP3 expr  (248)
	expr : expr . INFIXOP4 expr  (249)
	expr : expr . PLUS expr  (250)
	expr : expr . PLUSDOT expr  (251)
	expr : expr . PLUSEQ expr  (252)
	expr : expr . MINUS expr  (253)
	expr : expr . MINUSDOT expr  (254)
	expr : expr . STAR expr  (255)
	expr : expr . PERCENT expr  (256)
	expr : expr . EQUAL expr  (257)
	expr : expr . LESS expr  (258)
	expr : expr . GREATER expr  (259)
	expr : expr . OR expr  (260)
	expr : expr . BARBAR expr  (261)
	expr : expr . AMPERSAND expr  (262)
	expr : expr . AMPERAMPER expr  (263)
	expr : expr . COLONEQUAL expr  (264)
	expr : expr . attribute  (282)
	expr_comma_list : expr . COMMA expr  (384)

	COLONCOLON  shift 336
	INFIXOP1  shift 342
	INFIXOP2  shift 343
	INFIXOP3  shift 344
	INFIXOP4  shift 345
	LBRACKETAT  shift 185
	MINUS  shift 347
	MINUSDOT  shift 348
	PERCENT  shift 350
	PLUS  shift 351
	PLUSDOT  shift 352
	PLUSEQ  shift 353
	STAR  shift 355
	error  reduce 246
	AMPERAMPER  reduce 246
	AMPERSAND  reduce 246
	AND  reduce 246
	BAR  reduce 246
	BARBAR  reduce 246
	BARRBRACKET  reduce 246
	CLASS  reduce 246
	COLON  reduce 246
	COLONEQUAL  reduce 246
	COLONGREATER  reduce 246
	COMMA  reduce 246
	CONSTRAINT  reduce 246
	DO  reduce 246
	DONE  reduce 246
	DOWNTO  reduce 246
	ELSE  reduce 246
	END  reduce 246
	EOF  reduce 246
	EQUAL  reduce 246
	EXCEPTION  reduce 246
	EXTERNAL  reduce 246
	GREATER  reduce 246
	GREATERRBRACE  reduce 246
	IN  reduce 246
	INCLUDE  reduce 246
	INFIXOP0  reduce 246
	INHERIT  reduce 246
	INITIALIZER  reduce 246
	LBRACKETPERCENTPERCENT  reduce 246
	LESS  reduce 246
	LET  reduce 246
	LBRACKETATAT  reduce 246
	LBRACKETATATAT  reduce 246
	METHOD  reduce 246
	MINUSGREATER  reduce 246
	MODULE  reduce 246
	OPEN  reduce 246
	OR  reduce 246
	RBRACE  reduce 246
	RBRACKET  reduce 246
	RPAREN  reduce 246
	SEMI  reduce 246
	SEMISEMI  reduce 246
	HASH  reduce 246
	THEN  reduce 246
	TO  reduce 246
	TYPE  reduce 246
	VAL  reduce 246
	WITH  reduce 246

	attribute  goto 356


state 598
	expr : expr . COLONCOLON expr  (244)
	expr : expr . INFIXOP0 expr  (245)
	expr : expr . INFIXOP1 expr  (246)
	expr : expr . INFIXOP2 expr  (247)
	expr : expr INFIXOP2 expr .  (247)
	expr : expr . INFIXOP3 expr  (248)
	expr : expr . INFIXOP4 expr  (249)
	expr : expr . PLUS expr  (250)
	expr : expr . PLUSDOT expr  (251)
	expr : expr . PLUSEQ expr  (252)
	expr : expr . MINUS expr  (253)
	expr : expr . MINUSDOT expr  (254)
	expr : expr . STAR expr  (255)
	expr : expr . PERCENT expr  (256)
	expr : expr . EQUAL expr  (257)
	expr : expr . LESS expr  (258)
	expr : expr . GREATER expr  (259)
	expr : expr . OR expr  (260)
	expr : expr . BARBAR expr  (261)
	expr : expr . AMPERSAND expr  (262)
	expr : expr . AMPERAMPER expr  (263)
	expr : expr . COLONEQUAL expr  (264)
	expr : expr . attribute  (282)
	expr_comma_list : expr . COMMA expr  (384)

	INFIXOP3  shift 344
	INFIXOP4  shift 345
	PERCENT  shift 350
	STAR  shift 355
	error  reduce 247
	AMPERAMPER  reduce 247
	AMPERSAND  reduce 247
	AND  reduce 247
	BAR  reduce 247
	BARBAR  reduce 247
	BARRBRACKET  reduce 247
	CLASS  reduce 247
	COLON  reduce 247
	COLONCOLON  reduce 247
	COLONEQUAL  reduce 247
	COLONGREATER  reduce 247
	COMMA  reduce 247
	CONSTRAINT  reduce 247
	DO  reduce 247
	DONE  reduce 247
	DOWNTO  reduce 247
	ELSE  reduce 247
	END  reduce 247
	EOF  reduce 247
	EQUAL  reduce 247
	EXCEPTION  reduce 247
	EXTERNAL  reduce 247
	GREATER  reduce 247
	GREATERRBRACE  reduce 247
	IN  reduce 247
	INCLUDE  reduce 247
	INFIXOP0  reduce 247
	INFIXOP1  reduce 247
	INFIXOP2  reduce 247
	INHERIT  reduce 247
	INITIALIZER  reduce 247
	LBRACKETPERCENTPERCENT  reduce 247
	LESS  reduce 247
	LET  reduce 247
	LBRACKETAT  reduce 247
	LBRACKETATAT  reduce 247
	LBRACKETATATAT  reduce 247
	METHOD  reduce 247
	MINUS  reduce 247
	MINUSDOT  reduce 247
	MINUSGREATER  reduce 247
	MODULE  reduce 247
	OPEN  reduce 247
	OR  reduce 247
	PLUS  reduce 247
	PLUSDOT  reduce 247
	PLUSEQ  reduce 247
	RBRACE  reduce 247
	RBRACKET  reduce 247
	RPAREN  reduce 247
	SEMI  reduce 247
	SEMISEMI  reduce 247
	HASH  reduce 247
	THEN  reduce 247
	TO  reduce 247
	TYPE  reduce 247
	VAL  reduce 247
	WITH  reduce 247

	attribute  goto 356


state 599
	expr : expr . COLONCOLON expr  (244)
	expr : expr . INFIXOP0 expr  (245)
	expr : expr . INFIXOP1 expr  (246)
	expr : expr . INFIXOP2 expr  (247)
	expr : expr . INFIXOP3 expr  (248)
	expr : expr INFIXOP3 expr .  (248)
	expr : expr . INFIXOP4 expr  (249)
	expr : expr . PLUS expr  (250)
	expr : expr . PLUSDOT expr  (251)
	expr : expr . PLUSEQ expr  (252)
	expr : expr . MINUS expr  (253)
	expr : expr . MINUSDOT expr  (254)
	expr : expr . STAR expr  (255)
	expr : expr . PERCENT expr  (256)
	expr : expr . EQUAL expr  (257)
	expr : expr . LESS expr  (258)
	expr : expr . GREATER expr  (259)
	expr : expr . OR expr  (260)
	expr : expr . BARBAR expr  (261)
	expr : expr . AMPERSAND expr  (262)
	expr : expr . AMPERAMPER expr  (263)
	expr : expr . COLONEQUAL expr  (264)
	expr : expr . attribute  (282)
	expr_comma_list : expr . COMMA expr  (384)

	INFIXOP4  shift 345
	error  reduce 248
	AMPERAMPER  reduce 248
	AMPERSAND  reduce 248
	AND  reduce 248
	BAR  reduce 248
	BARBAR  reduce 248
	BARRBRACKET  reduce 248
	CLASS  reduce 248
	COLON  reduce 248
	COLONCOLON  reduce 248
	COLONEQUAL  reduce 248
	COLONGREATER  reduce 248
	COMMA  reduce 248
	CONSTRAINT  reduce 248
	DO  reduce 248
	DONE  reduce 248
	DOWNTO  reduce 248
	ELSE  reduce 248
	END  reduce 248
	EOF  reduce 248
	EQUAL  reduce 248
	EXCEPTION  reduce 248
	EXTERNAL  reduce 248
	GREATER  reduce 248
	GREATERRBRACE  reduce 248
	IN  reduce 248
	INCLUDE  reduce 248
	INFIXOP0  reduce 248
	INFIXOP1  reduce 248
	INFIXOP2  reduce 248
	INFIXOP3  reduce 248
	INHERIT  reduce 248
	INITIALIZER  reduce 248
	LBRACKETPERCENTPERCENT  reduce 248
	LESS  reduce 248
	LET  reduce 248
	LBRACKETAT  reduce 248
	LBRACKETATAT  reduce 248
	LBRACKETATATAT  reduce 248
	METHOD  reduce 248
	MINUS  reduce 248
	MINUSDOT  reduce 248
	MINUSGREATER  reduce 248
	MODULE  reduce 248
	OPEN  reduce 248
	OR  reduce 248
	PERCENT  reduce 248
	PLUS  reduce 248
	PLUSDOT  reduce 248
	PLUSEQ  reduce 248
	RBRACE  reduce 248
	RBRACKET  reduce 248
	RPAREN  reduce 248
	SEMI  reduce 248
	SEMISEMI  reduce 248
	HASH  reduce 248
	STAR  reduce 248
	THEN  reduce 248
	TO  reduce 248
	TYPE  reduce 248
	VAL  reduce 248
	WITH  reduce 248

	attribute  goto 356


state 600
	expr : expr . COLONCOLON expr  (244)
	expr : expr . INFIXOP0 expr  (245)
	expr : expr . INFIXOP1 expr  (246)
	expr : expr . INFIXOP2 expr  (247)
	expr : expr . INFIXOP3 expr  (248)
	expr : expr . INFIXOP4 expr  (249)
	expr : expr INFIXOP4 expr .  (249)
	expr : expr . PLUS expr  (250)
	expr : expr . PLUSDOT expr  (251)
	expr : expr . PLUSEQ expr  (252)
	expr : expr . MINUS expr  (253)
	expr : expr . MINUSDOT expr  (254)
	expr : expr . STAR expr  (255)
	expr : expr . PERCENT expr  (256)
	expr : expr . EQUAL expr  (257)
	expr : expr . LESS expr  (258)
	expr : expr . GREATER expr  (259)
	expr : expr . OR expr  (260)
	expr : expr . BARBAR expr  (261)
	expr : expr . AMPERSAND expr  (262)
	expr : expr . AMPERAMPER expr  (263)
	expr : expr . COLONEQUAL expr  (264)
	expr : expr . attribute  (282)
	expr_comma_list : expr . COMMA expr  (384)

	INFIXOP4  shift 345
	error  reduce 249
	AMPERAMPER  reduce 249
	AMPERSAND  reduce 249
	AND  reduce 249
	BAR  reduce 249
	BARBAR  reduce 249
	BARRBRACKET  reduce 249
	CLASS  reduce 249
	COLON  reduce 249
	COLONCOLON  reduce 249
	COLONEQUAL  reduce 249
	COLONGREATER  reduce 249
	COMMA  reduce 249
	CONSTRAINT  reduce 249
	DO  reduce 249
	DONE  reduce 249
	DOWNTO  reduce 249
	ELSE  reduce 249
	END  reduce 249
	EOF  reduce 249
	EQUAL  reduce 249
	EXCEPTION  reduce 249
	EXTERNAL  reduce 249
	GREATER  reduce 249
	GREATERRBRACE  reduce 249
	IN  reduce 249
	INCLUDE  reduce 249
	INFIXOP0  reduce 249
	INFIXOP1  reduce 249
	INFIXOP2  reduce 249
	INFIXOP3  reduce 249
	INHERIT  reduce 249
	INITIALIZER  reduce 249
	LBRACKETPERCENTPERCENT  reduce 249
	LESS  reduce 249
	LET  reduce 249
	LBRACKETAT  reduce 249
	LBRACKETATAT  reduce 249
	LBRACKETATATAT  reduce 249
	METHOD  reduce 249
	MINUS  reduce 249
	MINUSDOT  reduce 249
	MINUSGREATER  reduce 249
	MODULE  reduce 249
	OPEN  reduce 249
	OR  reduce 249
	PERCENT  reduce 249
	PLUS  reduce 249
	PLUSDOT  reduce 249
	PLUSEQ  reduce 249
	RBRACE  reduce 249
	RBRACKET  reduce 249
	RPAREN  reduce 249
	SEMI  reduce 249
	SEMISEMI  reduce 249
	HASH  reduce 249
	STAR  reduce 249
	THEN  reduce 249
	TO  reduce 249
	TYPE  reduce 249
	VAL  reduce 249
	WITH  reduce 249

	attribute  goto 356


state 601
	expr : expr . COLONCOLON expr  (244)
	expr : expr . INFIXOP0 expr  (245)
	expr : expr . INFIXOP1 expr  (246)
	expr : expr . INFIXOP2 expr  (247)
	expr : expr . INFIXOP3 expr  (248)
	expr : expr . INFIXOP4 expr  (249)
	expr : expr . PLUS expr  (250)
	expr : expr . PLUSDOT expr  (251)
	expr : expr . PLUSEQ expr  (252)
	expr : expr . MINUS expr  (253)
	expr : expr . MINUSDOT expr  (254)
	expr : expr . STAR expr  (255)
	expr : expr . PERCENT expr  (256)
	expr : expr . EQUAL expr  (257)
	expr : expr . LESS expr  (258)
	expr : expr LESS expr .  (258)
	expr : expr . GREATER expr  (259)
	expr : expr . OR expr  (260)
	expr : expr . BARBAR expr  (261)
	expr : expr . AMPERSAND expr  (262)
	expr : expr . AMPERAMPER expr  (263)
	expr : expr . COLONEQUAL expr  (264)
	expr : expr . attribute  (282)
	expr_comma_list : expr . COMMA expr  (384)

	COLONCOLON  shift 336
	INFIXOP1  shift 342
	INFIXOP2  shift 343
	INFIXOP3  shift 344
	INFIXOP4  shift 345
	LBRACKETAT  shift 185
	MINUS  shift 347
	MINUSDOT  shift 348
	PERCENT  shift 350
	PLUS  shift 351
	PLUSDOT  shift 352
	PLUSEQ  shift 353
	STAR  shift 355
	error  reduce 258
	AMPERAMPER  reduce 258
	AMPERSAND  reduce 258
	AND  reduce 258
	BAR  reduce 258
	BARBAR  reduce 258
	BARRBRACKET  reduce 258
	CLASS  reduce 258
	COLON  reduce 258
	COLONEQUAL  reduce 258
	COLONGREATER  reduce 258
	COMMA  reduce 258
	CONSTRAINT  reduce 258
	DO  reduce 258
	DONE  reduce 258
	DOWNTO  reduce 258
	ELSE  reduce 258
	END  reduce 258
	EOF  reduce 258
	EQUAL  reduce 258
	EXCEPTION  reduce 258
	EXTERNAL  reduce 258
	GREATER  reduce 258
	GREATERRBRACE  reduce 258
	IN  reduce 258
	INCLUDE  reduce 258
	INFIXOP0  reduce 258
	INHERIT  reduce 258
	INITIALIZER  reduce 258
	LBRACKETPERCENTPERCENT  reduce 258
	LESS  reduce 258
	LET  reduce 258
	LBRACKETATAT  reduce 258
	LBRACKETATATAT  reduce 258
	METHOD  reduce 258
	MINUSGREATER  reduce 258
	MODULE  reduce 258
	OPEN  reduce 258
	OR  reduce 258
	RBRACE  reduce 258
	RBRACKET  reduce 258
	RPAREN  reduce 258
	SEMI  reduce 258
	SEMISEMI  reduce 258
	HASH  reduce 258
	THEN  reduce 258
	TO  reduce 258
	TYPE  reduce 258
	VAL  reduce 258
	WITH  reduce 258

	attribute  goto 356


state 602
	expr : expr . COLONCOLON expr  (244)
	expr : expr . INFIXOP0 expr  (245)
	expr : expr . INFIXOP1 expr  (246)
	expr : expr . INFIXOP2 expr  (247)
	expr : expr . INFIXOP3 expr  (248)
	expr : expr . INFIXOP4 expr  (249)
	expr : expr . PLUS expr  (250)
	expr : expr . PLUSDOT expr  (251)
	expr : expr . PLUSEQ expr  (252)
	expr : expr . MINUS expr  (253)
	expr : expr MINUS expr .  (253)
	expr : expr . MINUSDOT expr  (254)
	expr : expr . STAR expr  (255)
	expr : expr . PERCENT expr  (256)
	expr : expr . EQUAL expr  (257)
	expr : expr . LESS expr  (258)
	expr : expr . GREATER expr  (259)
	expr : expr . OR expr  (260)
	expr : expr . BARBAR expr  (261)
	expr : expr . AMPERSAND expr  (262)
	expr : expr . AMPERAMPER expr  (263)
	expr : expr . COLONEQUAL expr  (264)
	expr : expr . attribute  (282)
	expr_comma_list : expr . COMMA expr  (384)

	INFIXOP3  shift 344
	INFIXOP4  shift 345
	PERCENT  shift 350
	STAR  shift 355
	error  reduce 253
	AMPERAMPER  reduce 253
	AMPERSAND  reduce 253
	AND  reduce 253
	BAR  reduce 253
	BARBAR  reduce 253
	BARRBRACKET  reduce 253
	CLASS  reduce 253
	COLON  reduce 253
	COLONCOLON  reduce 253
	COLONEQUAL  reduce 253
	COLONGREATER  reduce 253
	COMMA  reduce 253
	CONSTRAINT  reduce 253
	DO  reduce 253
	DONE  reduce 253
	DOWNTO  reduce 253
	ELSE  reduce 253
	END  reduce 253
	EOF  reduce 253
	EQUAL  reduce 253
	EXCEPTION  reduce 253
	EXTERNAL  reduce 253
	GREATER  reduce 253
	GREATERRBRACE  reduce 253
	IN  reduce 253
	INCLUDE  reduce 253
	INFIXOP0  reduce 253
	INFIXOP1  reduce 253
	INFIXOP2  reduce 253
	INHERIT  reduce 253
	INITIALIZER  reduce 253
	LBRACKETPERCENTPERCENT  reduce 253
	LESS  reduce 253
	LET  reduce 253
	LBRACKETAT  reduce 253
	LBRACKETATAT  reduce 253
	LBRACKETATATAT  reduce 253
	METHOD  reduce 253
	MINUS  reduce 253
	MINUSDOT  reduce 253
	MINUSGREATER  reduce 253
	MODULE  reduce 253
	OPEN  reduce 253
	OR  reduce 253
	PLUS  reduce 253
	PLUSDOT  reduce 253
	PLUSEQ  reduce 253
	RBRACE  reduce 253
	RBRACKET  reduce 253
	RPAREN  reduce 253
	SEMI  reduce 253
	SEMISEMI  reduce 253
	HASH  reduce 253
	THEN  reduce 253
	TO  reduce 253
	TYPE  reduce 253
	VAL  reduce 253
	WITH  reduce 253

	attribute  goto 356


state 603
	expr : expr . COLONCOLON expr  (244)
	expr : expr . INFIXOP0 expr  (245)
	expr : expr . INFIXOP1 expr  (246)
	expr : expr . INFIXOP2 expr  (247)
	expr : expr . INFIXOP3 expr  (248)
	expr : expr . INFIXOP4 expr  (249)
	expr : expr . PLUS expr  (250)
	expr : expr . PLUSDOT expr  (251)
	expr : expr . PLUSEQ expr  (252)
	expr : expr . MINUS expr  (253)
	expr : expr . MINUSDOT expr  (254)
	expr : expr MINUSDOT expr .  (254)
	expr : expr . STAR expr  (255)
	expr : expr . PERCENT expr  (256)
	expr : expr . EQUAL expr  (257)
	expr : expr . LESS expr  (258)
	expr : expr . GREATER expr  (259)
	expr : expr . OR expr  (260)
	expr : expr . BARBAR expr  (261)
	expr : expr . AMPERSAND expr  (262)
	expr : expr . AMPERAMPER expr  (263)
	expr : expr . COLONEQUAL expr  (264)
	expr : expr . attribute  (282)
	expr_comma_list : expr . COMMA expr  (384)

	INFIXOP3  shift 344
	INFIXOP4  shift 345
	PERCENT  shift 350
	STAR  shift 355
	error  reduce 254
	AMPERAMPER  reduce 254
	AMPERSAND  reduce 254
	AND  reduce 254
	BAR  reduce 254
	BARBAR  reduce 254
	BARRBRACKET  reduce 254
	CLASS  reduce 254
	COLON  reduce 254
	COLONCOLON  reduce 254
	COLONEQUAL  reduce 254
	COLONGREATER  reduce 254
	COMMA  reduce 254
	CONSTRAINT  reduce 254
	DO  reduce 254
	DONE  reduce 254
	DOWNTO  reduce 254
	ELSE  reduce 254
	END  reduce 254
	EOF  reduce 254
	EQUAL  reduce 254
	EXCEPTION  reduce 254
	EXTERNAL  reduce 254
	GREATER  reduce 254
	GREATERRBRACE  reduce 254
	IN  reduce 254
	INCLUDE  reduce 254
	INFIXOP0  reduce 254
	INFIXOP1  reduce 254
	INFIXOP2  reduce 254
	INHERIT  reduce 254
	INITIALIZER  reduce 254
	LBRACKETPERCENTPERCENT  reduce 254
	LESS  reduce 254
	LET  reduce 254
	LBRACKETAT  reduce 254
	LBRACKETATAT  reduce 254
	LBRACKETATATAT  reduce 254
	METHOD  reduce 254
	MINUS  reduce 254
	MINUSDOT  reduce 254
	MINUSGREATER  reduce 254
	MODULE  reduce 254
	OPEN  reduce 254
	OR  reduce 254
	PLUS  reduce 254
	PLUSDOT  reduce 254
	PLUSEQ  reduce 254
	RBRACE  reduce 254
	RBRACKET  reduce 254
	RPAREN  reduce 254
	SEMI  reduce 254
	SEMISEMI  reduce 254
	HASH  reduce 254
	THEN  reduce 254
	TO  reduce 254
	TYPE  reduce 254
	VAL  reduce 254
	WITH  reduce 254

	attribute  goto 356


state 604
	expr : expr . COLONCOLON expr  (244)
	expr : expr . INFIXOP0 expr  (245)
	expr : expr . INFIXOP1 expr  (246)
	expr : expr . INFIXOP2 expr  (247)
	expr : expr . INFIXOP3 expr  (248)
	expr : expr . INFIXOP4 expr  (249)
	expr : expr . PLUS expr  (250)
	expr : expr . PLUSDOT expr  (251)
	expr : expr . PLUSEQ expr  (252)
	expr : expr . MINUS expr  (253)
	expr : expr . MINUSDOT expr  (254)
	expr : expr . STAR expr  (255)
	expr : expr . PERCENT expr  (256)
	expr : expr . EQUAL expr  (257)
	expr : expr . LESS expr  (258)
	expr : expr . GREATER expr  (259)
	expr : expr . OR expr  (260)
	expr : expr OR expr .  (260)
	expr : expr . BARBAR expr  (261)
	expr : expr . AMPERSAND expr  (262)
	expr : expr . AMPERAMPER expr  (263)
	expr : expr . COLONEQUAL expr  (264)
	expr : expr . attribute  (282)
	expr_comma_list : expr . COMMA expr  (384)

	AMPERAMPER  shift 333
	AMPERSAND  shift 334
	BARBAR  shift 335
	COLONCOLON  shift 336
	EQUAL  shift 339
	GREATER  shift 340
	INFIXOP0  shift 341
	INFIXOP1  shift 342
	INFIXOP2  shift 343
	INFIXOP3  shift 344
	INFIXOP4  shift 345
	LESS  shift 346
	LBRACKETAT  shift 185
	MINUS  shift 347
	MINUSDOT  shift 348
	OR  shift 349
	PERCENT  shift 350
	PLUS  shift 351
	PLUSDOT  shift 352
	PLUSEQ  shift 353
	STAR  shift 355
	error  reduce 260
	AND  reduce 260
	BAR  reduce 260
	BARRBRACKET  reduce 260
	CLASS  reduce 260
	COLON  reduce 260
	COLONEQUAL  reduce 260
	COLONGREATER  reduce 260
	COMMA  reduce 260
	CONSTRAINT  reduce 260
	DO  reduce 260
	DONE  reduce 260
	DOWNTO  reduce 260
	ELSE  reduce 260
	END  reduce 260
	EOF  reduce 260
	EXCEPTION  reduce 260
	EXTERNAL  reduce 260
	GREATERRBRACE  reduce 260
	IN  reduce 260
	INCLUDE  reduce 260
	INHERIT  reduce 260
	INITIALIZER  reduce 260
	LBRACKETPERCENTPERCENT  reduce 260
	LET  reduce 260
	LBRACKETATAT  reduce 260
	LBRACKETATATAT  reduce 260
	METHOD  reduce 260
	MINUSGREATER  reduce 260
	MODULE  reduce 260
	OPEN  reduce 260
	RBRACE  reduce 260
	RBRACKET  reduce 260
	RPAREN  reduce 260
	SEMI  reduce 260
	SEMISEMI  reduce 260
	HASH  reduce 260
	THEN  reduce 260
	TO  reduce 260
	TYPE  reduce 260
	VAL  reduce 260
	WITH  reduce 260

	attribute  goto 356


state 605
	expr : expr . COLONCOLON expr  (244)
	expr : expr . INFIXOP0 expr  (245)
	expr : expr . INFIXOP1 expr  (246)
	expr : expr . INFIXOP2 expr  (247)
	expr : expr . INFIXOP3 expr  (248)
	expr : expr . INFIXOP4 expr  (249)
	expr : expr . PLUS expr  (250)
	expr : expr . PLUSDOT expr  (251)
	expr : expr . PLUSEQ expr  (252)
	expr : expr . MINUS expr  (253)
	expr : expr . MINUSDOT expr  (254)
	expr : expr . STAR expr  (255)
	expr : expr . PERCENT expr  (256)
	expr : expr PERCENT expr .  (256)
	expr : expr . EQUAL expr  (257)
	expr : expr . LESS expr  (258)
	expr : expr . GREATER expr  (259)
	expr : expr . OR expr  (260)
	expr : expr . BARBAR expr  (261)
	expr : expr . AMPERSAND expr  (262)
	expr : expr . AMPERAMPER expr  (263)
	expr : expr . COLONEQUAL expr  (264)
	expr : expr . attribute  (282)
	expr_comma_list : expr . COMMA expr  (384)

	INFIXOP4  shift 345
	error  reduce 256
	AMPERAMPER  reduce 256
	AMPERSAND  reduce 256
	AND  reduce 256
	BAR  reduce 256
	BARBAR  reduce 256
	BARRBRACKET  reduce 256
	CLASS  reduce 256
	COLON  reduce 256
	COLONCOLON  reduce 256
	COLONEQUAL  reduce 256
	COLONGREATER  reduce 256
	COMMA  reduce 256
	CONSTRAINT  reduce 256
	DO  reduce 256
	DONE  reduce 256
	DOWNTO  reduce 256
	ELSE  reduce 256
	END  reduce 256
	EOF  reduce 256
	EQUAL  reduce 256
	EXCEPTION  reduce 256
	EXTERNAL  reduce 256
	GREATER  reduce 256
	GREATERRBRACE  reduce 256
	IN  reduce 256
	INCLUDE  reduce 256
	INFIXOP0  reduce 256
	INFIXOP1  reduce 256
	INFIXOP2  reduce 256
	INFIXOP3  reduce 256
	INHERIT  reduce 256
	INITIALIZER  reduce 256
	LBRACKETPERCENTPERCENT  reduce 256
	LESS  reduce 256
	LET  reduce 256
	LBRACKETAT  reduce 256
	LBRACKETATAT  reduce 256
	LBRACKETATATAT  reduce 256
	METHOD  reduce 256
	MINUS  reduce 256
	MINUSDOT  reduce 256
	MINUSGREATER  reduce 256
	MODULE  reduce 256
	OPEN  reduce 256
	OR  reduce 256
	PERCENT  reduce 256
	PLUS  reduce 256
	PLUSDOT  reduce 256
	PLUSEQ  reduce 256
	RBRACE  reduce 256
	RBRACKET  reduce 256
	RPAREN  reduce 256
	SEMI  reduce 256
	SEMISEMI  reduce 256
	HASH  reduce 256
	STAR  reduce 256
	THEN  reduce 256
	TO  reduce 256
	TYPE  reduce 256
	VAL  reduce 256
	WITH  reduce 256

	attribute  goto 356


state 606
	expr : expr . COLONCOLON expr  (244)
	expr : expr . INFIXOP0 expr  (245)
	expr : expr . INFIXOP1 expr  (246)
	expr : expr . INFIXOP2 expr  (247)
	expr : expr . INFIXOP3 expr  (248)
	expr : expr . INFIXOP4 expr  (249)
	expr : expr . PLUS expr  (250)
	expr : expr PLUS expr .  (250)
	expr : expr . PLUSDOT expr  (251)
	expr : expr . PLUSEQ expr  (252)
	expr : expr . MINUS expr  (253)
	expr : expr . MINUSDOT expr  (254)
	expr : expr . STAR expr  (255)
	expr : expr . PERCENT expr  (256)
	expr : expr . EQUAL expr  (257)
	expr : expr . LESS expr  (258)
	expr : expr . GREATER expr  (259)
	expr : expr . OR expr  (260)
	expr : expr . BARBAR expr  (261)
	expr : expr . AMPERSAND expr  (262)
	expr : expr . AMPERAMPER expr  (263)
	expr : expr . COLONEQUAL expr  (264)
	expr : expr . attribute  (282)
	expr_comma_list : expr . COMMA expr  (384)

	INFIXOP3  shift 344
	INFIXOP4  shift 345
	PERCENT  shift 350
	STAR  shift 355
	error  reduce 250
	AMPERAMPER  reduce 250
	AMPERSAND  reduce 250
	AND  reduce 250
	BAR  reduce 250
	BARBAR  reduce 250
	BARRBRACKET  reduce 250
	CLASS  reduce 250
	COLON  reduce 250
	COLONCOLON  reduce 250
	COLONEQUAL  reduce 250
	COLONGREATER  reduce 250
	COMMA  reduce 250
	CONSTRAINT  reduce 250
	DO  reduce 250
	DONE  reduce 250
	DOWNTO  reduce 250
	ELSE  reduce 250
	END  reduce 250
	EOF  reduce 250
	EQUAL  reduce 250
	EXCEPTION  reduce 250
	EXTERNAL  reduce 250
	GREATER  reduce 250
	GREATERRBRACE  reduce 250
	IN  reduce 250
	INCLUDE  reduce 250
	INFIXOP0  reduce 250
	INFIXOP1  reduce 250
	INFIXOP2  reduce 250
	INHERIT  reduce 250
	INITIALIZER  reduce 250
	LBRACKETPERCENTPERCENT  reduce 250
	LESS  reduce 250
	LET  reduce 250
	LBRACKETAT  reduce 250
	LBRACKETATAT  reduce 250
	LBRACKETATATAT  reduce 250
	METHOD  reduce 250
	MINUS  reduce 250
	MINUSDOT  reduce 250
	MINUSGREATER  reduce 250
	MODULE  reduce 250
	OPEN  reduce 250
	OR  reduce 250
	PLUS  reduce 250
	PLUSDOT  reduce 250
	PLUSEQ  reduce 250
	RBRACE  reduce 250
	RBRACKET  reduce 250
	RPAREN  reduce 250
	SEMI  reduce 250
	SEMISEMI  reduce 250
	HASH  reduce 250
	THEN  reduce 250
	TO  reduce 250
	TYPE  reduce 250
	VAL  reduce 250
	WITH  reduce 250

	attribute  goto 356


state 607
	expr : expr . COLONCOLON expr  (244)
	expr : expr . INFIXOP0 expr  (245)
	expr : expr . INFIXOP1 expr  (246)
	expr : expr . INFIXOP2 expr  (247)
	expr : expr . INFIXOP3 expr  (248)
	expr : expr . INFIXOP4 expr  (249)
	expr : expr . PLUS expr  (250)
	expr : expr . PLUSDOT expr  (251)
	expr : expr PLUSDOT expr .  (251)
	expr : expr . PLUSEQ expr  (252)
	expr : expr . MINUS expr  (253)
	expr : expr . MINUSDOT expr  (254)
	expr : expr . STAR expr  (255)
	expr : expr . PERCENT expr  (256)
	expr : expr . EQUAL expr  (257)
	expr : expr . LESS expr  (258)
	expr : expr . GREATER expr  (259)
	expr : expr . OR expr  (260)
	expr : expr . BARBAR expr  (261)
	expr : expr . AMPERSAND expr  (262)
	expr : expr . AMPERAMPER expr  (263)
	expr : expr . COLONEQUAL expr  (264)
	expr : expr . attribute  (282)
	expr_comma_list : expr . COMMA expr  (384)

	INFIXOP3  shift 344
	INFIXOP4  shift 345
	PERCENT  shift 350
	STAR  shift 355
	error  reduce 251
	AMPERAMPER  reduce 251
	AMPERSAND  reduce 251
	AND  reduce 251
	BAR  reduce 251
	BARBAR  reduce 251
	BARRBRACKET  reduce 251
	CLASS  reduce 251
	COLON  reduce 251
	COLONCOLON  reduce 251
	COLONEQUAL  reduce 251
	COLONGREATER  reduce 251
	COMMA  reduce 251
	CONSTRAINT  reduce 251
	DO  reduce 251
	DONE  reduce 251
	DOWNTO  reduce 251
	ELSE  reduce 251
	END  reduce 251
	EOF  reduce 251
	EQUAL  reduce 251
	EXCEPTION  reduce 251
	EXTERNAL  reduce 251
	GREATER  reduce 251
	GREATERRBRACE  reduce 251
	IN  reduce 251
	INCLUDE  reduce 251
	INFIXOP0  reduce 251
	INFIXOP1  reduce 251
	INFIXOP2  reduce 251
	INHERIT  reduce 251
	INITIALIZER  reduce 251
	LBRACKETPERCENTPERCENT  reduce 251
	LESS  reduce 251
	LET  reduce 251
	LBRACKETAT  reduce 251
	LBRACKETATAT  reduce 251
	LBRACKETATATAT  reduce 251
	METHOD  reduce 251
	MINUS  reduce 251
	MINUSDOT  reduce 251
	MINUSGREATER  reduce 251
	MODULE  reduce 251
	OPEN  reduce 251
	OR  reduce 251
	PLUS  reduce 251
	PLUSDOT  reduce 251
	PLUSEQ  reduce 251
	RBRACE  reduce 251
	RBRACKET  reduce 251
	RPAREN  reduce 251
	SEMI  reduce 251
	SEMISEMI  reduce 251
	HASH  reduce 251
	THEN  reduce 251
	TO  reduce 251
	TYPE  reduce 251
	VAL  reduce 251
	WITH  reduce 251

	attribute  goto 356


state 608
	expr : expr . COLONCOLON expr  (244)
	expr : expr . INFIXOP0 expr  (245)
	expr : expr . INFIXOP1 expr  (246)
	expr : expr . INFIXOP2 expr  (247)
	expr : expr . INFIXOP3 expr  (248)
	expr : expr . INFIXOP4 expr  (249)
	expr : expr . PLUS expr  (250)
	expr : expr . PLUSDOT expr  (251)
	expr : expr . PLUSEQ expr  (252)
	expr : expr PLUSEQ expr .  (252)
	expr : expr . MINUS expr  (253)
	expr : expr . MINUSDOT expr  (254)
	expr : expr . STAR expr  (255)
	expr : expr . PERCENT expr  (256)
	expr : expr . EQUAL expr  (257)
	expr : expr . LESS expr  (258)
	expr : expr . GREATER expr  (259)
	expr : expr . OR expr  (260)
	expr : expr . BARBAR expr  (261)
	expr : expr . AMPERSAND expr  (262)
	expr : expr . AMPERAMPER expr  (263)
	expr : expr . COLONEQUAL expr  (264)
	expr : expr . attribute  (282)
	expr_comma_list : expr . COMMA expr  (384)

	INFIXOP3  shift 344
	INFIXOP4  shift 345
	PERCENT  shift 350
	STAR  shift 355
	error  reduce 252
	AMPERAMPER  reduce 252
	AMPERSAND  reduce 252
	AND  reduce 252
	BAR  reduce 252
	BARBAR  reduce 252
	BARRBRACKET  reduce 252
	CLASS  reduce 252
	COLON  reduce 252
	COLONCOLON  reduce 252
	COLONEQUAL  reduce 252
	COLONGREATER  reduce 252
	COMMA  reduce 252
	CONSTRAINT  reduce 252
	DO  reduce 252
	DONE  reduce 252
	DOWNTO  reduce 252
	ELSE  reduce 252
	END  reduce 252
	EOF  reduce 252
	EQUAL  reduce 252
	EXCEPTION  reduce 252
	EXTERNAL  reduce 252
	GREATER  reduce 252
	GREATERRBRACE  reduce 252
	IN  reduce 252
	INCLUDE  reduce 252
	INFIXOP0  reduce 252
	INFIXOP1  reduce 252
	INFIXOP2  reduce 252
	INHERIT  reduce 252
	INITIALIZER  reduce 252
	LBRACKETPERCENTPERCENT  reduce 252
	LESS  reduce 252
	LET  reduce 252
	LBRACKETAT  reduce 252
	LBRACKETATAT  reduce 252
	LBRACKETATATAT  reduce 252
	METHOD  reduce 252
	MINUS  reduce 252
	MINUSDOT  reduce 252
	MINUSGREATER  reduce 252
	MODULE  reduce 252
	OPEN  reduce 252
	OR  reduce 252
	PLUS  reduce 252
	PLUSDOT  reduce 252
	PLUSEQ  reduce 252
	RBRACE  reduce 252
	RBRACKET  reduce 252
	RPAREN  reduce 252
	SEMI  reduce 252
	SEMISEMI  reduce 252
	HASH  reduce 252
	THEN  reduce 252
	TO  reduce 252
	TYPE  reduce 252
	VAL  reduce 252
	WITH  reduce 252

	attribute  goto 356


state 609
	seq_expr : expr SEMI PERCENT . attr_id seq_expr  (207)

	AND  shift 223
	AS  shift 224
	ASSERT  shift 225
	BEGIN  shift 226
	CLASS  shift 227
	CONSTRAINT  shift 228
	DO  shift 229
	DONE  shift 230
	DOWNTO  shift 231
	ELSE  shift 232
	END  shift 233
	EXCEPTION  shift 234
	EXTERNAL  shift 235
	FALSE  shift 236
	FOR  shift 237
	FUN  shift 238
	FUNCTION  shift 239
	FUNCTOR  shift 240
	IF  shift 241
	IN  shift 242
	INCLUDE  shift 243
	INHERIT  shift 244
	INITIALIZER  shift 245
	LAZY  shift 246
	LET  shift 247
	LIDENT  shift 248
	MATCH  shift 249
	METHOD  shift 250
	MODULE  shift 251
	MUTABLE  shift 252
	NEW  shift 253
	NONREC  shift 254
	OBJECT  shift 255
	OF  shift 256
	OPEN  shift 257
	OR  shift 258
	PRIVATE  shift 259
	REC  shift 260
	SIG  shift 261
	STRUCT  shift 262
	THEN  shift 263
	TO  shift 264
	TRUE  shift 265
	TRY  shift 266
	TYPE  shift 267
	UIDENT  shift 268
	VAL  shift 269
	VIRTUAL  shift 270
	WHEN  shift 271
	WHILE  shift 272
	WITH  shift 273
	.  error

	attr_id  goto 845
	single_attr_id  goto 275


state 610
	seq_expr : expr SEMI seq_expr .  (206)

	.  reduce 206


state 611
	expr : expr . COLONCOLON expr  (244)
	expr : expr . INFIXOP0 expr  (245)
	expr : expr . INFIXOP1 expr  (246)
	expr : expr . INFIXOP2 expr  (247)
	expr : expr . INFIXOP3 expr  (248)
	expr : expr . INFIXOP4 expr  (249)
	expr : expr . PLUS expr  (250)
	expr : expr . PLUSDOT expr  (251)
	expr : expr . PLUSEQ expr  (252)
	expr : expr . MINUS expr  (253)
	expr : expr . MINUSDOT expr  (254)
	expr : expr . STAR expr  (255)
	expr : expr STAR expr .  (255)
	expr : expr . PERCENT expr  (256)
	expr : expr . EQUAL expr  (257)
	expr : expr . LESS expr  (258)
	expr : expr . GREATER expr  (259)
	expr : expr . OR expr  (260)
	expr : expr . BARBAR expr  (261)
	expr : expr . AMPERSAND expr  (262)
	expr : expr . AMPERAMPER expr  (263)
	expr : expr . COLONEQUAL expr  (264)
	expr : expr . attribute  (282)
	expr_comma_list : expr . COMMA expr  (384)

	INFIXOP4  shift 345
	error  reduce 255
	AMPERAMPER  reduce 255
	AMPERSAND  reduce 255
	AND  reduce 255
	BAR  reduce 255
	BARBAR  reduce 255
	BARRBRACKET  reduce 255
	CLASS  reduce 255
	COLON  reduce 255
	COLONCOLON  reduce 255
	COLONEQUAL  reduce 255
	COLONGREATER  reduce 255
	COMMA  reduce 255
	CONSTRAINT  reduce 255
	DO  reduce 255
	DONE  reduce 255
	DOWNTO  reduce 255
	ELSE  reduce 255
	END  reduce 255
	EOF  reduce 255
	EQUAL  reduce 255
	EXCEPTION  reduce 255
	EXTERNAL  reduce 255
	GREATER  reduce 255
	GREATERRBRACE  reduce 255
	IN  reduce 255
	INCLUDE  reduce 255
	INFIXOP0  reduce 255
	INFIXOP1  reduce 255
	INFIXOP2  reduce 255
	INFIXOP3  reduce 255
	INHERIT  reduce 255
	INITIALIZER  reduce 255
	LBRACKETPERCENTPERCENT  reduce 255
	LESS  reduce 255
	LET  reduce 255
	LBRACKETAT  reduce 255
	LBRACKETATAT  reduce 255
	LBRACKETATATAT  reduce 255
	METHOD  reduce 255
	MINUS  reduce 255
	MINUSDOT  reduce 255
	MINUSGREATER  reduce 255
	MODULE  reduce 255
	OPEN  reduce 255
	OR  reduce 255
	PERCENT  reduce 255
	PLUS  reduce 255
	PLUSDOT  reduce 255
	PLUSEQ  reduce 255
	RBRACE  reduce 255
	RBRACKET  reduce 255
	RPAREN  reduce 255
	SEMI  reduce 255
	SEMISEMI  reduce 255
	HASH  reduce 255
	STAR  reduce 255
	THEN  reduce 255
	TO  reduce 255
	TYPE  reduce 255
	VAL  reduce 255
	WITH  reduce 255

	attribute  goto 356


state 612
	and_let_binding : AND attributes . let_binding_body post_item_attributes  (368)

	BACKQUOTE  shift 10
	CHAR  shift 13
	FALSE  shift 17
	FLOAT  shift 18
	INT  shift 24
	LAZY  shift 161
	LBRACE  shift 162
	LBRACKET  shift 163
	LBRACKETBAR  shift 164
	LBRACKETPERCENT  shift 30
	LIDENT  shift 165
	LPAREN  shift 166
	MINUS  shift 167
	PLUS  shift 168
	HASH  shift 169
	STRING  shift 47
	TRUE  shift 48
	UIDENT  shift 51
	UNDERSCORE  shift 170
	.  error

	mod_longident  goto 173
	extension  goto 174
	simple_pattern  goto 175
	constr_longident  goto 176
	name_tag  goto 177
	constant  goto 178
	let_binding_body  goto 846
	val_ident  goto 800
	pattern_no_exn  goto 801
	simple_pattern_not_ident  goto 802
	pattern_gen  goto 803
	pattern_no_exn_comma_list  goto 804
	signed_constant  goto 183
	simple_delimited_pattern  goto 184


state 613
	expr : let_bindings IN seq_expr .  (227)

	.  reduce 227


state 614
	and_type_declaration : AND attributes . optional_type_parameters LIDENT type_kind constraints post_item_attributes  (482)
	optional_type_parameters : .  (496)
	type_variance : .  (505)

	LPAREN  shift 825
	MINUS  shift 826
	PLUS  shift 827
	LIDENT  reduce 496
	QUOTE  reduce 505
	UNDERSCORE  reduce 505

	optional_type_parameters  goto 847
	optional_type_parameter  goto 829
	type_variance  goto 830


state 615
	and_module_binding : AND attributes . UIDENT module_binding_body post_item_attributes  (74)

	UIDENT  shift 848
	.  error


state 616
	and_class_declaration : AND attributes . virtual_flag class_type_parameters LIDENT class_fun_binding post_item_attributes  (121)
	virtual_flag : .  (714)

	VIRTUAL  shift 494
	LBRACKET  reduce 714
	LIDENT  reduce 714

	virtual_flag  goto 849


state 617
	and_class_type_declaration : AND attributes . virtual_flag class_type_parameters LIDENT EQUAL class_signature post_item_attributes  (203)
	virtual_flag : .  (714)

	VIRTUAL  shift 494
	LBRACKET  reduce 714
	LIDENT  reduce 714

	virtual_flag  goto 850


state 618
	expr : expr . COLONCOLON expr  (244)
	expr : expr . INFIXOP0 expr  (245)
	expr : expr . INFIXOP1 expr  (246)
	expr : expr . INFIXOP2 expr  (247)
	expr : expr . INFIXOP3 expr  (248)
	expr : expr . INFIXOP4 expr  (249)
	expr : expr . PLUS expr  (250)
	expr : expr . PLUSDOT expr  (251)
	expr : expr . PLUSEQ expr  (252)
	expr : expr . MINUS expr  (253)
	expr : expr . MINUSDOT expr  (254)
	expr : expr . STAR expr  (255)
	expr : expr . PERCENT expr  (256)
	expr : expr . EQUAL expr  (257)
	expr : expr . LESS expr  (258)
	expr : expr . GREATER expr  (259)
	expr : expr . OR expr  (260)
	expr : expr . BARBAR expr  (261)
	expr : expr . AMPERSAND expr  (262)
	expr : expr . AMPERAMPER expr  (263)
	expr : expr . COLONEQUAL expr  (264)
	expr : label LESSMINUS expr .  (277)
	expr : expr . attribute  (282)
	expr_comma_list : expr . COMMA expr  (384)

	AMPERAMPER  shift 333
	AMPERSAND  shift 334
	BARBAR  shift 335
	COLONCOLON  shift 336
	COLONEQUAL  shift 337
	COMMA  shift 338
	EQUAL  shift 339
	GREATER  shift 340
	INFIXOP0  shift 341
	INFIXOP1  shift 342
	INFIXOP2  shift 343
	INFIXOP3  shift 344
	INFIXOP4  shift 345
	LESS  shift 346
	LBRACKETAT  shift 185
	MINUS  shift 347
	MINUSDOT  shift 348
	OR  shift 349
	PERCENT  shift 350
	PLUS  shift 351
	PLUSDOT  shift 352
	PLUSEQ  shift 353
	STAR  shift 355
	error  reduce 277
	AND  reduce 277
	BAR  reduce 277
	BARRBRACKET  reduce 277
	CLASS  reduce 277
	COLON  reduce 277
	COLONGREATER  reduce 277
	CONSTRAINT  reduce 277
	DO  reduce 277
	DONE  reduce 277
	DOWNTO  reduce 277
	ELSE  reduce 277
	END  reduce 277
	EOF  reduce 277
	EXCEPTION  reduce 277
	EXTERNAL  reduce 277
	GREATERRBRACE  reduce 277
	IN  reduce 277
	INCLUDE  reduce 277
	INHERIT  reduce 277
	INITIALIZER  reduce 277
	LBRACKETPERCENTPERCENT  reduce 277
	LET  reduce 277
	LBRACKETATAT  reduce 277
	LBRACKETATATAT  reduce 277
	METHOD  reduce 277
	MINUSGREATER  reduce 277
	MODULE  reduce 277
	OPEN  reduce 277
	RBRACE  reduce 277
	RBRACKET  reduce 277
	RPAREN  reduce 277
	SEMI  reduce 277
	SEMISEMI  reduce 277
	HASH  reduce 277
	THEN  reduce 277
	TO  reduce 277
	TYPE  reduce 277
	VAL  reduce 277
	WITH  reduce 277

	attribute  goto 356


state 619
	expr : simple_expr DOT LBRACE . expr RBRACE LESSMINUS expr  (270)
	simple_expr : simple_expr DOT LBRACE . expr RBRACE  (314)
	simple_expr : simple_expr DOT LBRACE . expr_comma_list error  (315)

	ASSERT  shift 9
	BACKQUOTE  shift 10
	BANG  shift 11
	BEGIN  shift 12
	CHAR  shift 13
	FALSE  shift 17
	FLOAT  shift 18
	FOR  shift 19
	FUN  shift 20
	FUNCTION  shift 21
	IF  shift 22
	INT  shift 24
	LAZY  shift 25
	LBRACE  shift 26
	LBRACELESS  shift 27
	LBRACKET  shift 28
	LBRACKETBAR  shift 29
	LBRACKETPERCENT  shift 30
	LET  shift 32
	LIDENT  shift 33
	LPAREN  shift 34
	MATCH  shift 36
	MINUS  shift 37
	MINUSDOT  shift 38
	NEW  shift 40
	OBJECT  shift 41
	PLUS  shift 43
	PLUSDOT  shift 44
	PREFIXOP  shift 45
	STRING  shift 47
	TRUE  shift 48
	TRY  shift 49
	UIDENT  shift 51
	UNDERSCORE  shift 52
	WHILE  shift 54
	.  error

	mod_longident  goto 59
	extension  goto 60
	expr  goto 851
	let_bindings  goto 159
	label  goto 81
	simple_expr  goto 83
	expr_comma_list  goto 852
	constr_longident  goto 85
	name_tag  goto 86
	subtractive  goto 87
	additive  goto 88
	val_longident  goto 89
	constant  goto 90
	val_ident  goto 91
	let_binding  goto 92


state 620
	expr : simple_expr DOT LBRACKET . seq_expr RBRACKET LESSMINUS expr  (269)
	simple_expr : simple_expr DOT LBRACKET . seq_expr RBRACKET  (300)
	simple_expr : simple_expr DOT LBRACKET . seq_expr error  (301)

	ASSERT  shift 9
	BACKQUOTE  shift 10
	BANG  shift 11
	BEGIN  shift 12
	CHAR  shift 13
	FALSE  shift 17
	FLOAT  shift 18
	FOR  shift 19
	FUN  shift 20
	FUNCTION  shift 21
	IF  shift 22
	INT  shift 24
	LAZY  shift 25
	LBRACE  shift 26
	LBRACELESS  shift 27
	LBRACKET  shift 28
	LBRACKETBAR  shift 29
	LBRACKETPERCENT  shift 30
	LET  shift 32
	LIDENT  shift 33
	LPAREN  shift 34
	MATCH  shift 36
	MINUS  shift 37
	MINUSDOT  shift 38
	NEW  shift 40
	OBJECT  shift 41
	PLUS  shift 43
	PLUSDOT  shift 44
	PREFIXOP  shift 45
	STRING  shift 47
	TRUE  shift 48
	TRY  shift 49
	UIDENT  shift 51
	UNDERSCORE  shift 52
	WHILE  shift 54
	.  error

	seq_expr  goto 853
	mod_longident  goto 59
	extension  goto 60
	expr  goto 61
	let_bindings  goto 159
	label  goto 81
	simple_expr  goto 83
	expr_comma_list  goto 84
	constr_longident  goto 85
	name_tag  goto 86
	subtractive  goto 87
	additive  goto 88
	val_longident  goto 89
	constant  goto 90
	val_ident  goto 91
	let_binding  goto 92


state 621
	expr : simple_expr DOT LPAREN . seq_expr RPAREN LESSMINUS expr  (268)
	simple_expr : simple_expr DOT LPAREN . seq_expr RPAREN  (298)
	simple_expr : simple_expr DOT LPAREN . seq_expr error  (299)

	ASSERT  shift 9
	BACKQUOTE  shift 10
	BANG  shift 11
	BEGIN  shift 12
	CHAR  shift 13
	FALSE  shift 17
	FLOAT  shift 18
	FOR  shift 19
	FUN  shift 20
	FUNCTION  shift 21
	IF  shift 22
	INT  shift 24
	LAZY  shift 25
	LBRACE  shift 26
	LBRACELESS  shift 27
	LBRACKET  shift 28
	LBRACKETBAR  shift 29
	LBRACKETPERCENT  shift 30
	LET  shift 32
	LIDENT  shift 33
	LPAREN  shift 34
	MATCH  shift 36
	MINUS  shift 37
	MINUSDOT  shift 38
	NEW  shift 40
	OBJECT  shift 41
	PLUS  shift 43
	PLUSDOT  shift 44
	PREFIXOP  shift 45
	STRING  shift 47
	TRUE  shift 48
	TRY  shift 49
	UIDENT  shift 51
	UNDERSCORE  shift 52
	WHILE  shift 54
	.  error

	seq_expr  goto 854
	mod_longident  goto 59
	extension  goto 60
	expr  goto 61
	let_bindings  goto 159
	label  goto 81
	simple_expr  goto 83
	expr_comma_list  goto 84
	constr_longident  goto 85
	name_tag  goto 86
	subtractive  goto 87
	additive  goto 88
	val_longident  goto 89
	constant  goto 90
	val_ident  goto 91
	let_binding  goto 92


state 622
	expr : simple_expr DOT mod_longident . DOTOP LBRACKET expr RBRACKET LESSMINUS expr  (274)
	expr : simple_expr DOT mod_longident . DOTOP LPAREN expr RPAREN LESSMINUS expr  (275)
	expr : simple_expr DOT mod_longident . DOTOP LBRACE expr RBRACE LESSMINUS expr  (276)
	simple_expr : simple_expr DOT mod_longident . DOTOP LBRACKET expr RBRACKET  (308)
	simple_expr : simple_expr DOT mod_longident . DOTOP LBRACKET expr error  (309)
	simple_expr : simple_expr DOT mod_longident . DOTOP LPAREN expr RPAREN  (310)
	simple_expr : simple_expr DOT mod_longident . DOTOP LPAREN expr error  (311)
	simple_expr : simple_expr DOT mod_longident . DOTOP LBRACE expr RBRACE  (312)
	simple_expr : simple_expr DOT mod_longident . DOTOP LBRACE expr error  (313)
	label_longident : mod_longident . DOT LIDENT  (682)
	mod_longident : mod_longident . DOT UIDENT  (686)

	DOT  shift 691
	DOTOP  shift 855
	.  error


state 623
	expr : simple_expr DOT label_longident . LESSMINUS expr  (267)
	simple_expr : simple_expr DOT label_longident .  (294)

	LESSMINUS  shift 856
	error  reduce 294
	AMPERAMPER  reduce 294
	AMPERSAND  reduce 294
	AND  reduce 294
	BACKQUOTE  reduce 294
	BANG  reduce 294
	BAR  reduce 294
	BARBAR  reduce 294
	BARRBRACKET  reduce 294
	BEGIN  reduce 294
	CHAR  reduce 294
	CLASS  reduce 294
	COLON  reduce 294
	COLONCOLON  reduce 294
	COLONEQUAL  reduce 294
	COLONGREATER  reduce 294
	COMMA  reduce 294
	CONSTRAINT  reduce 294
	DO  reduce 294
	DONE  reduce 294
	DOT  reduce 294
	DOWNTO  reduce 294
	ELSE  reduce 294
	END  reduce 294
	EOF  reduce 294
	EQUAL  reduce 294
	EXCEPTION  reduce 294
	EXTERNAL  reduce 294
	FALSE  reduce 294
	FLOAT  reduce 294
	GREATER  reduce 294
	GREATERRBRACE  reduce 294
	IN  reduce 294
	INCLUDE  reduce 294
	INFIXOP0  reduce 294
	INFIXOP1  reduce 294
	INFIXOP2  reduce 294
	INFIXOP3  reduce 294
	INFIXOP4  reduce 294
	DOTOP  reduce 294
	INHERIT  reduce 294
	INITIALIZER  reduce 294
	INT  reduce 294
	LABEL  reduce 294
	LBRACE  reduce 294
	LBRACELESS  reduce 294
	LBRACKET  reduce 294
	LBRACKETBAR  reduce 294
	LBRACKETPERCENT  reduce 294
	LBRACKETPERCENTPERCENT  reduce 294
	LESS  reduce 294
	LET  reduce 294
	LIDENT  reduce 294
	LPAREN  reduce 294
	LBRACKETAT  reduce 294
	LBRACKETATAT  reduce 294
	LBRACKETATATAT  reduce 294
	METHOD  reduce 294
	MINUS  reduce 294
	MINUSDOT  reduce 294
	MINUSGREATER  reduce 294
	MODULE  reduce 294
	NEW  reduce 294
	OPEN  reduce 294
	OPTLABEL  reduce 294
	OR  reduce 294
	PERCENT  reduce 294
	PLUS  reduce 294
	PLUSDOT  reduce 294
	PLUSEQ  reduce 294
	PREFIXOP  reduce 294
	QUESTION  reduce 294
	RBRACE  reduce 294
	RBRACKET  reduce 294
	RPAREN  reduce 294
	SEMI  reduce 294
	SEMISEMI  reduce 294
	HASH  reduce 294
	HASHOP  reduce 294
	STAR  reduce 294
	STRING  reduce 294
	THEN  reduce 294
	TILDE  reduce 294
	TO  reduce 294
	TRUE  reduce 294
	TYPE  reduce 294
	UIDENT  reduce 294
	VAL  reduce 294
	WITH  reduce 294


state 624
	expr : simple_expr DOTOP LBRACE . expr RBRACE LESSMINUS expr  (273)
	simple_expr : simple_expr DOTOP LBRACE . expr RBRACE  (306)
	simple_expr : simple_expr DOTOP LBRACE . expr error  (307)

	ASSERT  shift 9
	BACKQUOTE  shift 10
	BANG  shift 11
	BEGIN  shift 12
	CHAR  shift 13
	FALSE  shift 17
	FLOAT  shift 18
	FOR  shift 19
	FUN  shift 20
	FUNCTION  shift 21
	IF  shift 22
	INT  shift 24
	LAZY  shift 25
	LBRACE  shift 26
	LBRACELESS  shift 27
	LBRACKET  shift 28
	LBRACKETBAR  shift 29
	LBRACKETPERCENT  shift 30
	LET  shift 32
	LIDENT  shift 33
	LPAREN  shift 34
	MATCH  shift 36
	MINUS  shift 37
	MINUSDOT  shift 38
	NEW  shift 40
	OBJECT  shift 41
	PLUS  shift 43
	PLUSDOT  shift 44
	PREFIXOP  shift 45
	STRING  shift 47
	TRUE  shift 48
	TRY  shift 49
	UIDENT  shift 51
	UNDERSCORE  shift 52
	WHILE  shift 54
	.  error

	mod_longident  goto 59
	extension  goto 60
	expr  goto 857
	let_bindings  goto 159
	label  goto 81
	simple_expr  goto 83
	expr_comma_list  goto 84
	constr_longident  goto 85
	name_tag  goto 86
	subtractive  goto 87
	additive  goto 88
	val_longident  goto 89
	constant  goto 90
	val_ident  goto 91
	let_binding  goto 92


state 625
	expr : simple_expr DOTOP LBRACKET . expr RBRACKET LESSMINUS expr  (271)
	simple_expr : simple_expr DOTOP LBRACKET . expr RBRACKET  (302)
	simple_expr : simple_expr DOTOP LBRACKET . expr error  (303)

	ASSERT  shift 9
	BACKQUOTE  shift 10
	BANG  shift 11
	BEGIN  shift 12
	CHAR  shift 13
	FALSE  shift 17
	FLOAT  shift 18
	FOR  shift 19
	FUN  shift 20
	FUNCTION  shift 21
	IF  shift 22
	INT  shift 24
	LAZY  shift 25
	LBRACE  shift 26
	LBRACELESS  shift 27
	LBRACKET  shift 28
	LBRACKETBAR  shift 29
	LBRACKETPERCENT  shift 30
	LET  shift 32
	LIDENT  shift 33
	LPAREN  shift 34
	MATCH  shift 36
	MINUS  shift 37
	MINUSDOT  shift 38
	NEW  shift 40
	OBJECT  shift 41
	PLUS  shift 43
	PLUSDOT  shift 44
	PREFIXOP  shift 45
	STRING  shift 47
	TRUE  shift 48
	TRY  shift 49
	UIDENT  shift 51
	UNDERSCORE  shift 52
	WHILE  shift 54
	.  error

	mod_longident  goto 59
	extension  goto 60
	expr  goto 858
	let_bindings  goto 159
	label  goto 81
	simple_expr  goto 83
	expr_comma_list  goto 84
	constr_longident  goto 85
	name_tag  goto 86
	subtractive  goto 87
	additive  goto 88
	val_longident  goto 89
	constant  goto 90
	val_ident  goto 91
	let_binding  goto 92


state 626
	expr : simple_expr DOTOP LPAREN . expr RPAREN LESSMINUS expr  (272)
	simple_expr : simple_expr DOTOP LPAREN . expr RPAREN  (304)
	simple_expr : simple_expr DOTOP LPAREN . expr error  (305)

	ASSERT  shift 9
	BACKQUOTE  shift 10
	BANG  shift 11
	BEGIN  shift 12
	CHAR  shift 13
	FALSE  shift 17
	FLOAT  shift 18
	FOR  shift 19
	FUN  shift 20
	FUNCTION  shift 21
	IF  shift 22
	INT  shift 24
	LAZY  shift 25
	LBRACE  shift 26
	LBRACELESS  shift 27
	LBRACKET  shift 28
	LBRACKETBAR  shift 29
	LBRACKETPERCENT  shift 30
	LET  shift 32
	LIDENT  shift 33
	LPAREN  shift 34
	MATCH  shift 36
	MINUS  shift 37
	MINUSDOT  shift 38
	NEW  shift 40
	OBJECT  shift 41
	PLUS  shift 43
	PLUSDOT  shift 44
	PREFIXOP  shift 45
	STRING  shift 47
	TRUE  shift 48
	TRY  shift 49
	UIDENT  shift 51
	UNDERSCORE  shift 52
	WHILE  shift 54
	.  error

	mod_longident  goto 59
	extension  goto 60
	expr  goto 859
	let_bindings  goto 159
	label  goto 81
	simple_expr  goto 83
	expr_comma_list  goto 84
	constr_longident  goto 85
	name_tag  goto 86
	subtractive  goto 87
	additive  goto 88
	val_longident  goto 89
	constant  goto 90
	val_ident  goto 91
	let_binding  goto 92


state 627
	simple_expr : simple_expr . DOT label_longident  (294)
	simple_expr : simple_expr . DOT LPAREN seq_expr RPAREN  (298)
	simple_expr : simple_expr . DOT LPAREN seq_expr error  (299)
	simple_expr : simple_expr . DOT LBRACKET seq_expr RBRACKET  (300)
	simple_expr : simple_expr . DOT LBRACKET seq_expr error  (301)
	simple_expr : simple_expr . DOTOP LBRACKET expr RBRACKET  (302)
	simple_expr : simple_expr . DOTOP LBRACKET expr error  (303)
	simple_expr : simple_expr . DOTOP LPAREN expr RPAREN  (304)
	simple_expr : simple_expr . DOTOP LPAREN expr error  (305)
	simple_expr : simple_expr . DOTOP LBRACE expr RBRACE  (306)
	simple_expr : simple_expr . DOTOP LBRACE expr error  (307)
	simple_expr : simple_expr . DOT mod_longident DOTOP LBRACKET expr RBRACKET  (308)
	simple_expr : simple_expr . DOT mod_longident DOTOP LBRACKET expr error  (309)
	simple_expr : simple_expr . DOT mod_longident DOTOP LPAREN expr RPAREN  (310)
	simple_expr : simple_expr . DOT mod_longident DOTOP LPAREN expr error  (311)
	simple_expr : simple_expr . DOT mod_longident DOTOP LBRACE expr RBRACE  (312)
	simple_expr : simple_expr . DOT mod_longident DOTOP LBRACE expr error  (313)
	simple_expr : simple_expr . DOT LBRACE expr RBRACE  (314)
	simple_expr : simple_expr . DOT LBRACE expr_comma_list error  (315)
	simple_expr : simple_expr . HASH label  (340)
	simple_expr : simple_expr . HASHOP simple_expr  (341)
	label_expr : LABEL simple_expr .  (352)

	DOT  shift 489
	DOTOP  shift 490
	HASH  shift 375
	HASHOP  shift 376
	error  reduce 352
	AMPERAMPER  reduce 352
	AMPERSAND  reduce 352
	AND  reduce 352
	AS  reduce 352
	BACKQUOTE  reduce 352
	BANG  reduce 352
	BAR  reduce 352
	BARBAR  reduce 352
	BARRBRACKET  reduce 352
	BEGIN  reduce 352
	CHAR  reduce 352
	CLASS  reduce 352
	COLON  reduce 352
	COLONCOLON  reduce 352
	COLONEQUAL  reduce 352
	COLONGREATER  reduce 352
	COMMA  reduce 352
	CONSTRAINT  reduce 352
	DO  reduce 352
	DONE  reduce 352
	DOWNTO  reduce 352
	ELSE  reduce 352
	END  reduce 352
	EOF  reduce 352
	EQUAL  reduce 352
	EXCEPTION  reduce 352
	EXTERNAL  reduce 352
	FALSE  reduce 352
	FLOAT  reduce 352
	GREATER  reduce 352
	GREATERRBRACE  reduce 352
	IN  reduce 352
	INCLUDE  reduce 352
	INFIXOP0  reduce 352
	INFIXOP1  reduce 352
	INFIXOP2  reduce 352
	INFIXOP3  reduce 352
	INFIXOP4  reduce 352
	INHERIT  reduce 352
	INITIALIZER  reduce 352
	INT  reduce 352
	LABEL  reduce 352
	LBRACE  reduce 352
	LBRACELESS  reduce 352
	LBRACKET  reduce 352
	LBRACKETBAR  reduce 352
	LBRACKETPERCENT  reduce 352
	LBRACKETPERCENTPERCENT  reduce 352
	LESS  reduce 352
	LET  reduce 352
	LIDENT  reduce 352
	LPAREN  reduce 352
	LBRACKETAT  reduce 352
	LBRACKETATAT  reduce 352
	LBRACKETATATAT  reduce 352
	METHOD  reduce 352
	MINUS  reduce 352
	MINUSDOT  reduce 352
	MINUSGREATER  reduce 352
	MODULE  reduce 352
	NEW  reduce 352
	OPEN  reduce 352
	OPTLABEL  reduce 352
	OR  reduce 352
	PERCENT  reduce 352
	PLUS  reduce 352
	PLUSDOT  reduce 352
	PLUSEQ  reduce 352
	PREFIXOP  reduce 352
	QUESTION  reduce 352
	RBRACE  reduce 352
	RBRACKET  reduce 352
	RPAREN  reduce 352
	SEMI  reduce 352
	SEMISEMI  reduce 352
	STAR  reduce 352
	STRING  reduce 352
	THEN  reduce 352
	TILDE  reduce 352
	TO  reduce 352
	TRUE  reduce 352
	TYPE  reduce 352
	UIDENT  reduce 352
	VAL  reduce 352
	WITH  reduce 352


state 628
	simple_expr : simple_expr . DOT label_longident  (294)
	simple_expr : simple_expr . DOT LPAREN seq_expr RPAREN  (298)
	simple_expr : simple_expr . DOT LPAREN seq_expr error  (299)
	simple_expr : simple_expr . DOT LBRACKET seq_expr RBRACKET  (300)
	simple_expr : simple_expr . DOT LBRACKET seq_expr error  (301)
	simple_expr : simple_expr . DOTOP LBRACKET expr RBRACKET  (302)
	simple_expr : simple_expr . DOTOP LBRACKET expr error  (303)
	simple_expr : simple_expr . DOTOP LPAREN expr RPAREN  (304)
	simple_expr : simple_expr . DOTOP LPAREN expr error  (305)
	simple_expr : simple_expr . DOTOP LBRACE expr RBRACE  (306)
	simple_expr : simple_expr . DOTOP LBRACE expr error  (307)
	simple_expr : simple_expr . DOT mod_longident DOTOP LBRACKET expr RBRACKET  (308)
	simple_expr : simple_expr . DOT mod_longident DOTOP LBRACKET expr error  (309)
	simple_expr : simple_expr . DOT mod_longident DOTOP LPAREN expr RPAREN  (310)
	simple_expr : simple_expr . DOT mod_longident DOTOP LPAREN expr error  (311)
	simple_expr : simple_expr . DOT mod_longident DOTOP LBRACE expr RBRACE  (312)
	simple_expr : simple_expr . DOT mod_longident DOTOP LBRACE expr error  (313)
	simple_expr : simple_expr . DOT LBRACE expr RBRACE  (314)
	simple_expr : simple_expr . DOT LBRACE expr_comma_list error  (315)
	simple_expr : simple_expr . HASH label  (340)
	simple_expr : simple_expr . HASHOP simple_expr  (341)
	label_expr : OPTLABEL simple_expr .  (355)

	DOT  shift 489
	DOTOP  shift 490
	HASH  shift 375
	HASHOP  shift 376
	error  reduce 355
	AMPERAMPER  reduce 355
	AMPERSAND  reduce 355
	AND  reduce 355
	AS  reduce 355
	BACKQUOTE  reduce 355
	BANG  reduce 355
	BAR  reduce 355
	BARBAR  reduce 355
	BARRBRACKET  reduce 355
	BEGIN  reduce 355
	CHAR  reduce 355
	CLASS  reduce 355
	COLON  reduce 355
	COLONCOLON  reduce 355
	COLONEQUAL  reduce 355
	COLONGREATER  reduce 355
	COMMA  reduce 355
	CONSTRAINT  reduce 355
	DO  reduce 355
	DONE  reduce 355
	DOWNTO  reduce 355
	ELSE  reduce 355
	END  reduce 355
	EOF  reduce 355
	EQUAL  reduce 355
	EXCEPTION  reduce 355
	EXTERNAL  reduce 355
	FALSE  reduce 355
	FLOAT  reduce 355
	GREATER  reduce 355
	GREATERRBRACE  reduce 355
	IN  reduce 355
	INCLUDE  reduce 355
	INFIXOP0  reduce 355
	INFIXOP1  reduce 355
	INFIXOP2  reduce 355
	INFIXOP3  reduce 355
	INFIXOP4  reduce 355
	INHERIT  reduce 355
	INITIALIZER  reduce 355
	INT  reduce 355
	LABEL  reduce 355
	LBRACE  reduce 355
	LBRACELESS  reduce 355
	LBRACKET  reduce 355
	LBRACKETBAR  reduce 355
	LBRACKETPERCENT  reduce 355
	LBRACKETPERCENTPERCENT  reduce 355
	LESS  reduce 355
	LET  reduce 355
	LIDENT  reduce 355
	LPAREN  reduce 355
	LBRACKETAT  reduce 355
	LBRACKETATAT  reduce 355
	LBRACKETATATAT  reduce 355
	METHOD  reduce 355
	MINUS  reduce 355
	MINUSDOT  reduce 355
	MINUSGREATER  reduce 355
	MODULE  reduce 355
	NEW  reduce 355
	OPEN  reduce 355
	OPTLABEL  reduce 355
	OR  reduce 355
	PERCENT  reduce 355
	PLUS  reduce 355
	PLUSDOT  reduce 355
	PLUSEQ  reduce 355
	PREFIXOP  reduce 355
	QUESTION  reduce 355
	RBRACE  reduce 355
	RBRACKET  reduce 355
	RPAREN  reduce 355
	SEMI  reduce 355
	SEMISEMI  reduce 355
	STAR  reduce 355
	STRING  reduce 355
	THEN  reduce 355
	TILDE  reduce 355
	TO  reduce 355
	TRUE  reduce 355
	TYPE  reduce 355
	UIDENT  reduce 355
	VAL  reduce 355
	WITH  reduce 355


state 629
	label_ident : LIDENT .  (356)

	.  reduce 356


state 630
	label_expr : QUESTION label_ident .  (354)

	.  reduce 354


state 631
	simple_expr : simple_expr HASH label .  (340)

	.  reduce 340


state 632
	simple_expr : simple_expr . DOT label_longident  (294)
	simple_expr : simple_expr . DOT LPAREN seq_expr RPAREN  (298)
	simple_expr : simple_expr . DOT LPAREN seq_expr error  (299)
	simple_expr : simple_expr . DOT LBRACKET seq_expr RBRACKET  (300)
	simple_expr : simple_expr . DOT LBRACKET seq_expr error  (301)
	simple_expr : simple_expr . DOTOP LBRACKET expr RBRACKET  (302)
	simple_expr : simple_expr . DOTOP LBRACKET expr error  (303)
	simple_expr : simple_expr . DOTOP LPAREN expr RPAREN  (304)
	simple_expr : simple_expr . DOTOP LPAREN expr error  (305)
	simple_expr : simple_expr . DOTOP LBRACE expr RBRACE  (306)
	simple_expr : simple_expr . DOTOP LBRACE expr error  (307)
	simple_expr : simple_expr . DOT mod_longident DOTOP LBRACKET expr RBRACKET  (308)
	simple_expr : simple_expr . DOT mod_longident DOTOP LBRACKET expr error  (309)
	simple_expr : simple_expr . DOT mod_longident DOTOP LPAREN expr RPAREN  (310)
	simple_expr : simple_expr . DOT mod_longident DOTOP LPAREN expr error  (311)
	simple_expr : simple_expr . DOT mod_longident DOTOP LBRACE expr RBRACE  (312)
	simple_expr : simple_expr . DOT mod_longident DOTOP LBRACE expr error  (313)
	simple_expr : simple_expr . DOT LBRACE expr RBRACE  (314)
	simple_expr : simple_expr . DOT LBRACE expr_comma_list error  (315)
	simple_expr : simple_expr . HASH label  (340)
	simple_expr : simple_expr . HASHOP simple_expr  (341)
	simple_expr : simple_expr HASHOP simple_expr .  (341)

	DOT  shift 489
	DOTOP  shift 490
	error  reduce 341
	AMPERAMPER  reduce 341
	AMPERSAND  reduce 341
	AND  reduce 341
	AS  reduce 341
	BACKQUOTE  reduce 341
	BANG  reduce 341
	BAR  reduce 341
	BARBAR  reduce 341
	BARRBRACKET  reduce 341
	BEGIN  reduce 341
	CHAR  reduce 341
	CLASS  reduce 341
	COLON  reduce 341
	COLONCOLON  reduce 341
	COLONEQUAL  reduce 341
	COLONGREATER  reduce 341
	COMMA  reduce 341
	CONSTRAINT  reduce 341
	DO  reduce 341
	DONE  reduce 341
	DOWNTO  reduce 341
	ELSE  reduce 341
	END  reduce 341
	EOF  reduce 341
	EQUAL  reduce 341
	EXCEPTION  reduce 341
	EXTERNAL  reduce 341
	FALSE  reduce 341
	FLOAT  reduce 341
	GREATER  reduce 341
	GREATERRBRACE  reduce 341
	IN  reduce 341
	INCLUDE  reduce 341
	INFIXOP0  reduce 341
	INFIXOP1  reduce 341
	INFIXOP2  reduce 341
	INFIXOP3  reduce 341
	INFIXOP4  reduce 341
	INHERIT  reduce 341
	INITIALIZER  reduce 341
	INT  reduce 341
	LABEL  reduce 341
	LBRACE  reduce 341
	LBRACELESS  reduce 341
	LBRACKET  reduce 341
	LBRACKETBAR  reduce 341
	LBRACKETPERCENT  reduce 341
	LBRACKETPERCENTPERCENT  reduce 341
	LESS  reduce 341
	LET  reduce 341
	LIDENT  reduce 341
	LPAREN  reduce 341
	LBRACKETAT  reduce 341
	LBRACKETATAT  reduce 341
	LBRACKETATATAT  reduce 341
	METHOD  reduce 341
	MINUS  reduce 341
	MINUSDOT  reduce 341
	MINUSGREATER  reduce 341
	MODULE  reduce 341
	NEW  reduce 341
	OPEN  reduce 341
	OPTLABEL  reduce 341
	OR  reduce 341
	PERCENT  reduce 341
	PLUS  reduce 341
	PLUSDOT  reduce 341
	PLUSEQ  reduce 341
	PREFIXOP  reduce 341
	QUESTION  reduce 341
	RBRACE  reduce 341
	RBRACKET  reduce 341
	RPAREN  reduce 341
	SEMI  reduce 341
	SEMISEMI  reduce 341
	HASH  reduce 341
	HASHOP  reduce 341
	STAR  reduce 341
	STRING  reduce 341
	THEN  reduce 341
	TILDE  reduce 341
	TO  reduce 341
	TRUE  reduce 341
	TYPE  reduce 341
	UIDENT  reduce 341
	VAL  reduce 341
	WITH  reduce 341


state 633
	label_expr : TILDE label_ident .  (353)

	.  reduce 353


state 634
	simple_labeled_expr_list : simple_labeled_expr_list labeled_simple_expr .  (349)

	.  reduce 349


state 635
	expr : expr . COLONCOLON expr  (244)
	expr : expr . INFIXOP0 expr  (245)
	expr : expr . INFIXOP1 expr  (246)
	expr : expr . INFIXOP2 expr  (247)
	expr : expr . INFIXOP3 expr  (248)
	expr : expr . INFIXOP4 expr  (249)
	expr : expr . PLUS expr  (250)
	expr : expr . PLUSDOT expr  (251)
	expr : expr . PLUSEQ expr  (252)
	expr : expr . MINUS expr  (253)
	expr : expr . MINUSDOT expr  (254)
	expr : expr . STAR expr  (255)
	expr : expr . PERCENT expr  (256)
	expr : expr . EQUAL expr  (257)
	expr : expr . LESS expr  (258)
	expr : expr . GREATER expr  (259)
	expr : expr . OR expr  (260)
	expr : expr . BARBAR expr  (261)
	expr : expr . AMPERSAND expr  (262)
	expr : expr . AMPERAMPER expr  (263)
	expr : expr . COLONEQUAL expr  (264)
	expr : expr . attribute  (282)
	expr_comma_list : expr_comma_list COMMA expr .  (383)
	expr_comma_list : expr . COMMA expr  (384)

	AMPERAMPER  shift 333
	AMPERSAND  shift 334
	BARBAR  shift 335
	COLONCOLON  shift 336
	EQUAL  shift 339
	GREATER  shift 340
	INFIXOP0  shift 341
	INFIXOP1  shift 342
	INFIXOP2  shift 343
	INFIXOP3  shift 344
	INFIXOP4  shift 345
	LESS  shift 346
	LBRACKETAT  shift 185
	MINUS  shift 347
	MINUSDOT  shift 348
	OR  shift 349
	PERCENT  shift 350
	PLUS  shift 351
	PLUSDOT  shift 352
	PLUSEQ  shift 353
	STAR  shift 355
	error  reduce 383
	AND  reduce 383
	BAR  reduce 383
	BARRBRACKET  reduce 383
	CLASS  reduce 383
	COLON  reduce 383
	COLONEQUAL  reduce 383
	COLONGREATER  reduce 383
	COMMA  reduce 383
	CONSTRAINT  reduce 383
	DO  reduce 383
	DONE  reduce 383
	DOWNTO  reduce 383
	ELSE  reduce 383
	END  reduce 383
	EOF  reduce 383
	EXCEPTION  reduce 383
	EXTERNAL  reduce 383
	GREATERRBRACE  reduce 383
	IN  reduce 383
	INCLUDE  reduce 383
	INHERIT  reduce 383
	INITIALIZER  reduce 383
	LBRACKETPERCENTPERCENT  reduce 383
	LET  reduce 383
	LBRACKETATAT  reduce 383
	LBRACKETATATAT  reduce 383
	METHOD  reduce 383
	MINUSGREATER  reduce 383
	MODULE  reduce 383
	OPEN  reduce 383
	RBRACE  reduce 383
	RBRACKET  reduce 383
	RPAREN  reduce 383
	SEMI  reduce 383
	SEMISEMI  reduce 383
	HASH  reduce 383
	THEN  reduce 383
	TO  reduce 383
	TYPE  reduce 383
	VAL  reduce 383
	WITH  reduce 383

	attribute  goto 356


state 636
	class_description : CLASS ext_attributes virtual_flag . class_type_parameters LIDENT COLON class_type post_item_attributes  (198)
	class_type_parameters : .  (125)

	LBRACKET  shift 731
	LIDENT  reduce 125

	class_type_parameters  goto 860


state 637
	sig_exception_declaration : EXCEPTION ext_attributes constr_ident . generalized_constructor_arguments attributes post_item_attributes  (519)
	generalized_constructor_arguments : .  (521)

	COLON  shift 736
	OF  shift 738
	error  reduce 521
	CLASS  reduce 521
	END  reduce 521
	EOF  reduce 521
	EXCEPTION  reduce 521
	EXTERNAL  reduce 521
	INCLUDE  reduce 521
	LBRACKETPERCENTPERCENT  reduce 521
	LBRACKETAT  reduce 521
	LBRACKETATAT  reduce 521
	LBRACKETATATAT  reduce 521
	MODULE  reduce 521
	OPEN  reduce 521
	RBRACKET  reduce 521
	SEMISEMI  reduce 521
	TYPE  reduce 521
	VAL  reduce 521

	generalized_constructor_arguments  goto 739


state 638
	module_type : FUNCTOR . attributes functor_args MINUSGREATER module_type  (78)
	attributes : .  (789)

	LBRACKETAT  shift 185
	LPAREN  reduce 789

	attributes  goto 861
	attribute  goto 487


state 639
	module_type : LPAREN . module_type RPAREN  (82)
	module_type : LPAREN . module_type error  (83)

	FUNCTOR  shift 638
	LBRACKETPERCENT  shift 30
	LIDENT  shift 189
	LPAREN  shift 639
	MODULE  shift 640
	SIG  shift 641
	UIDENT  shift 642
	.  error

	module_type  goto 862
	extension  goto 644
	mty_longident  goto 645
	ident  goto 646
	mod_ext_longident  goto 647


state 640
	module_type : MODULE . TYPE OF attributes module_expr  (81)

	TYPE  shift 863
	.  error


state 641
	module_type : SIG . attributes signature END  (76)
	module_type : SIG . attributes signature error  (77)
	attributes : .  (789)

	LBRACKETAT  shift 185
	error  reduce 789
	CLASS  reduce 789
	END  reduce 789
	EXCEPTION  reduce 789
	EXTERNAL  reduce 789
	INCLUDE  reduce 789
	LBRACKETPERCENTPERCENT  reduce 789
	LBRACKETATATAT  reduce 789
	MODULE  reduce 789
	OPEN  reduce 789
	SEMISEMI  reduce 789
	TYPE  reduce 789
	VAL  reduce 789

	attributes  goto 864
	attribute  goto 487


state 642
	ident : UIDENT .  (630)
	mod_ext_longident : UIDENT .  (687)

	error  reduce 630
	AND  reduce 630
	CLASS  reduce 630
	COLONGREATER  reduce 630
	DOT  reduce 687
	END  reduce 630
	EOF  reduce 630
	EQUAL  reduce 630
	EXCEPTION  reduce 630
	EXTERNAL  reduce 630
	INCLUDE  reduce 630
	LBRACKETPERCENTPERCENT  reduce 630
	LET  reduce 630
	LPAREN  reduce 687
	LBRACKETAT  reduce 630
	LBRACKETATAT  reduce 630
	LBRACKETATATAT  reduce 630
	MINUSGREATER  reduce 630
	MODULE  reduce 630
	OPEN  reduce 630
	RBRACKET  reduce 630
	RPAREN  reduce 630
	SEMISEMI  reduce 630
	HASH  reduce 630
	TYPE  reduce 630
	VAL  reduce 630
	WITH  reduce 630


state 643
	module_type : module_type . MINUSGREATER module_type  (79)
	module_type : module_type . WITH with_constraints  (80)
	module_type : module_type . attribute  (85)
	sig_include_statement : INCLUDE ext_attributes module_type . post_item_attributes  (105)
	post_item_attributes : .  (787)

	LBRACKETAT  shift 185
	LBRACKETATAT  shift 326
	MINUSGREATER  shift 865
	WITH  shift 866
	error  reduce 787
	CLASS  reduce 787
	END  reduce 787
	EOF  reduce 787
	EXCEPTION  reduce 787
	EXTERNAL  reduce 787
	INCLUDE  reduce 787
	LBRACKETPERCENTPERCENT  reduce 787
	LBRACKETATATAT  reduce 787
	MODULE  reduce 787
	OPEN  reduce 787
	RBRACKET  reduce 787
	SEMISEMI  reduce 787
	TYPE  reduce 787
	VAL  reduce 787

	post_item_attributes  goto 867
	attribute  goto 868
	post_item_attribute  goto 328


state 644
	module_type : extension .  (84)

	.  reduce 84


state 645
	module_type : mty_longident .  (75)

	.  reduce 75


state 646
	mty_longident : ident .  (690)

	.  reduce 690


state 647
	mod_ext_longident : mod_ext_longident . DOT UIDENT  (688)
	mod_ext_longident : mod_ext_longident . LPAREN mod_ext_longident RPAREN  (689)
	mty_longident : mod_ext_longident . DOT ident  (691)

	DOT  shift 869
	LPAREN  shift 443
	.  error


state 648
	rec_module_declaration : MODULE ext_attributes REC . UIDENT COLON module_type post_item_attributes  (113)

	UIDENT  shift 870
	.  error


state 649
	module_declaration : MODULE ext_attributes UIDENT . module_declaration_body post_item_attributes  (109)
	module_alias : MODULE ext_attributes UIDENT . EQUAL mod_longident post_item_attributes  (110)

	COLON  shift 871
	EQUAL  shift 872
	LPAREN  shift 873
	.  error

	module_declaration_body  goto 874


state 650
	type_declaration : TYPE ext_attributes nonrec_flag . optional_type_parameters LIDENT type_kind constraints post_item_attributes  (481)
	sig_type_extension : TYPE ext_attributes nonrec_flag . optional_type_parameters type_longident PLUSEQ private_flag sig_extension_constructors post_item_attributes  (533)
	optional_type_parameters : .  (496)
	type_variance : .  (505)

	LPAREN  shift 825
	MINUS  shift 826
	PLUS  shift 827
	LIDENT  reduce 496
	QUOTE  reduce 505
	UIDENT  reduce 496
	UNDERSCORE  reduce 505

	optional_type_parameters  goto 875
	optional_type_parameter  goto 829
	type_variance  goto 830


state 651
	and_module_declaration : AND attributes . UIDENT COLON module_type post_item_attributes  (114)

	UIDENT  shift 876
	.  error


state 652
	and_class_description : AND attributes . virtual_flag class_type_parameters LIDENT COLON class_type post_item_attributes  (199)
	virtual_flag : .  (714)

	VIRTUAL  shift 494
	LBRACKET  reduce 714
	LIDENT  reduce 714

	virtual_flag  goto 877


state 653
	toplevel_directive : HASH ident FALSE .  (701)

	.  reduce 701


state 654
	toplevel_directive : HASH ident INT .  (698)

	.  reduce 698


state 655
	toplevel_directive : HASH ident STRING .  (697)

	.  reduce 697


state 656
	toplevel_directive : HASH ident TRUE .  (702)

	.  reduce 702


state 657
	val_longident : mod_longident . DOT val_ident  (673)
	mod_longident : mod_longident . DOT UIDENT  (686)
	toplevel_directive : HASH ident mod_longident .  (700)

	DOT  shift 878
	CLASS  reduce 700
	EOF  reduce 700
	EXCEPTION  reduce 700
	EXTERNAL  reduce 700
	INCLUDE  reduce 700
	LBRACKETPERCENTPERCENT  reduce 700
	LET  reduce 700
	LBRACKETATATAT  reduce 700
	MODULE  reduce 700
	OPEN  reduce 700
	SEMISEMI  reduce 700
	HASH  reduce 700
	TYPE  reduce 700
	VAL  reduce 700


state 658
	toplevel_directive : HASH ident val_longident .  (699)

	.  reduce 699


state 659
	use_file_body : seq_expr post_item_attributes use_file_tail .  (12)

	.  reduce 12


state 660
	row_field : tag_field .  (594)

	.  reduce 594


state 661
	simple_core_type2 : LBRACKET BAR row_field_list . RBRACKET  (583)
	row_field_list : row_field_list . BAR row_field  (593)

	BAR  shift 879
	RBRACKET  shift 880
	.  error


state 662
	row_field_list : row_field .  (592)

	.  reduce 592


state 663
	tag_field : name_tag OF . opt_ampersand amper_type_list attributes  (596)
	opt_ampersand : .  (599)

	AMPERSAND  shift 881
	LBRACKET  reduce 599
	LBRACKETLESS  reduce 599
	LBRACKETGREATER  reduce 599
	LBRACKETPERCENT  reduce 599
	LESS  reduce 599
	LIDENT  reduce 599
	LPAREN  reduce 599
	OPTLABEL  reduce 599
	QUESTION  reduce 599
	QUOTE  reduce 599
	HASH  reduce 599
	UIDENT  reduce 599
	UNDERSCORE  reduce 599

	opt_ampersand  goto 882


state 664
	tag_field : name_tag attributes .  (597)

	.  reduce 597


state 665
	simple_core_type2 : LBRACKET tag_field RBRACKET .  (582)

	.  reduce 582


state 666
	simple_core_type2 : LBRACKET row_field BAR . row_field_list RBRACKET  (584)

	BACKQUOTE  shift 10
	LBRACKET  shift 135
	LBRACKETLESS  shift 136
	LBRACKETGREATER  shift 137
	LBRACKETPERCENT  shift 30
	LESS  shift 138
	LIDENT  shift 411
	LPAREN  shift 140
	QUOTE  shift 143
	HASH  shift 144
	UIDENT  shift 145
	UNDERSCORE  shift 146
	.  error

	extension  goto 149
	name_tag  goto 412
	simple_core_type  goto 413
	type_longident  goto 152
	mod_ext_longident  goto 154
	simple_core_type2  goto 156
	tag_field  goto 660
	row_field_list  goto 883
	row_field  goto 662


state 667
	simple_core_type2 : LBRACKETLESS opt_bar row_field_list . RBRACKET  (587)
	simple_core_type2 : LBRACKETLESS opt_bar row_field_list . GREATER name_tag_list RBRACKET  (588)
	row_field_list : row_field_list . BAR row_field  (593)

	BAR  shift 879
	GREATER  shift 884
	RBRACKET  shift 885
	.  error


state 668
	simple_core_type2 : LBRACKETGREATER opt_bar row_field_list . RBRACKET  (585)
	row_field_list : row_field_list . BAR row_field  (593)

	BAR  shift 879
	RBRACKET  shift 886
	.  error


state 669
	field : label COLON . poly_type_no_attr attributes  (617)
	field_semi : label COLON . poly_type_no_attr attributes SEMI attributes  (618)

	LBRACKET  shift 135
	LBRACKETLESS  shift 136
	LBRACKETGREATER  shift 137
	LBRACKETPERCENT  shift 30
	LESS  shift 138
	LIDENT  shift 139
	LPAREN  shift 140
	OPTLABEL  shift 141
	QUESTION  shift 142
	QUOTE  shift 887
	HASH  shift 144
	UIDENT  shift 145
	UNDERSCORE  shift 146
	.  error

	extension  goto 149
	simple_core_type_or_tuple  goto 150
	typevar_list  goto 888
	simple_core_type  goto 151
	type_longident  goto 152
	poly_type_no_attr  goto 889
	core_type_no_attr  goto 890
	mod_ext_longident  goto 154
	core_type2  goto 155
	simple_core_type2  goto 156


state 670
	inherit_field_semi : simple_core_type SEMI .  (619)

	.  reduce 619


state 671
	simple_core_type2 : LESS meth_list GREATER .  (577)

	.  reduce 577


state 672
	meth_list : field_semi meth_list .  (610)

	.  reduce 610


state 673
	meth_list : inherit_field_semi meth_list .  (611)

	.  reduce 611


state 674
	core_type2 : LIDENT COLON core_type2 . MINUSGREATER core_type2  (568)
	core_type2 : core_type2 . MINUSGREATER core_type2  (569)

	MINUSGREATER  shift 891
	.  error


state 675
	simple_core_type2 : LPAREN MODULE ext_attributes . package_type RPAREN  (589)

	FUNCTOR  shift 638
	LBRACKETPERCENT  shift 30
	LIDENT  shift 189
	LPAREN  shift 639
	MODULE  shift 640
	SIG  shift 641
	UIDENT  shift 642
	.  error

	module_type  goto 892
	extension  goto 644
	package_type  goto 893
	mty_longident  goto 645
	ident  goto 646
	mod_ext_longident  goto 647


state 676
	core_type_comma_list : core_type_comma_list COMMA . core_type  (607)

	LBRACKET  shift 135
	LBRACKETLESS  shift 136
	LBRACKETGREATER  shift 137
	LBRACKETPERCENT  shift 30
	LESS  shift 138
	LIDENT  shift 139
	LPAREN  shift 140
	OPTLABEL  shift 141
	QUESTION  shift 142
	QUOTE  shift 143
	HASH  shift 144
	UIDENT  shift 145
	UNDERSCORE  shift 146
	.  error

	core_type  goto 894
	extension  goto 149
	simple_core_type_or_tuple  goto 150
	simple_core_type  goto 151
	type_longident  goto 152
	core_type_no_attr  goto 153
	mod_ext_longident  goto 154
	core_type2  goto 155
	simple_core_type2  goto 156


state 677
	simple_core_type : LPAREN core_type_comma_list RPAREN .  (571)
	simple_core_type2 : LPAREN core_type_comma_list RPAREN . type_longident  (576)
	simple_core_type2 : LPAREN core_type_comma_list RPAREN . HASH class_longident  (581)

	LIDENT  shift 411
	HASH  shift 895
	UIDENT  shift 145
	error  reduce 571
	AMPERSAND  reduce 571
	AND  reduce 571
	AS  reduce 571
	BAR  reduce 571
	CLASS  reduce 571
	COLONGREATER  reduce 571
	COMMA  reduce 571
	CONSTRAINT  reduce 571
	END  reduce 571
	EOF  reduce 571
	EQUAL  reduce 571
	EXCEPTION  reduce 571
	EXTERNAL  reduce 571
	GREATER  reduce 571
	IN  reduce 571
	INCLUDE  reduce 571
	INHERIT  reduce 571
	INITIALIZER  reduce 571
	LBRACKETPERCENTPERCENT  reduce 571
	LET  reduce 571
	LBRACKETAT  reduce 571
	LBRACKETATAT  reduce 571
	LBRACKETATATAT  reduce 571
	METHOD  reduce 571
	MINUSGREATER  reduce 571
	MODULE  reduce 571
	OPEN  reduce 571
	RBRACE  reduce 571
	RBRACKET  reduce 571
	RPAREN  reduce 571
	SEMI  reduce 571
	SEMISEMI  reduce 571
	STAR  reduce 571
	TYPE  reduce 571
	VAL  reduce 571
	WITH  reduce 571

	type_longident  goto 896
	mod_ext_longident  goto 154


state 678
	core_type2 : OPTLABEL core_type2 MINUSGREATER . core_type2  (567)
	core_type2 : core_type2 MINUSGREATER . core_type2  (569)

	LBRACKET  shift 135
	LBRACKETLESS  shift 136
	LBRACKETGREATER  shift 137
	LBRACKETPERCENT  shift 30
	LESS  shift 138
	LIDENT  shift 139
	LPAREN  shift 140
	OPTLABEL  shift 141
	QUESTION  shift 142
	QUOTE  shift 143
	HASH  shift 144
	UIDENT  shift 145
	UNDERSCORE  shift 146
	.  error

	extension  goto 149
	simple_core_type_or_tuple  goto 150
	simple_core_type  goto 151
	type_longident  goto 152
	mod_ext_longident  goto 154
	core_type2  goto 897
	simple_core_type2  goto 156


state 679
	core_type2 : QUESTION LIDENT COLON . core_type2 MINUSGREATER core_type2  (566)

	LBRACKET  shift 135
	LBRACKETLESS  shift 136
	LBRACKETGREATER  shift 137
	LBRACKETPERCENT  shift 30
	LESS  shift 138
	LIDENT  shift 139
	LPAREN  shift 140
	OPTLABEL  shift 141
	QUESTION  shift 142
	QUOTE  shift 143
	HASH  shift 144
	UIDENT  shift 145
	UNDERSCORE  shift 146
	.  error

	extension  goto 149
	simple_core_type_or_tuple  goto 150
	simple_core_type  goto 151
	type_longident  goto 152
	mod_ext_longident  goto 154
	core_type2  goto 898
	simple_core_type2  goto 156


state 680
	mod_longident : mod_longident DOT . UIDENT  (686)
	class_longident : mod_longident DOT . LIDENT  (695)

	LIDENT  shift 899
	UIDENT  shift 586
	.  error


state 681
	core_type_list : simple_core_type .  (608)

	.  reduce 608


state 682
	simple_core_type_or_tuple : simple_core_type STAR core_type_list .  (605)
	core_type_list : core_type_list . STAR simple_core_type  (609)

	STAR  shift 900
	error  reduce 605
	AMPERSAND  reduce 605
	AND  reduce 605
	AS  reduce 605
	BAR  reduce 605
	CLASS  reduce 605
	COLONGREATER  reduce 605
	COMMA  reduce 605
	CONSTRAINT  reduce 605
	END  reduce 605
	EOF  reduce 605
	EQUAL  reduce 605
	EXCEPTION  reduce 605
	EXTERNAL  reduce 605
	GREATER  reduce 605
	INCLUDE  reduce 605
	INHERIT  reduce 605
	INITIALIZER  reduce 605
	LBRACKETPERCENTPERCENT  reduce 605
	LET  reduce 605
	LBRACKETAT  reduce 605
	LBRACKETATAT  reduce 605
	LBRACKETATATAT  reduce 605
	METHOD  reduce 605
	MINUSGREATER  reduce 605
	MODULE  reduce 605
	OPEN  reduce 605
	RBRACE  reduce 605
	RBRACKET  reduce 605
	RPAREN  reduce 605
	SEMI  reduce 605
	SEMISEMI  reduce 605
	HASH  reduce 605
	TYPE  reduce 605
	VAL  reduce 605
	WITH  reduce 605


state 683
	type_longident : mod_ext_longident DOT LIDENT .  (684)

	.  reduce 684


state 684
	mod_ext_longident : mod_ext_longident DOT UIDENT .  (688)

	.  reduce 688


state 685
	mod_ext_longident : mod_ext_longident . DOT UIDENT  (688)
	mod_ext_longident : mod_ext_longident . LPAREN mod_ext_longident RPAREN  (689)
	mod_ext_longident : mod_ext_longident LPAREN mod_ext_longident . RPAREN  (689)

	DOT  shift 901
	LPAREN  shift 443
	RPAREN  shift 902
	.  error


state 686
	core_type_no_attr : core_type2 AS QUOTE . ident  (564)

	LIDENT  shift 189
	UIDENT  shift 190
	.  error

	ident  goto 903


state 687
	core_type2 : core_type2 . MINUSGREATER core_type2  (569)
	core_type2 : core_type2 MINUSGREATER core_type2 .  (569)

	MINUSGREATER  shift 445
	error  reduce 569
	AMPERSAND  reduce 569
	AND  reduce 569
	AS  reduce 569
	BAR  reduce 569
	CLASS  reduce 569
	COLONGREATER  reduce 569
	COMMA  reduce 569
	CONSTRAINT  reduce 569
	END  reduce 569
	EOF  reduce 569
	EQUAL  reduce 569
	EXCEPTION  reduce 569
	EXTERNAL  reduce 569
	GREATER  reduce 569
	INCLUDE  reduce 569
	INHERIT  reduce 569
	INITIALIZER  reduce 569
	LBRACKETPERCENTPERCENT  reduce 569
	LET  reduce 569
	LBRACKETAT  reduce 569
	LBRACKETATAT  reduce 569
	LBRACKETATATAT  reduce 569
	METHOD  reduce 569
	MODULE  reduce 569
	OPEN  reduce 569
	RBRACE  reduce 569
	RBRACKET  reduce 569
	RPAREN  reduce 569
	SEMI  reduce 569
	SEMISEMI  reduce 569
	HASH  reduce 569
	TYPE  reduce 569
	VAL  reduce 569
	WITH  reduce 569


state 688
	simple_core_type2 : simple_core_type2 HASH class_longident .  (580)

	.  reduce 580


state 689
	pattern : pattern . AS val_ident  (405)
	pattern : pattern . AS error  (406)
	pattern : pattern . COLONCOLON pattern  (408)
	pattern : pattern . COLONCOLON error  (409)
	pattern : pattern . BAR pattern  (410)
	pattern : pattern . BAR error  (411)
	pattern : EXCEPTION ext_attributes pattern .  (412)
	pattern : pattern . attribute  (413)
	pattern_comma_list : pattern . COMMA pattern  (460)
	pattern_comma_list : pattern . COMMA error  (461)

	.  reduce 412

	attribute  goto 478


state 690
	pattern_gen : LAZY ext_attributes simple_pattern .  (427)

	.  reduce 427


state 691
	label_longident : mod_longident DOT . LIDENT  (682)
	mod_longident : mod_longident DOT . UIDENT  (686)

	LIDENT  shift 904
	UIDENT  shift 586
	.  error


state 692
	opt_pattern_type_constraint : COLON . core_type  (473)

	LBRACKET  shift 135
	LBRACKETLESS  shift 136
	LBRACKETGREATER  shift 137
	LBRACKETPERCENT  shift 30
	LESS  shift 138
	LIDENT  shift 139
	LPAREN  shift 140
	OPTLABEL  shift 141
	QUESTION  shift 142
	QUOTE  shift 143
	HASH  shift 144
	UIDENT  shift 145
	UNDERSCORE  shift 146
	.  error

	core_type  goto 905
	extension  goto 149
	simple_core_type_or_tuple  goto 150
	simple_core_type  goto 151
	type_longident  goto 152
	core_type_no_attr  goto 153
	mod_ext_longident  goto 154
	core_type2  goto 155
	simple_core_type2  goto 156


state 693
	lbl_pattern : label_longident opt_pattern_type_constraint . EQUAL pattern  (471)
	lbl_pattern : label_longident opt_pattern_type_constraint .  (472)

	EQUAL  shift 906
	error  reduce 472
	RBRACE  reduce 472
	SEMI  reduce 472


state 694
	simple_delimited_pattern : LBRACE lbl_pattern_list error .  (453)

	.  reduce 453


state 695
	simple_delimited_pattern : LBRACE lbl_pattern_list RBRACE .  (452)

	.  reduce 452


state 696
	lbl_pattern_list : lbl_pattern SEMI .  (468)
	lbl_pattern_list : lbl_pattern SEMI . UNDERSCORE opt_semi  (469)
	lbl_pattern_list : lbl_pattern SEMI . lbl_pattern_list  (470)

	LIDENT  shift 451
	UIDENT  shift 51
	UNDERSCORE  shift 907
	error  reduce 468
	RBRACE  reduce 468

	mod_longident  goto 452
	label_longident  goto 453
	lbl_pattern_list  goto 908
	lbl_pattern  goto 455


state 697
	pattern_semi_list : pattern_semi_list SEMI . pattern  (466)
	opt_semi : SEMI .  (726)

	BACKQUOTE  shift 10
	CHAR  shift 13
	EXCEPTION  shift 160
	FALSE  shift 17
	FLOAT  shift 18
	INT  shift 24
	LAZY  shift 161
	LBRACE  shift 162
	LBRACKET  shift 163
	LBRACKETBAR  shift 164
	LBRACKETPERCENT  shift 30
	LIDENT  shift 165
	LPAREN  shift 166
	MINUS  shift 167
	PLUS  shift 168
	HASH  shift 169
	STRING  shift 47
	TRUE  shift 48
	UIDENT  shift 51
	UNDERSCORE  shift 170
	error  reduce 726
	BARRBRACKET  reduce 726
	RBRACKET  reduce 726

	pattern  goto 909
	mod_longident  goto 173
	extension  goto 174
	simple_pattern  goto 175
	constr_longident  goto 176
	name_tag  goto 177
	constant  goto 178
	val_ident  goto 179
	simple_pattern_not_ident  goto 180
	pattern_comma_list  goto 181
	pattern_gen  goto 182
	signed_constant  goto 183
	simple_delimited_pattern  goto 184


state 698
	simple_delimited_pattern : LBRACKET pattern_semi_list opt_semi . RBRACKET  (454)
	simple_delimited_pattern : LBRACKET pattern_semi_list opt_semi . error  (455)

	error  shift 910
	RBRACKET  shift 911
	.  error


state 699
	simple_delimited_pattern : LBRACKETBAR pattern_semi_list opt_semi . BARRBRACKET  (456)
	simple_delimited_pattern : LBRACKETBAR pattern_semi_list opt_semi . error  (458)

	error  shift 912
	BARRBRACKET  shift 913
	.  error


state 700
	simple_pattern_not_ident : LPAREN MODULE ext_attributes . UIDENT RPAREN  (448)
	simple_pattern_not_ident : LPAREN MODULE ext_attributes . UIDENT COLON package_type RPAREN  (449)
	simple_pattern_not_ident : LPAREN MODULE ext_attributes . UIDENT COLON package_type error  (450)

	UIDENT  shift 914
	.  error


state 701
	simple_pattern_not_ident : LPAREN pattern error .  (444)

	.  reduce 444


state 702
	simple_pattern_not_ident : LPAREN pattern COLON . core_type RPAREN  (445)
	simple_pattern_not_ident : LPAREN pattern COLON . core_type error  (446)
	simple_pattern_not_ident : LPAREN pattern COLON . error  (447)

	error  shift 915
	LBRACKET  shift 135
	LBRACKETLESS  shift 136
	LBRACKETGREATER  shift 137
	LBRACKETPERCENT  shift 30
	LESS  shift 138
	LIDENT  shift 139
	LPAREN  shift 140
	OPTLABEL  shift 141
	QUESTION  shift 142
	QUOTE  shift 143
	HASH  shift 144
	UIDENT  shift 145
	UNDERSCORE  shift 146
	.  error

	core_type  goto 916
	extension  goto 149
	simple_core_type_or_tuple  goto 150
	simple_core_type  goto 151
	type_longident  goto 152
	core_type_no_attr  goto 153
	mod_ext_longident  goto 154
	core_type2  goto 155
	simple_core_type2  goto 156


state 703
	simple_pattern_not_ident : LPAREN pattern RPAREN .  (443)

	.  reduce 443


state 704
	pattern : pattern AS error .  (406)

	.  reduce 406


state 705
	pattern : pattern AS val_ident .  (405)

	.  reduce 405


state 706
	pattern : pattern BAR error .  (411)

	.  reduce 411


state 707
	pattern : pattern . AS val_ident  (405)
	pattern : pattern . AS error  (406)
	pattern : pattern . COLONCOLON pattern  (408)
	pattern : pattern . COLONCOLON error  (409)
	pattern : pattern . BAR pattern  (410)
	pattern : pattern BAR pattern .  (410)
	pattern : pattern . BAR error  (411)
	pattern : pattern . attribute  (413)
	pattern_comma_list : pattern . COMMA pattern  (460)
	pattern_comma_list : pattern . COMMA error  (461)

	COLONCOLON  shift 475
	COMMA  shift 476
	LBRACKETAT  shift 185
	error  reduce 410
	AS  reduce 410
	BAR  reduce 410
	BARRBRACKET  reduce 410
	COLON  reduce 410
	EOF  reduce 410
	EQUAL  reduce 410
	MINUSGREATER  reduce 410
	RBRACE  reduce 410
	RBRACKET  reduce 410
	RPAREN  reduce 410
	SEMI  reduce 410
	WHEN  reduce 410

	attribute  goto 478


state 708
	pattern : pattern COLONCOLON error .  (409)

	.  reduce 409


state 709
	pattern : pattern . AS val_ident  (405)
	pattern : pattern . AS error  (406)
	pattern : pattern . COLONCOLON pattern  (408)
	pattern : pattern COLONCOLON pattern .  (408)
	pattern : pattern . COLONCOLON error  (409)
	pattern : pattern . BAR pattern  (410)
	pattern : pattern . BAR error  (411)
	pattern : pattern . attribute  (413)
	pattern_comma_list : pattern . COMMA pattern  (460)
	pattern_comma_list : pattern . COMMA error  (461)

	COLONCOLON  shift 475
	error  reduce 408
	AS  reduce 408
	BAR  reduce 408
	BARRBRACKET  reduce 408
	COLON  reduce 408
	COMMA  reduce 408
	EOF  reduce 408
	EQUAL  reduce 408
	LBRACKETAT  reduce 408
	MINUSGREATER  reduce 408
	RBRACE  reduce 408
	RBRACKET  reduce 408
	RPAREN  reduce 408
	SEMI  reduce 408
	WHEN  reduce 408

	attribute  goto 478


state 710
	pattern_comma_list : pattern COMMA error .  (461)

	.  reduce 461


state 711
	pattern : pattern . AS val_ident  (405)
	pattern : pattern . AS error  (406)
	pattern : pattern . COLONCOLON pattern  (408)
	pattern : pattern . COLONCOLON error  (409)
	pattern : pattern . BAR pattern  (410)
	pattern : pattern . BAR error  (411)
	pattern : pattern . attribute  (413)
	pattern_comma_list : pattern . COMMA pattern  (460)
	pattern_comma_list : pattern COMMA pattern .  (460)
	pattern_comma_list : pattern . COMMA error  (461)

	COLONCOLON  shift 475
	LBRACKETAT  shift 185
	error  reduce 460
	AS  reduce 460
	BAR  reduce 460
	BARRBRACKET  reduce 460
	COLON  reduce 460
	COMMA  reduce 460
	EOF  reduce 460
	EQUAL  reduce 460
	MINUSGREATER  reduce 460
	RBRACE  reduce 460
	RBRACKET  reduce 460
	RPAREN  reduce 460
	SEMI  reduce 460
	WHEN  reduce 460

	attribute  goto 478


state 712
	simple_pattern_not_ident : mod_longident DOT LBRACKET . RBRACKET  (438)
	simple_delimited_pattern : LBRACKET . pattern_semi_list opt_semi RBRACKET  (454)
	simple_delimited_pattern : LBRACKET . pattern_semi_list opt_semi error  (455)

	BACKQUOTE  shift 10
	CHAR  shift 13
	EXCEPTION  shift 160
	FALSE  shift 17
	FLOAT  shift 18
	INT  shift 24
	LAZY  shift 161
	LBRACE  shift 162
	LBRACKET  shift 163
	LBRACKETBAR  shift 164
	LBRACKETPERCENT  shift 30
	LIDENT  shift 165
	LPAREN  shift 166
	MINUS  shift 167
	PLUS  shift 168
	RBRACKET  shift 917
	HASH  shift 169
	STRING  shift 47
	TRUE  shift 48
	UIDENT  shift 51
	UNDERSCORE  shift 170
	.  error

	pattern  goto 456
	mod_longident  goto 173
	extension  goto 174
	simple_pattern  goto 175
	constr_longident  goto 176
	name_tag  goto 177
	constant  goto 178
	val_ident  goto 179
	simple_pattern_not_ident  goto 180
	pattern_comma_list  goto 181
	pattern_gen  goto 182
	signed_constant  goto 183
	simple_delimited_pattern  goto 184
	pattern_semi_list  goto 457


state 713
	simple_pattern_not_ident : mod_longident DOT LPAREN . RPAREN  (439)
	simple_pattern_not_ident : mod_longident DOT LPAREN . pattern RPAREN  (440)
	simple_pattern_not_ident : mod_longident DOT LPAREN . pattern error  (441)
	simple_pattern_not_ident : mod_longident DOT LPAREN . error  (442)
	constr_longident : mod_longident DOT LPAREN . COLONCOLON RPAREN  (675)

	error  shift 918
	BACKQUOTE  shift 10
	CHAR  shift 13
	COLONCOLON  shift 841
	EXCEPTION  shift 160
	FALSE  shift 17
	FLOAT  shift 18
	INT  shift 24
	LAZY  shift 161
	LBRACE  shift 162
	LBRACKET  shift 163
	LBRACKETBAR  shift 164
	LBRACKETPERCENT  shift 30
	LIDENT  shift 165
	LPAREN  shift 166
	MINUS  shift 167
	PLUS  shift 168
	RPAREN  shift 919
	HASH  shift 169
	STRING  shift 47
	TRUE  shift 48
	UIDENT  shift 51
	UNDERSCORE  shift 170
	.  error

	pattern  goto 920
	mod_longident  goto 173
	extension  goto 174
	simple_pattern  goto 175
	constr_longident  goto 176
	name_tag  goto 177
	constant  goto 178
	val_ident  goto 179
	simple_pattern_not_ident  goto 180
	pattern_comma_list  goto 181
	pattern_gen  goto 182
	signed_constant  goto 183
	simple_delimited_pattern  goto 184


state 714
	simple_pattern_not_ident : mod_longident DOT simple_delimited_pattern .  (437)

	.  reduce 437


state 715
	pattern : pattern . AS val_ident  (405)
	pattern : pattern . AS error  (406)
	pattern : pattern . COLONCOLON pattern  (408)
	pattern : pattern . COLONCOLON error  (409)
	pattern : pattern . BAR pattern  (410)
	pattern : pattern . BAR error  (411)
	pattern : pattern . attribute  (413)
	pattern_comma_list : pattern_comma_list COMMA pattern .  (459)
	pattern_comma_list : pattern . COMMA pattern  (460)
	pattern_comma_list : pattern . COMMA error  (461)

	COLONCOLON  shift 475
	LBRACKETAT  shift 185
	error  reduce 459
	AS  reduce 459
	BAR  reduce 459
	BARRBRACKET  reduce 459
	COLON  reduce 459
	COMMA  reduce 459
	EOF  reduce 459
	EQUAL  reduce 459
	MINUSGREATER  reduce 459
	RBRACE  reduce 459
	RBRACKET  reduce 459
	RPAREN  reduce 459
	SEMI  reduce 459
	WHEN  reduce 459

	attribute  goto 478


state 716
	simple_pattern_not_ident : signed_constant DOTDOT signed_constant .  (432)

	.  reduce 432


state 717
	attribute : LBRACKETAT attr_id payload . RBRACKET  (784)

	RBRACKET  shift 921
	.  error


state 718
	ext_attributes : PERCENT attr_id attributes .  (793)

	.  reduce 793


state 719
	attributes : attribute attributes .  (790)

	.  reduce 790


state 720
	simple_expr : simple_expr DOT LBRACE . expr RBRACE  (314)
	simple_expr : simple_expr DOT LBRACE . expr_comma_list error  (315)

	ASSERT  shift 9
	BACKQUOTE  shift 10
	BANG  shift 11
	BEGIN  shift 12
	CHAR  shift 13
	FALSE  shift 17
	FLOAT  shift 18
	FOR  shift 19
	FUN  shift 20
	FUNCTION  shift 21
	IF  shift 22
	INT  shift 24
	LAZY  shift 25
	LBRACE  shift 26
	LBRACELESS  shift 27
	LBRACKET  shift 28
	LBRACKETBAR  shift 29
	LBRACKETPERCENT  shift 30
	LET  shift 32
	LIDENT  shift 33
	LPAREN  shift 34
	MATCH  shift 36
	MINUS  shift 37
	MINUSDOT  shift 38
	NEW  shift 40
	OBJECT  shift 41
	PLUS  shift 43
	PLUSDOT  shift 44
	PREFIXOP  shift 45
	STRING  shift 47
	TRUE  shift 48
	TRY  shift 49
	UIDENT  shift 51
	UNDERSCORE  shift 52
	WHILE  shift 54
	.  error

	mod_longident  goto 59
	extension  goto 60
	expr  goto 922
	let_bindings  goto 159
	label  goto 81
	simple_expr  goto 83
	expr_comma_list  goto 852
	constr_longident  goto 85
	name_tag  goto 86
	subtractive  goto 87
	additive  goto 88
	val_longident  goto 89
	constant  goto 90
	val_ident  goto 91
	let_binding  goto 92


state 721
	simple_expr : simple_expr DOT LBRACKET . seq_expr RBRACKET  (300)
	simple_expr : simple_expr DOT LBRACKET . seq_expr error  (301)

	ASSERT  shift 9
	BACKQUOTE  shift 10
	BANG  shift 11
	BEGIN  shift 12
	CHAR  shift 13
	FALSE  shift 17
	FLOAT  shift 18
	FOR  shift 19
	FUN  shift 20
	FUNCTION  shift 21
	IF  shift 22
	INT  shift 24
	LAZY  shift 25
	LBRACE  shift 26
	LBRACELESS  shift 27
	LBRACKET  shift 28
	LBRACKETBAR  shift 29
	LBRACKETPERCENT  shift 30
	LET  shift 32
	LIDENT  shift 33
	LPAREN  shift 34
	MATCH  shift 36
	MINUS  shift 37
	MINUSDOT  shift 38
	NEW  shift 40
	OBJECT  shift 41
	PLUS  shift 43
	PLUSDOT  shift 44
	PREFIXOP  shift 45
	STRING  shift 47
	TRUE  shift 48
	TRY  shift 49
	UIDENT  shift 51
	UNDERSCORE  shift 52
	WHILE  shift 54
	.  error

	seq_expr  goto 923
	mod_longident  goto 59
	extension  goto 60
	expr  goto 61
	let_bindings  goto 159
	label  goto 81
	simple_expr  goto 83
	expr_comma_list  goto 84
	constr_longident  goto 85
	name_tag  goto 86
	subtractive  goto 87
	additive  goto 88
	val_longident  goto 89
	constant  goto 90
	val_ident  goto 91
	let_binding  goto 92


state 722
	simple_expr : simple_expr DOT LPAREN . seq_expr RPAREN  (298)
	simple_expr : simple_expr DOT LPAREN . seq_expr error  (299)

	ASSERT  shift 9
	BACKQUOTE  shift 10
	BANG  shift 11
	BEGIN  shift 12
	CHAR  shift 13
	FALSE  shift 17
	FLOAT  shift 18
	FOR  shift 19
	FUN  shift 20
	FUNCTION  shift 21
	IF  shift 22
	INT  shift 24
	LAZY  shift 25
	LBRACE  shift 26
	LBRACELESS  shift 27
	LBRACKET  shift 28
	LBRACKETBAR  shift 29
	LBRACKETPERCENT  shift 30
	LET  shift 32
	LIDENT  shift 33
	LPAREN  shift 34
	MATCH  shift 36
	MINUS  shift 37
	MINUSDOT  shift 38
	NEW  shift 40
	OBJECT  shift 41
	PLUS  shift 43
	PLUSDOT  shift 44
	PREFIXOP  shift 45
	STRING  shift 47
	TRUE  shift 48
	TRY  shift 49
	UIDENT  shift 51
	UNDERSCORE  shift 52
	WHILE  shift 54
	.  error

	seq_expr  goto 924
	mod_longident  goto 59
	extension  goto 60
	expr  goto 61
	let_bindings  goto 159
	label  goto 81
	simple_expr  goto 83
	expr_comma_list  goto 84
	constr_longident  goto 85
	name_tag  goto 86
	subtractive  goto 87
	additive  goto 88
	val_longident  goto 89
	constant  goto 90
	val_ident  goto 91
	let_binding  goto 92


state 723
	simple_expr : simple_expr DOT mod_longident . DOTOP LBRACKET expr RBRACKET  (308)
	simple_expr : simple_expr DOT mod_longident . DOTOP LBRACKET expr error  (309)
	simple_expr : simple_expr DOT mod_longident . DOTOP LPAREN expr RPAREN  (310)
	simple_expr : simple_expr DOT mod_longident . DOTOP LPAREN expr error  (311)
	simple_expr : simple_expr DOT mod_longident . DOTOP LBRACE expr RBRACE  (312)
	simple_expr : simple_expr DOT mod_longident . DOTOP LBRACE expr error  (313)
	label_longident : mod_longident . DOT LIDENT  (682)
	mod_longident : mod_longident . DOT UIDENT  (686)

	DOT  shift 691
	DOTOP  shift 925
	.  error


state 724
	simple_expr : simple_expr DOT label_longident .  (294)

	.  reduce 294


state 725
	simple_expr : simple_expr DOTOP LBRACE . expr RBRACE  (306)
	simple_expr : simple_expr DOTOP LBRACE . expr error  (307)

	ASSERT  shift 9
	BACKQUOTE  shift 10
	BANG  shift 11
	BEGIN  shift 12
	CHAR  shift 13
	FALSE  shift 17
	FLOAT  shift 18
	FOR  shift 19
	FUN  shift 20
	FUNCTION  shift 21
	IF  shift 22
	INT  shift 24
	LAZY  shift 25
	LBRACE  shift 26
	LBRACELESS  shift 27
	LBRACKET  shift 28
	LBRACKETBAR  shift 29
	LBRACKETPERCENT  shift 30
	LET  shift 32
	LIDENT  shift 33
	LPAREN  shift 34
	MATCH  shift 36
	MINUS  shift 37
	MINUSDOT  shift 38
	NEW  shift 40
	OBJECT  shift 41
	PLUS  shift 43
	PLUSDOT  shift 44
	PREFIXOP  shift 45
	STRING  shift 47
	TRUE  shift 48
	TRY  shift 49
	UIDENT  shift 51
	UNDERSCORE  shift 52
	WHILE  shift 54
	.  error

	mod_longident  goto 59
	extension  goto 60
	expr  goto 926
	let_bindings  goto 159
	label  goto 81
	simple_expr  goto 83
	expr_comma_list  goto 84
	constr_longident  goto 85
	name_tag  goto 86
	subtractive  goto 87
	additive  goto 88
	val_longident  goto 89
	constant  goto 90
	val_ident  goto 91
	let_binding  goto 92


state 726
	simple_expr : simple_expr DOTOP LBRACKET . expr RBRACKET  (302)
	simple_expr : simple_expr DOTOP LBRACKET . expr error  (303)

	ASSERT  shift 9
	BACKQUOTE  shift 10
	BANG  shift 11
	BEGIN  shift 12
	CHAR  shift 13
	FALSE  shift 17
	FLOAT  shift 18
	FOR  shift 19
	FUN  shift 20
	FUNCTION  shift 21
	IF  shift 22
	INT  shift 24
	LAZY  shift 25
	LBRACE  shift 26
	LBRACELESS  shift 27
	LBRACKET  shift 28
	LBRACKETBAR  shift 29
	LBRACKETPERCENT  shift 30
	LET  shift 32
	LIDENT  shift 33
	LPAREN  shift 34
	MATCH  shift 36
	MINUS  shift 37
	MINUSDOT  shift 38
	NEW  shift 40
	OBJECT  shift 41
	PLUS  shift 43
	PLUSDOT  shift 44
	PREFIXOP  shift 45
	STRING  shift 47
	TRUE  shift 48
	TRY  shift 49
	UIDENT  shift 51
	UNDERSCORE  shift 52
	WHILE  shift 54
	.  error

	mod_longident  goto 59
	extension  goto 60
	expr  goto 927
	let_bindings  goto 159
	label  goto 81
	simple_expr  goto 83
	expr_comma_list  goto 84
	constr_longident  goto 85
	name_tag  goto 86
	subtractive  goto 87
	additive  goto 88
	val_longident  goto 89
	constant  goto 90
	val_ident  goto 91
	let_binding  goto 92


state 727
	simple_expr : simple_expr DOTOP LPAREN . expr RPAREN  (304)
	simple_expr : simple_expr DOTOP LPAREN . expr error  (305)

	ASSERT  shift 9
	BACKQUOTE  shift 10
	BANG  shift 11
	BEGIN  shift 12
	CHAR  shift 13
	FALSE  shift 17
	FLOAT  shift 18
	FOR  shift 19
	FUN  shift 20
	FUNCTION  shift 21
	IF  shift 22
	INT  shift 24
	LAZY  shift 25
	LBRACE  shift 26
	LBRACELESS  shift 27
	LBRACKET  shift 28
	LBRACKETBAR  shift 29
	LBRACKETPERCENT  shift 30
	LET  shift 32
	LIDENT  shift 33
	LPAREN  shift 34
	MATCH  shift 36
	MINUS  shift 37
	MINUSDOT  shift 38
	NEW  shift 40
	OBJECT  shift 41
	PLUS  shift 43
	PLUSDOT  shift 44
	PREFIXOP  shift 45
	STRING  shift 47
	TRUE  shift 48
	TRY  shift 49
	UIDENT  shift 51
	UNDERSCORE  shift 52
	WHILE  shift 54
	.  error

	mod_longident  goto 59
	extension  goto 60
	expr  goto 928
	let_bindings  goto 159
	label  goto 81
	simple_expr  goto 83
	expr_comma_list  goto 84
	constr_longident  goto 85
	name_tag  goto 86
	subtractive  goto 87
	additive  goto 88
	val_longident  goto 89
	constant  goto 90
	val_ident  goto 91
	let_binding  goto 92


state 728
	simple_expr : BEGIN ext_attributes seq_expr error .  (292)

	.  reduce 292


state 729
	simple_expr : BEGIN ext_attributes seq_expr END .  (290)

	.  reduce 290


state 730
	class_type_declaration : CLASS TYPE ext_attributes virtual_flag . class_type_parameters LIDENT EQUAL class_signature post_item_attributes  (202)
	class_type_parameters : .  (125)

	LBRACKET  shift 731
	LIDENT  reduce 125

	class_type_parameters  goto 929


state 731
	class_type_parameters : LBRACKET . type_parameter_list RBRACKET  (126)
	type_variance : .  (505)

	MINUS  shift 826
	PLUS  shift 827
	QUOTE  reduce 505

	type_parameter_list  goto 930
	type_variance  goto 931
	type_parameter  goto 932


state 732
	class_declaration : CLASS ext_attributes virtual_flag class_type_parameters . LIDENT class_fun_binding post_item_attributes  (120)

	LIDENT  shift 933
	.  error


state 733
	constr_ident : LBRACKET RBRACKET .  (667)

	.  reduce 667


state 734
	constr_ident : LPAREN COLONCOLON . RPAREN  (669)

	RPAREN  shift 934
	.  error


state 735
	constr_ident : LPAREN RPAREN .  (668)

	.  reduce 668


state 736
	generalized_constructor_arguments : COLON . constructor_arguments MINUSGREATER simple_core_type  (523)
	generalized_constructor_arguments : COLON . simple_core_type  (524)

	LBRACE  shift 935
	LBRACKET  shift 135
	LBRACKETLESS  shift 136
	LBRACKETGREATER  shift 137
	LBRACKETPERCENT  shift 30
	LESS  shift 138
	LIDENT  shift 411
	LPAREN  shift 140
	QUOTE  shift 143
	HASH  shift 144
	UIDENT  shift 145
	UNDERSCORE  shift 146
	.  error

	extension  goto 149
	simple_core_type  goto 936
	type_longident  goto 152
	constructor_arguments  goto 937
	core_type_list  goto 938
	mod_ext_longident  goto 154
	simple_core_type2  goto 156


state 737
	str_exception_declaration : EXCEPTION ext_attributes constr_ident EQUAL . constr_longident attributes post_item_attributes  (518)

	FALSE  shift 17
	LBRACKET  shift 939
	LPAREN  shift 940
	TRUE  shift 48
	UIDENT  shift 51
	.  error

	mod_longident  goto 941
	constr_longident  goto 942


state 738
	generalized_constructor_arguments : OF . constructor_arguments  (522)

	LBRACE  shift 935
	LBRACKET  shift 135
	LBRACKETLESS  shift 136
	LBRACKETGREATER  shift 137
	LBRACKETPERCENT  shift 30
	LESS  shift 138
	LIDENT  shift 411
	LPAREN  shift 140
	QUOTE  shift 143
	HASH  shift 144
	UIDENT  shift 145
	UNDERSCORE  shift 146
	.  error

	extension  goto 149
	simple_core_type  goto 681
	type_longident  goto 152
	constructor_arguments  goto 943
	core_type_list  goto 938
	mod_ext_longident  goto 154
	simple_core_type2  goto 156


state 739
	sig_exception_declaration : EXCEPTION ext_attributes constr_ident generalized_constructor_arguments . attributes post_item_attributes  (519)
	attributes : .  (789)

	LBRACKETAT  shift 185
	error  reduce 789
	CLASS  reduce 789
	END  reduce 789
	EOF  reduce 789
	EXCEPTION  reduce 789
	EXTERNAL  reduce 789
	INCLUDE  reduce 789
	LBRACKETPERCENTPERCENT  reduce 789
	LET  reduce 789
	LBRACKETATAT  reduce 789
	LBRACKETATATAT  reduce 789
	MODULE  reduce 789
	OPEN  reduce 789
	RBRACKET  reduce 789
	SEMISEMI  reduce 789
	HASH  reduce 789
	TYPE  reduce 789
	VAL  reduce 789

	attributes  goto 944
	attribute  goto 487


state 740
	operator : MINUS .  (653)

	.  reduce 653


state 741
	val_ident : LPAREN MODULE . error  (636)

	error  shift 556
	.  error


state 742
	operator : PLUS .  (651)

	.  reduce 651


state 743
	primitive_declaration : EXTERNAL ext_attributes val_ident COLON . core_type EQUAL primitive_declaration_body post_item_attributes  (478)

	LBRACKET  shift 135
	LBRACKETLESS  shift 136
	LBRACKETGREATER  shift 137
	LBRACKETPERCENT  shift 30
	LESS  shift 138
	LIDENT  shift 139
	LPAREN  shift 140
	OPTLABEL  shift 141
	QUESTION  shift 142
	QUOTE  shift 143
	HASH  shift 144
	UIDENT  shift 145
	UNDERSCORE  shift 146
	.  error

	core_type  goto 945
	extension  goto 149
	simple_core_type_or_tuple  goto 150
	simple_core_type  goto 151
	type_longident  goto 152
	core_type_no_attr  goto 153
	mod_ext_longident  goto 154
	core_type2  goto 155
	simple_core_type2  goto 156


state 744
	expr : FOR ext_attributes pattern EQUAL . seq_expr direction_flag seq_expr DO seq_expr DONE  (243)

	ASSERT  shift 9
	BACKQUOTE  shift 10
	BANG  shift 11
	BEGIN  shift 12
	CHAR  shift 13
	FALSE  shift 17
	FLOAT  shift 18
	FOR  shift 19
	FUN  shift 20
	FUNCTION  shift 21
	IF  shift 22
	INT  shift 24
	LAZY  shift 25
	LBRACE  shift 26
	LBRACELESS  shift 27
	LBRACKET  shift 28
	LBRACKETBAR  shift 29
	LBRACKETPERCENT  shift 30
	LET  shift 32
	LIDENT  shift 33
	LPAREN  shift 34
	MATCH  shift 36
	MINUS  shift 37
	MINUSDOT  shift 38
	NEW  shift 40
	OBJECT  shift 41
	PLUS  shift 43
	PLUSDOT  shift 44
	PREFIXOP  shift 45
	STRING  shift 47
	TRUE  shift 48
	TRY  shift 49
	UIDENT  shift 51
	UNDERSCORE  shift 52
	WHILE  shift 54
	.  error

	seq_expr  goto 946
	mod_longident  goto 59
	extension  goto 60
	expr  goto 61
	let_bindings  goto 159
	label  goto 81
	simple_expr  goto 83
	expr_comma_list  goto 84
	constr_longident  goto 85
	name_tag  goto 86
	subtractive  goto 87
	additive  goto 88
	val_longident  goto 89
	constant  goto 90
	val_ident  goto 91
	let_binding  goto 92


state 745
	labeled_simple_pattern : LABEL simple_pattern .  (214)

	.  reduce 214


state 746
	expr : FUN ext_attributes LPAREN TYPE . lident_list RPAREN fun_def  (233)

	LIDENT  shift 947
	.  error

	lident_list  goto 948


state 747
	pattern_var : LIDENT .  (216)

	.  reduce 216


state 748
	labeled_simple_pattern : OPTLABEL LPAREN . let_pattern opt_default RPAREN  (210)

	BACKQUOTE  shift 10
	CHAR  shift 13
	EXCEPTION  shift 160
	FALSE  shift 17
	FLOAT  shift 18
	INT  shift 24
	LAZY  shift 161
	LBRACE  shift 162
	LBRACKET  shift 163
	LBRACKETBAR  shift 164
	LBRACKETPERCENT  shift 30
	LIDENT  shift 165
	LPAREN  shift 166
	MINUS  shift 167
	PLUS  shift 168
	HASH  shift 169
	STRING  shift 47
	TRUE  shift 48
	UIDENT  shift 51
	UNDERSCORE  shift 170
	.  error

	pattern  goto 949
	mod_longident  goto 173
	extension  goto 174
	let_pattern  goto 950
	simple_pattern  goto 175
	constr_longident  goto 176
	name_tag  goto 177
	constant  goto 178
	val_ident  goto 179
	simple_pattern_not_ident  goto 180
	pattern_comma_list  goto 181
	pattern_gen  goto 182
	signed_constant  goto 183
	simple_delimited_pattern  goto 184


state 749
	pattern_var : UNDERSCORE .  (217)

	.  reduce 217


state 750
	labeled_simple_pattern : OPTLABEL pattern_var .  (211)

	.  reduce 211


state 751
	label_var : LIDENT .  (222)

	.  reduce 222


state 752
	labeled_simple_pattern : QUESTION LPAREN . label_let_pattern opt_default RPAREN  (208)

	LIDENT  shift 751
	.  error

	label_let_pattern  goto 951
	label_var  goto 952


state 753
	labeled_simple_pattern : QUESTION label_var .  (209)

	.  reduce 209


state 754
	labeled_simple_pattern : TILDE LPAREN . label_let_pattern RPAREN  (212)

	LIDENT  shift 751
	.  error

	label_let_pattern  goto 953
	label_var  goto 952


state 755
	labeled_simple_pattern : TILDE label_var .  (213)

	.  reduce 213


state 756
	fun_def : COLON . simple_core_type MINUSGREATER seq_expr  (380)

	LBRACKET  shift 135
	LBRACKETLESS  shift 136
	LBRACKETGREATER  shift 137
	LBRACKETPERCENT  shift 30
	LESS  shift 138
	LIDENT  shift 411
	LPAREN  shift 140
	QUOTE  shift 143
	HASH  shift 144
	UIDENT  shift 145
	UNDERSCORE  shift 146
	.  error

	extension  goto 149
	simple_core_type  goto 954
	type_longident  goto 152
	mod_ext_longident  goto 154
	simple_core_type2  goto 156


state 757
	fun_def : LPAREN . TYPE lident_list RPAREN fun_def  (382)
	simple_pattern_not_ident : LPAREN . pattern RPAREN  (443)
	simple_pattern_not_ident : LPAREN . pattern error  (444)
	simple_pattern_not_ident : LPAREN . pattern COLON core_type RPAREN  (445)
	simple_pattern_not_ident : LPAREN . pattern COLON core_type error  (446)
	simple_pattern_not_ident : LPAREN . pattern COLON error  (447)
	simple_pattern_not_ident : LPAREN . MODULE ext_attributes UIDENT RPAREN  (448)
	simple_pattern_not_ident : LPAREN . MODULE ext_attributes UIDENT COLON package_type RPAREN  (449)
	simple_pattern_not_ident : LPAREN . MODULE ext_attributes UIDENT COLON package_type error  (450)
	val_ident : LPAREN . operator RPAREN  (633)
	val_ident : LPAREN . operator error  (634)
	val_ident : LPAREN . error  (635)
	val_ident : LPAREN . MODULE error  (636)
	constr_longident : LPAREN . RPAREN  (677)
	constr_longident : LPAREN . COLONCOLON RPAREN  (678)

	error  shift 281
	AMPERAMPER  shift 282
	AMPERSAND  shift 283
	BACKQUOTE  shift 10
	BANG  shift 460
	BARBAR  shift 285
	CHAR  shift 13
	COLONCOLON  shift 286
	COLONEQUAL  shift 287
	EQUAL  shift 288
	EXCEPTION  shift 160
	FALSE  shift 17
	FLOAT  shift 18
	GREATER  shift 289
	INFIXOP0  shift 290
	INFIXOP1  shift 291
	INFIXOP2  shift 292
	INFIXOP3  shift 293
	INFIXOP4  shift 294
	DOTOP  shift 295
	INT  shift 24
	LAZY  shift 161
	LBRACE  shift 162
	LBRACKET  shift 163
	LBRACKETBAR  shift 164
	LBRACKETPERCENT  shift 30
	LESS  shift 296
	LIDENT  shift 165
	LPAREN  shift 166
	MINUS  shift 461
	MINUSDOT  shift 462
	MODULE  shift 463
	OR  shift 300
	PERCENT  shift 301
	PLUS  shift 464
	PLUSDOT  shift 465
	PLUSEQ  shift 304
	PREFIXOP  shift 466
	RPAREN  shift 306
	HASH  shift 169
	HASHOP  shift 307
	STAR  shift 308
	STRING  shift 47
	TRUE  shift 48
	TYPE  shift 955
	UIDENT  shift 51
	UNDERSCORE  shift 170
	.  error

	pattern  goto 467
	mod_longident  goto 173
	extension  goto 174
	simple_pattern  goto 175
	constr_longident  goto 176
	name_tag  goto 177
	constant  goto 178
	val_ident  goto 179
	simple_pattern_not_ident  goto 180
	pattern_comma_list  goto 181
	pattern_gen  goto 182
	signed_constant  goto 183
	simple_delimited_pattern  goto 184
	operator  goto 310


state 758
	fun_def : MINUSGREATER . seq_expr  (379)

	ASSERT  shift 9
	BACKQUOTE  shift 10
	BANG  shift 11
	BEGIN  shift 12
	CHAR  shift 13
	FALSE  shift 17
	FLOAT  shift 18
	FOR  shift 19
	FUN  shift 20
	FUNCTION  shift 21
	IF  shift 22
	INT  shift 24
	LAZY  shift 25
	LBRACE  shift 26
	LBRACELESS  shift 27
	LBRACKET  shift 28
	LBRACKETBAR  shift 29
	LBRACKETPERCENT  shift 30
	LET  shift 32
	LIDENT  shift 33
	LPAREN  shift 34
	MATCH  shift 36
	MINUS  shift 37
	MINUSDOT  shift 38
	NEW  shift 40
	OBJECT  shift 41
	PLUS  shift 43
	PLUSDOT  shift 44
	PREFIXOP  shift 45
	STRING  shift 47
	TRUE  shift 48
	TRY  shift 49
	UIDENT  shift 51
	UNDERSCORE  shift 52
	WHILE  shift 54
	.  error

	seq_expr  goto 956
	mod_longident  goto 59
	extension  goto 60
	expr  goto 61
	let_bindings  goto 159
	label  goto 81
	simple_expr  goto 83
	expr_comma_list  goto 84
	constr_longident  goto 85
	name_tag  goto 86
	subtractive  goto 87
	additive  goto 88
	val_longident  goto 89
	constant  goto 90
	val_ident  goto 91
	let_binding  goto 92


state 759
	fun_def : labeled_simple_pattern . fun_def  (381)

	BACKQUOTE  shift 10
	CHAR  shift 13
	COLON  shift 756
	FALSE  shift 17
	FLOAT  shift 18
	INT  shift 24
	LABEL  shift 505
	LBRACE  shift 162
	LBRACKET  shift 163
	LBRACKETBAR  shift 164
	LBRACKETPERCENT  shift 30
	LIDENT  shift 165
	LPAREN  shift 757
	MINUS  shift 167
	MINUSGREATER  shift 758
	OPTLABEL  shift 507
	PLUS  shift 168
	QUESTION  shift 508
	HASH  shift 169
	STRING  shift 47
	TILDE  shift 509
	TRUE  shift 48
	UIDENT  shift 51
	UNDERSCORE  shift 170
	.  error

	mod_longident  goto 173
	extension  goto 174
	labeled_simple_pattern  goto 759
	simple_pattern  goto 511
	fun_def  goto 957
	constr_longident  goto 512
	name_tag  goto 513
	constant  goto 178
	val_ident  goto 179
	simple_pattern_not_ident  goto 180
	signed_constant  goto 183
	simple_delimited_pattern  goto 184


state 760
	expr : FUN ext_attributes labeled_simple_pattern fun_def .  (232)

	.  reduce 232


state 761
	match_case : pattern . MINUSGREATER seq_expr  (376)
	match_case : pattern . WHEN seq_expr MINUSGREATER seq_expr  (377)
	match_case : pattern . MINUSGREATER DOT  (378)
	pattern : pattern . AS val_ident  (405)
	pattern : pattern . AS error  (406)
	pattern : pattern . COLONCOLON pattern  (408)
	pattern : pattern . COLONCOLON error  (409)
	pattern : pattern . BAR pattern  (410)
	pattern : pattern . BAR error  (411)
	pattern : pattern . attribute  (413)
	pattern_comma_list : pattern . COMMA pattern  (460)
	pattern_comma_list : pattern . COMMA error  (461)

	AS  shift 473
	BAR  shift 474
	COLONCOLON  shift 475
	COMMA  shift 476
	LBRACKETAT  shift 185
	MINUSGREATER  shift 958
	WHEN  shift 959
	.  error

	attribute  goto 478


state 762
	expr : FUNCTION ext_attributes opt_bar match_cases .  (231)
	match_cases : match_cases . BAR match_case  (375)

	BAR  shift 960
	error  reduce 231
	AMPERAMPER  reduce 231
	AMPERSAND  reduce 231
	AND  reduce 231
	BARBAR  reduce 231
	BARRBRACKET  reduce 231
	CLASS  reduce 231
	COLON  reduce 231
	COLONCOLON  reduce 231
	COLONEQUAL  reduce 231
	COLONGREATER  reduce 231
	COMMA  reduce 231
	CONSTRAINT  reduce 231
	DO  reduce 231
	DONE  reduce 231
	DOWNTO  reduce 231
	ELSE  reduce 231
	END  reduce 231
	EOF  reduce 231
	EQUAL  reduce 231
	EXCEPTION  reduce 231
	EXTERNAL  reduce 231
	GREATER  reduce 231
	GREATERRBRACE  reduce 231
	IN  reduce 231
	INCLUDE  reduce 231
	INFIXOP0  reduce 231
	INFIXOP1  reduce 231
	INFIXOP2  reduce 231
	INFIXOP3  reduce 231
	INFIXOP4  reduce 231
	INHERIT  reduce 231
	INITIALIZER  reduce 231
	LBRACKETPERCENTPERCENT  reduce 231
	LESS  reduce 231
	LET  reduce 231
	LBRACKETAT  reduce 231
	LBRACKETATAT  reduce 231
	LBRACKETATATAT  reduce 231
	METHOD  reduce 231
	MINUS  reduce 231
	MINUSDOT  reduce 231
	MINUSGREATER  reduce 231
	MODULE  reduce 231
	OPEN  reduce 231
	OR  reduce 231
	PERCENT  reduce 231
	PLUS  reduce 231
	PLUSDOT  reduce 231
	PLUSEQ  reduce 231
	RBRACE  reduce 231
	RBRACKET  reduce 231
	RPAREN  reduce 231
	SEMI  reduce 231
	SEMISEMI  reduce 231
	HASH  reduce 231
	STAR  reduce 231
	THEN  reduce 231
	TO  reduce 231
	TYPE  reduce 231
	VAL  reduce 231
	WITH  reduce 231


state 763
	match_cases : match_case .  (374)

	.  reduce 374


state 764
	expr : IF ext_attributes seq_expr THEN . expr ELSE expr  (240)
	expr : IF ext_attributes seq_expr THEN . expr  (241)

	ASSERT  shift 9
	BACKQUOTE  shift 10
	BANG  shift 11
	BEGIN  shift 12
	CHAR  shift 13
	FALSE  shift 17
	FLOAT  shift 18
	FOR  shift 19
	FUN  shift 20
	FUNCTION  shift 21
	IF  shift 22
	INT  shift 24
	LAZY  shift 25
	LBRACE  shift 26
	LBRACELESS  shift 27
	LBRACKET  shift 28
	LBRACKETBAR  shift 29
	LBRACKETPERCENT  shift 30
	LET  shift 32
	LIDENT  shift 33
	LPAREN  shift 34
	MATCH  shift 36
	MINUS  shift 37
	MINUSDOT  shift 38
	NEW  shift 40
	OBJECT  shift 41
	PLUS  shift 43
	PLUSDOT  shift 44
	PREFIXOP  shift 45
	STRING  shift 47
	TRUE  shift 48
	TRY  shift 49
	UIDENT  shift 51
	UNDERSCORE  shift 52
	WHILE  shift 54
	.  error

	mod_longident  goto 59
	extension  goto 60
	expr  goto 961
	let_bindings  goto 159
	label  goto 81
	simple_expr  goto 83
	expr_comma_list  goto 84
	constr_longident  goto 85
	name_tag  goto 86
	subtractive  goto 87
	additive  goto 88
	val_longident  goto 89
	constant  goto 90
	val_ident  goto 91
	let_binding  goto 92


state 765
	module_expr : FUNCTOR attributes . functor_args MINUSGREATER module_expr  (29)

	LPAREN  shift 816
	.  error

	functor_arg  goto 962
	functor_args  goto 963


state 766
	paren_module_expr : LPAREN VAL . attributes expr RPAREN  (39)
	paren_module_expr : LPAREN VAL . attributes expr COLON package_type RPAREN  (40)
	paren_module_expr : LPAREN VAL . attributes expr COLON package_type COLONGREATER package_type RPAREN  (41)
	paren_module_expr : LPAREN VAL . attributes expr COLONGREATER package_type RPAREN  (42)
	paren_module_expr : LPAREN VAL . attributes expr COLON error  (43)
	paren_module_expr : LPAREN VAL . attributes expr COLONGREATER error  (44)
	paren_module_expr : LPAREN VAL . attributes expr error  (45)
	attributes : .  (789)

	LBRACKETAT  shift 185
	ASSERT  reduce 789
	BACKQUOTE  reduce 789
	BANG  reduce 789
	BEGIN  reduce 789
	CHAR  reduce 789
	FALSE  reduce 789
	FLOAT  reduce 789
	FOR  reduce 789
	FUN  reduce 789
	FUNCTION  reduce 789
	IF  reduce 789
	INT  reduce 789
	LAZY  reduce 789
	LBRACE  reduce 789
	LBRACELESS  reduce 789
	LBRACKET  reduce 789
	LBRACKETBAR  reduce 789
	LBRACKETPERCENT  reduce 789
	LET  reduce 789
	LIDENT  reduce 789
	LPAREN  reduce 789
	MATCH  reduce 789
	MINUS  reduce 789
	MINUSDOT  reduce 789
	NEW  reduce 789
	OBJECT  reduce 789
	PLUS  reduce 789
	PLUSDOT  reduce 789
	PREFIXOP  reduce 789
	STRING  reduce 789
	TRUE  reduce 789
	TRY  reduce 789
	UIDENT  reduce 789
	UNDERSCORE  reduce 789
	WHILE  reduce 789

	attributes  goto 964
	attribute  goto 487


state 767
	module_expr : module_expr . paren_module_expr  (30)
	module_expr : module_expr . LPAREN RPAREN  (31)
	module_expr : module_expr . attribute  (33)
	paren_module_expr : LPAREN module_expr . COLON module_type RPAREN  (35)
	paren_module_expr : LPAREN module_expr . COLON module_type error  (36)
	paren_module_expr : LPAREN module_expr . RPAREN  (37)
	paren_module_expr : LPAREN module_expr . error  (38)

	error  shift 965
	COLON  shift 966
	LPAREN  shift 769
	LBRACKETAT  shift 185
	RPAREN  shift 967
	.  error

	paren_module_expr  goto 771
	attribute  goto 772


state 768
	module_expr : STRUCT attributes . structure END  (27)
	module_expr : STRUCT attributes . structure error  (28)
	structure_tail : .  (48)

	ASSERT  shift 9
	BACKQUOTE  shift 10
	BANG  shift 11
	BEGIN  shift 12
	CHAR  shift 13
	CLASS  shift 14
	EXCEPTION  shift 15
	EXTERNAL  shift 16
	FALSE  shift 17
	FLOAT  shift 18
	FOR  shift 19
	FUN  shift 20
	FUNCTION  shift 21
	IF  shift 22
	INCLUDE  shift 23
	INT  shift 24
	LAZY  shift 25
	LBRACE  shift 26
	LBRACELESS  shift 27
	LBRACKET  shift 28
	LBRACKETBAR  shift 29
	LBRACKETPERCENT  shift 30
	LBRACKETPERCENTPERCENT  shift 31
	LET  shift 32
	LIDENT  shift 33
	LPAREN  shift 34
	LBRACKETATATAT  shift 35
	MATCH  shift 36
	MINUS  shift 37
	MINUSDOT  shift 38
	MODULE  shift 39
	NEW  shift 40
	OBJECT  shift 41
	OPEN  shift 42
	PLUS  shift 43
	PLUSDOT  shift 44
	PREFIXOP  shift 45
	SEMISEMI  shift 46
	STRING  shift 47
	TRUE  shift 48
	TRY  shift 49
	TYPE  shift 50
	UIDENT  shift 51
	UNDERSCORE  shift 52
	VAL  shift 53
	WHILE  shift 54
	error  reduce 48
	END  reduce 48

	structure  goto 968
	seq_expr  goto 57
	structure_item  goto 58
	mod_longident  goto 59
	extension  goto 60
	expr  goto 61
	structure_tail  goto 62
	let_bindings  goto 63
	primitive_declaration  goto 64
	value_description  goto 65
	type_declarations  goto 66
	str_type_extension  goto 67
	str_exception_declaration  goto 68
	module_binding  goto 69
	rec_module_bindings  goto 70
	module_type_declaration  goto 71
	open_statement  goto 72
	class_declarations  goto 73
	class_type_declarations  goto 74
	str_include_statement  goto 75
	item_extension  goto 76
	floating_attribute  goto 77
	rec_module_binding  goto 78
	sig_exception_declaration  goto 79
	class_declaration  goto 80
	label  goto 81
	class_type_declaration  goto 82
	simple_expr  goto 83
	expr_comma_list  goto 84
	constr_longident  goto 85
	name_tag  goto 86
	subtractive  goto 87
	additive  goto 88
	val_longident  goto 89
	constant  goto 90
	val_ident  goto 91
	let_binding  goto 92
	type_declaration  goto 93


state 769
	module_expr : module_expr LPAREN . RPAREN  (31)
	paren_module_expr : LPAREN . module_expr COLON module_type RPAREN  (35)
	paren_module_expr : LPAREN . module_expr COLON module_type error  (36)
	paren_module_expr : LPAREN . module_expr RPAREN  (37)
	paren_module_expr : LPAREN . module_expr error  (38)
	paren_module_expr : LPAREN . VAL attributes expr RPAREN  (39)
	paren_module_expr : LPAREN . VAL attributes expr COLON package_type RPAREN  (40)
	paren_module_expr : LPAREN . VAL attributes expr COLON package_type COLONGREATER package_type RPAREN  (41)
	paren_module_expr : LPAREN . VAL attributes expr COLONGREATER package_type RPAREN  (42)
	paren_module_expr : LPAREN . VAL attributes expr COLON error  (43)
	paren_module_expr : LPAREN . VAL attributes expr COLONGREATER error  (44)
	paren_module_expr : LPAREN . VAL attributes expr error  (45)

	FUNCTOR  shift 516
	LBRACKETPERCENT  shift 30
	LPAREN  shift 517
	RPAREN  shift 969
	STRUCT  shift 518
	UIDENT  shift 51
	VAL  shift 766
	.  error

	module_expr  goto 767
	mod_longident  goto 520
	paren_module_expr  goto 521
	extension  goto 522


state 770
	str_include_statement : INCLUDE ext_attributes module_expr post_item_attributes .  (66)

	.  reduce 66


state 771
	module_expr : module_expr paren_module_expr .  (30)

	.  reduce 30


state 772
	module_expr : module_expr attribute .  (33)

	.  reduce 33


state 773
	mod_longident : mod_longident DOT . UIDENT  (686)

	UIDENT  shift 586
	.  error


state 774
	val_ident : LIDENT .  (632)
	label_longident : mod_longident DOT LIDENT .  (682)

	error  reduce 682
	COLON  reduce 682
	COLONGREATER  reduce 682
	DOT  reduce 632
	EQUAL  reduce 682
	DOTOP  reduce 632
	RBRACE  reduce 682
	SEMI  reduce 682
	HASH  reduce 632
	HASHOP  reduce 632
	WITH  reduce 632


state 775
	record_expr : simple_expr WITH lbl_expr_list .  (385)

	.  reduce 385


state 776
	type_constraint : COLON error .  (401)

	.  reduce 401


state 777
	type_constraint : COLON core_type .  (398)
	type_constraint : COLON core_type . COLONGREATER core_type  (399)
	core_type : core_type . attribute  (562)

	COLONGREATER  shift 970
	LBRACKETAT  shift 185
	error  reduce 398
	EQUAL  reduce 398
	RBRACE  reduce 398
	RPAREN  reduce 398
	SEMI  reduce 398

	attribute  goto 440


state 778
	type_constraint : COLONGREATER error .  (402)

	.  reduce 402


state 779
	type_constraint : COLONGREATER core_type .  (400)
	core_type : core_type . attribute  (562)

	LBRACKETAT  shift 185
	error  reduce 400
	EQUAL  reduce 400
	RBRACE  reduce 400
	RPAREN  reduce 400
	SEMI  reduce 400

	attribute  goto 440


state 780
	lbl_expr : label_longident opt_type_constraint EQUAL . expr  (390)

	ASSERT  shift 9
	BACKQUOTE  shift 10
	BANG  shift 11
	BEGIN  shift 12
	CHAR  shift 13
	FALSE  shift 17
	FLOAT  shift 18
	FOR  shift 19
	FUN  shift 20
	FUNCTION  shift 21
	IF  shift 22
	INT  shift 24
	LAZY  shift 25
	LBRACE  shift 26
	LBRACELESS  shift 27
	LBRACKET  shift 28
	LBRACKETBAR  shift 29
	LBRACKETPERCENT  shift 30
	LET  shift 32
	LIDENT  shift 33
	LPAREN  shift 34
	MATCH  shift 36
	MINUS  shift 37
	MINUSDOT  shift 38
	NEW  shift 40
	OBJECT  shift 41
	PLUS  shift 43
	PLUSDOT  shift 44
	PREFIXOP  shift 45
	STRING  shift 47
	TRUE  shift 48
	TRY  shift 49
	UIDENT  shift 51
	UNDERSCORE  shift 52
	WHILE  shift 54
	.  error

	mod_longident  goto 59
	extension  goto 60
	expr  goto 971
	let_bindings  goto 159
	label  goto 81
	simple_expr  goto 83
	expr_comma_list  goto 84
	constr_longident  goto 85
	name_tag  goto 86
	subtractive  goto 87
	additive  goto 88
	val_longident  goto 89
	constant  goto 90
	val_ident  goto 91
	let_binding  goto 92


state 781
	lbl_expr_list : lbl_expr SEMI lbl_expr_list .  (388)

	.  reduce 388


state 782
	expr : expr . COLONCOLON expr  (244)
	expr : expr . INFIXOP0 expr  (245)
	expr : expr . INFIXOP1 expr  (246)
	expr : expr . INFIXOP2 expr  (247)
	expr : expr . INFIXOP3 expr  (248)
	expr : expr . INFIXOP4 expr  (249)
	expr : expr . PLUS expr  (250)
	expr : expr . PLUSDOT expr  (251)
	expr : expr . PLUSEQ expr  (252)
	expr : expr . MINUS expr  (253)
	expr : expr . MINUSDOT expr  (254)
	expr : expr . STAR expr  (255)
	expr : expr . PERCENT expr  (256)
	expr : expr . EQUAL expr  (257)
	expr : expr . LESS expr  (258)
	expr : expr . GREATER expr  (259)
	expr : expr . OR expr  (260)
	expr : expr . BARBAR expr  (261)
	expr : expr . AMPERSAND expr  (262)
	expr : expr . AMPERAMPER expr  (263)
	expr : expr . COLONEQUAL expr  (264)
	expr : expr . attribute  (282)
	expr_comma_list : expr . COMMA expr  (384)
	field_expr : label EQUAL expr .  (394)

	AMPERAMPER  shift 333
	AMPERSAND  shift 334
	BARBAR  shift 335
	COLONCOLON  shift 336
	COLONEQUAL  shift 337
	COMMA  shift 338
	EQUAL  shift 339
	GREATER  shift 340
	INFIXOP0  shift 341
	INFIXOP1  shift 342
	INFIXOP2  shift 343
	INFIXOP3  shift 344
	INFIXOP4  shift 345
	LESS  shift 346
	LBRACKETAT  shift 185
	MINUS  shift 347
	MINUSDOT  shift 348
	OR  shift 349
	PERCENT  shift 350
	PLUS  shift 351
	PLUSDOT  shift 352
	PLUSEQ  shift 353
	STAR  shift 355
	error  reduce 394
	GREATERRBRACE  reduce 394
	SEMI  reduce 394

	attribute  goto 356


state 783
	field_expr_list : field_expr SEMI field_expr_list .  (393)

	.  reduce 393


state 784
	expr : expr . COLONCOLON expr  (244)
	expr : expr . INFIXOP0 expr  (245)
	expr : expr . INFIXOP1 expr  (246)
	expr : expr . INFIXOP2 expr  (247)
	expr : expr . INFIXOP3 expr  (248)
	expr : expr . INFIXOP4 expr  (249)
	expr : expr . PLUS expr  (250)
	expr : expr . PLUSDOT expr  (251)
	expr : expr . PLUSEQ expr  (252)
	expr : expr . MINUS expr  (253)
	expr : expr . MINUSDOT expr  (254)
	expr : expr . STAR expr  (255)
	expr : expr . PERCENT expr  (256)
	expr : expr . EQUAL expr  (257)
	expr : expr . LESS expr  (258)
	expr : expr . GREATER expr  (259)
	expr : expr . OR expr  (260)
	expr : expr . BARBAR expr  (261)
	expr : expr . AMPERSAND expr  (262)
	expr : expr . AMPERAMPER expr  (263)
	expr : expr . COLONEQUAL expr  (264)
	expr : expr . attribute  (282)
	expr_comma_list : expr . COMMA expr  (384)
	expr_semi_list : expr_semi_list SEMI expr .  (397)

	AMPERAMPER  shift 333
	AMPERSAND  shift 334
	BARBAR  shift 335
	COLONCOLON  shift 336
	COLONEQUAL  shift 337
	COMMA  shift 338
	EQUAL  shift 339
	GREATER  shift 340
	INFIXOP0  shift 341
	INFIXOP1  shift 342
	INFIXOP2  shift 343
	INFIXOP3  shift 344
	INFIXOP4  shift 345
	LESS  shift 346
	LBRACKETAT  shift 185
	MINUS  shift 347
	MINUSDOT  shift 348
	OR  shift 349
	PERCENT  shift 350
	PLUS  shift 351
	PLUSDOT  shift 352
	PLUSEQ  shift 353
	STAR  shift 355
	error  reduce 397
	BARRBRACKET  reduce 397
	RBRACKET  reduce 397
	SEMI  reduce 397

	attribute  goto 356


state 785
	simple_expr : LBRACKET expr_semi_list opt_semi error .  (327)

	.  reduce 327


state 786
	simple_expr : LBRACKET expr_semi_list opt_semi RBRACKET .  (326)

	.  reduce 326


state 787
	simple_expr : LBRACKETBAR expr_semi_list opt_semi error .  (321)

	.  reduce 321


state 788
	simple_expr : LBRACKETBAR expr_semi_list opt_semi BARRBRACKET .  (320)

	.  reduce 320


state 789
	payload : COLON signature .  (797)

	.  reduce 797


state 790
	core_type : core_type . attribute  (562)
	payload : COLON core_type .  (798)

	LBRACKETAT  shift 185
	RBRACKET  reduce 798

	attribute  goto 440


state 791
	pattern : pattern . AS val_ident  (405)
	pattern : pattern . AS error  (406)
	pattern : pattern . COLONCOLON pattern  (408)
	pattern : pattern . COLONCOLON error  (409)
	pattern : pattern . BAR pattern  (410)
	pattern : pattern . BAR error  (411)
	pattern : pattern . attribute  (413)
	pattern_comma_list : pattern . COMMA pattern  (460)
	pattern_comma_list : pattern . COMMA error  (461)
	payload : QUESTION pattern .  (799)
	payload : QUESTION pattern . WHEN seq_expr  (800)

	AS  shift 473
	BAR  shift 474
	COLONCOLON  shift 475
	COMMA  shift 476
	LBRACKETAT  shift 185
	WHEN  shift 972
	RBRACKET  reduce 799

	attribute  goto 478


state 792
	extension : LBRACKETPERCENT attr_id payload RBRACKET .  (794)

	.  reduce 794


state 793
	attr_id : single_attr_id DOT attr_id .  (783)

	.  reduce 783


state 794
	item_extension : LBRACKETPERCENTPERCENT attr_id payload RBRACKET .  (795)

	.  reduce 795


state 795
	expr : LET EXCEPTION ext_attributes let_exception_declaration . IN seq_expr  (229)

	IN  shift 973
	.  error


state 796
	let_exception_declaration : constr_ident . generalized_constructor_arguments attributes  (520)
	generalized_constructor_arguments : .  (521)

	COLON  shift 736
	OF  shift 738
	IN  reduce 521
	LBRACKETAT  reduce 521

	generalized_constructor_arguments  goto 974


state 797
	expr : LET MODULE ext_attributes UIDENT . module_binding_body IN seq_expr  (228)

	COLON  shift 814
	EQUAL  shift 815
	LPAREN  shift 816
	.  error

	functor_arg  goto 817
	module_binding_body  goto 975


state 798
	expr : LET OPEN override_flag ext_attributes . mod_longident IN seq_expr  (230)

	UIDENT  shift 51
	.  error

	mod_longident  goto 976


state 799
	let_binding : LET ext_attributes rec_flag let_binding_body . post_item_attributes  (367)
	post_item_attributes : .  (787)

	LBRACKETATAT  shift 326
	error  reduce 787
	AND  reduce 787
	CLASS  reduce 787
	END  reduce 787
	EOF  reduce 787
	EXCEPTION  reduce 787
	EXTERNAL  reduce 787
	IN  reduce 787
	INCLUDE  reduce 787
	LBRACKETPERCENTPERCENT  reduce 787
	LET  reduce 787
	LBRACKETATATAT  reduce 787
	MODULE  reduce 787
	OPEN  reduce 787
	RBRACKET  reduce 787
	SEMISEMI  reduce 787
	HASH  reduce 787
	TYPE  reduce 787
	VAL  reduce 787

	post_item_attributes  goto 977
	post_item_attribute  goto 328


state 800
	let_binding_body : val_ident . strict_binding  (359)
	let_binding_body : val_ident . type_constraint EQUAL seq_expr  (360)
	let_binding_body : val_ident . COLON typevar_list DOT core_type EQUAL seq_expr  (361)
	let_binding_body : val_ident . COLON TYPE lident_list DOT core_type EQUAL seq_expr  (362)
	simple_pattern : val_ident .  (428)

	BACKQUOTE  shift 10
	CHAR  shift 13
	COLON  shift 978
	COLONGREATER  shift 527
	EQUAL  shift 979
	FALSE  shift 17
	FLOAT  shift 18
	INT  shift 24
	LABEL  shift 505
	LBRACE  shift 162
	LBRACKET  shift 163
	LBRACKETBAR  shift 164
	LBRACKETPERCENT  shift 30
	LIDENT  shift 165
	LPAREN  shift 980
	MINUS  shift 167
	OPTLABEL  shift 507
	PLUS  shift 168
	QUESTION  shift 508
	HASH  shift 169
	STRING  shift 47
	TILDE  shift 509
	TRUE  shift 48
	UIDENT  shift 51
	UNDERSCORE  shift 170
	AS  reduce 428
	BAR  reduce 428
	COLONCOLON  reduce 428
	COMMA  reduce 428
	LBRACKETAT  reduce 428

	mod_longident  goto 173
	extension  goto 174
	labeled_simple_pattern  goto 981
	type_constraint  goto 982
	strict_binding  goto 983
	simple_pattern  goto 511
	constr_longident  goto 512
	name_tag  goto 513
	constant  goto 178
	val_ident  goto 179
	simple_pattern_not_ident  goto 180
	signed_constant  goto 183
	simple_delimited_pattern  goto 184


state 801
	let_binding_body : pattern_no_exn . EQUAL seq_expr  (363)
	pattern_no_exn : pattern_no_exn . AS val_ident  (415)
	pattern_no_exn : pattern_no_exn . AS error  (416)
	pattern_no_exn : pattern_no_exn . COLONCOLON pattern  (418)
	pattern_no_exn : pattern_no_exn . COLONCOLON error  (419)
	pattern_no_exn : pattern_no_exn . BAR pattern  (420)
	pattern_no_exn : pattern_no_exn . BAR error  (421)
	pattern_no_exn : pattern_no_exn . attribute  (422)
	pattern_no_exn_comma_list : pattern_no_exn . COMMA pattern  (463)
	pattern_no_exn_comma_list : pattern_no_exn . COMMA error  (464)

	AS  shift 984
	BAR  shift 985
	COLONCOLON  shift 986
	COMMA  shift 987
	EQUAL  shift 988
	LBRACKETAT  shift 185
	.  error

	attribute  goto 989


state 802
	let_binding_body : simple_pattern_not_ident . COLON core_type EQUAL seq_expr  (364)
	simple_pattern : simple_pattern_not_ident .  (429)

	COLON  shift 990
	AS  reduce 429
	BAR  reduce 429
	COLONCOLON  reduce 429
	COMMA  reduce 429
	EQUAL  reduce 429
	LBRACKETAT  reduce 429


state 803
	pattern_no_exn : pattern_gen .  (423)

	.  reduce 423


state 804
	pattern_no_exn : pattern_no_exn_comma_list .  (417)
	pattern_no_exn_comma_list : pattern_no_exn_comma_list . COMMA pattern  (462)

	COMMA  shift 991
	AS  reduce 417
	BAR  reduce 417
	COLONCOLON  reduce 417
	EQUAL  reduce 417
	LBRACKETAT  reduce 417


state 805
	operator : DOTOP LBRACE RBRACE .  (647)
	operator : DOTOP LBRACE RBRACE . LESSMINUS  (648)

	LESSMINUS  shift 992
	error  reduce 647
	RPAREN  reduce 647


state 806
	operator : DOTOP LBRACKET RBRACKET .  (645)
	operator : DOTOP LBRACKET RBRACKET . LESSMINUS  (646)

	LESSMINUS  shift 993
	error  reduce 645
	RPAREN  reduce 645


state 807
	operator : DOTOP LPAREN RPAREN .  (643)
	operator : DOTOP LPAREN RPAREN . LESSMINUS  (644)

	LESSMINUS  shift 994
	error  reduce 643
	RPAREN  reduce 643


state 808
	module_expr : module_expr . paren_module_expr  (30)
	module_expr : module_expr . LPAREN RPAREN  (31)
	module_expr : module_expr . attribute  (33)
	simple_expr : LPAREN MODULE ext_attributes module_expr . RPAREN  (342)
	simple_expr : LPAREN MODULE ext_attributes module_expr . COLON package_type RPAREN  (343)
	simple_expr : LPAREN MODULE ext_attributes module_expr . COLON error  (344)

	COLON  shift 995
	LPAREN  shift 769
	LBRACKETAT  shift 185
	RPAREN  shift 996
	.  error

	paren_module_expr  goto 771
	attribute  goto 772


state 809
	simple_expr : LPAREN seq_expr type_constraint RPAREN .  (293)

	.  reduce 293


state 810
	floating_attribute : LBRACKETATATAT attr_id payload RBRACKET .  (786)

	.  reduce 786


state 811
	expr : MATCH ext_attributes seq_expr WITH . opt_bar match_cases  (234)
	opt_bar : .  (723)

	BAR  shift 416
	BACKQUOTE  reduce 723
	CHAR  reduce 723
	EXCEPTION  reduce 723
	FALSE  reduce 723
	FLOAT  reduce 723
	INT  reduce 723
	LAZY  reduce 723
	LBRACE  reduce 723
	LBRACKET  reduce 723
	LBRACKETBAR  reduce 723
	LBRACKETPERCENT  reduce 723
	LIDENT  reduce 723
	LPAREN  reduce 723
	MINUS  reduce 723
	PLUS  reduce 723
	HASH  reduce 723
	STRING  reduce 723
	TRUE  reduce 723
	UIDENT  reduce 723
	UNDERSCORE  reduce 723

	opt_bar  goto 997


state 812
	module_type_declaration : MODULE TYPE ext_attributes ident . module_type_declaration_body post_item_attributes  (117)
	module_type_declaration_body : .  (115)

	EQUAL  shift 998
	error  reduce 115
	CLASS  reduce 115
	END  reduce 115
	EOF  reduce 115
	EXCEPTION  reduce 115
	EXTERNAL  reduce 115
	INCLUDE  reduce 115
	LBRACKETPERCENTPERCENT  reduce 115
	LET  reduce 115
	LBRACKETATAT  reduce 115
	LBRACKETATATAT  reduce 115
	MODULE  reduce 115
	OPEN  reduce 115
	RBRACKET  reduce 115
	SEMISEMI  reduce 115
	HASH  reduce 115
	TYPE  reduce 115
	VAL  reduce 115

	module_type_declaration_body  goto 999


state 813
	rec_module_binding : MODULE ext_attributes REC UIDENT . module_binding_body post_item_attributes  (73)

	COLON  shift 814
	EQUAL  shift 815
	LPAREN  shift 816
	.  error

	functor_arg  goto 817
	module_binding_body  goto 1000


state 814
	module_binding_body : COLON . module_type EQUAL module_expr  (68)

	FUNCTOR  shift 638
	LBRACKETPERCENT  shift 30
	LIDENT  shift 189
	LPAREN  shift 639
	MODULE  shift 640
	SIG  shift 641
	UIDENT  shift 642
	.  error

	module_type  goto 1001
	extension  goto 644
	mty_longident  goto 645
	ident  goto 646
	mod_ext_longident  goto 647


state 815
	module_binding_body : EQUAL . module_expr  (67)

	FUNCTOR  shift 516
	LBRACKETPERCENT  shift 30
	LPAREN  shift 517
	STRUCT  shift 518
	UIDENT  shift 51
	.  error

	module_expr  goto 1002
	mod_longident  goto 520
	paren_module_expr  goto 521
	extension  goto 522


state 816
	functor_arg : LPAREN . RPAREN  (20)
	functor_arg : LPAREN . functor_arg_name COLON module_type RPAREN  (21)

	RPAREN  shift 1003
	UIDENT  shift 1004
	UNDERSCORE  shift 1005
	.  error

	functor_arg_name  goto 1006


state 817
	module_binding_body : functor_arg . module_binding_body  (69)

	COLON  shift 814
	EQUAL  shift 815
	LPAREN  shift 816
	.  error

	functor_arg  goto 817
	module_binding_body  goto 1007


state 818
	module_binding : MODULE ext_attributes UIDENT module_binding_body . post_item_attributes  (70)
	post_item_attributes : .  (787)

	LBRACKETATAT  shift 326
	error  reduce 787
	CLASS  reduce 787
	END  reduce 787
	EOF  reduce 787
	EXCEPTION  reduce 787
	EXTERNAL  reduce 787
	INCLUDE  reduce 787
	LBRACKETPERCENTPERCENT  reduce 787
	LET  reduce 787
	LBRACKETATATAT  reduce 787
	MODULE  reduce 787
	OPEN  reduce 787
	RBRACKET  reduce 787
	SEMISEMI  reduce 787
	HASH  reduce 787
	TYPE  reduce 787
	VAL  reduce 787

	post_item_attributes  goto 1008
	post_item_attribute  goto 328


state 819
	class_self_pattern : LPAREN pattern . RPAREN  (145)
	class_self_pattern : LPAREN pattern . COLON core_type RPAREN  (146)
	pattern : pattern . AS val_ident  (405)
	pattern : pattern . AS error  (406)
	pattern : pattern . COLONCOLON pattern  (408)
	pattern : pattern . COLONCOLON error  (409)
	pattern : pattern . BAR pattern  (410)
	pattern : pattern . BAR error  (411)
	pattern : pattern . attribute  (413)
	pattern_comma_list : pattern . COMMA pattern  (460)
	pattern_comma_list : pattern . COMMA error  (461)

	AS  shift 473
	BAR  shift 474
	COLON  shift 1009
	COLONCOLON  shift 475
	COMMA  shift 476
	LBRACKETAT  shift 185
	RPAREN  shift 1010
	.  error

	attribute  goto 478


state 820
	expr : OBJECT ext_attributes class_structure error .  (281)

	.  reduce 281


state 821
	expr : OBJECT ext_attributes class_structure END .  (280)

	.  reduce 280


state 822
	class_structure : class_self_pattern class_fields .  (144)
	class_fields : class_fields . class_field  (149)

	CONSTRAINT  shift 1011
	INHERIT  shift 1012
	INITIALIZER  shift 1013
	LBRACKETPERCENTPERCENT  shift 31
	LBRACKETATATAT  shift 35
	METHOD  shift 1014
	VAL  shift 1015
	error  reduce 144
	END  reduce 144

	item_extension  goto 1016
	floating_attribute  goto 1017
	class_field  goto 1018


state 823
	open_statement : OPEN override_flag ext_attributes mod_longident . post_item_attributes  (104)
	mod_longident : mod_longident . DOT UIDENT  (686)
	post_item_attributes : .  (787)

	DOT  shift 773
	LBRACKETATAT  shift 326
	error  reduce 787
	CLASS  reduce 787
	END  reduce 787
	EOF  reduce 787
	EXCEPTION  reduce 787
	EXTERNAL  reduce 787
	INCLUDE  reduce 787
	LBRACKETPERCENTPERCENT  reduce 787
	LET  reduce 787
	LBRACKETATATAT  reduce 787
	MODULE  reduce 787
	OPEN  reduce 787
	RBRACKET  reduce 787
	SEMISEMI  reduce 787
	HASH  reduce 787
	TYPE  reduce 787
	VAL  reduce 787

	post_item_attributes  goto 1019
	post_item_attribute  goto 328


state 824
	expr : TRY ext_attributes seq_expr WITH . opt_bar match_cases  (235)
	expr : TRY ext_attributes seq_expr WITH . error  (236)
	opt_bar : .  (723)

	error  shift 1020
	BAR  shift 416
	BACKQUOTE  reduce 723
	CHAR  reduce 723
	EXCEPTION  reduce 723
	FALSE  reduce 723
	FLOAT  reduce 723
	INT  reduce 723
	LAZY  reduce 723
	LBRACE  reduce 723
	LBRACKET  reduce 723
	LBRACKETBAR  reduce 723
	LBRACKETPERCENT  reduce 723
	LIDENT  reduce 723
	LPAREN  reduce 723
	MINUS  reduce 723
	PLUS  reduce 723
	HASH  reduce 723
	STRING  reduce 723
	TRUE  reduce 723
	UIDENT  reduce 723
	UNDERSCORE  reduce 723

	opt_bar  goto 1021


state 825
	optional_type_parameters : LPAREN . optional_type_parameter_list RPAREN  (498)
	type_variance : .  (505)

	MINUS  shift 826
	PLUS  shift 827
	QUOTE  reduce 505
	UNDERSCORE  reduce 505

	optional_type_parameter  goto 1022
	optional_type_parameter_list  goto 1023
	type_variance  goto 830


state 826
	type_variance : MINUS .  (507)

	.  reduce 507


state 827
	type_variance : PLUS .  (506)

	.  reduce 506


state 828
	type_declaration : TYPE ext_attributes nonrec_flag optional_type_parameters . LIDENT type_kind constraints post_item_attributes  (481)
	str_type_extension : TYPE ext_attributes nonrec_flag optional_type_parameters . type_longident PLUSEQ private_flag str_extension_constructors post_item_attributes  (532)

	LIDENT  shift 1024
	UIDENT  shift 145
	.  error

	type_longident  goto 1025
	mod_ext_longident  goto 154


state 829
	optional_type_parameters : optional_type_parameter .  (497)

	.  reduce 497


state 830
	optional_type_parameter : type_variance . optional_type_variable  (499)

	QUOTE  shift 1026
	UNDERSCORE  shift 1027
	.  error

	optional_type_variable  goto 1028


state 831
	value_description : VAL ext_attributes val_ident COLON . core_type post_item_attributes  (475)

	LBRACKET  shift 135
	LBRACKETLESS  shift 136
	LBRACKETGREATER  shift 137
	LBRACKETPERCENT  shift 30
	LESS  shift 138
	LIDENT  shift 139
	LPAREN  shift 140
	OPTLABEL  shift 141
	QUESTION  shift 142
	QUOTE  shift 143
	HASH  shift 144
	UIDENT  shift 145
	UNDERSCORE  shift 146
	.  error

	core_type  goto 1029
	extension  goto 149
	simple_core_type_or_tuple  goto 150
	simple_core_type  goto 151
	type_longident  goto 152
	core_type_no_attr  goto 153
	mod_ext_longident  goto 154
	core_type2  goto 155
	simple_core_type2  goto 156


state 832
	expr : WHILE ext_attributes seq_expr DO . seq_expr DONE  (242)

	ASSERT  shift 9
	BACKQUOTE  shift 10
	BANG  shift 11
	BEGIN  shift 12
	CHAR  shift 13
	FALSE  shift 17
	FLOAT  shift 18
	FOR  shift 19
	FUN  shift 20
	FUNCTION  shift 21
	IF  shift 22
	INT  shift 24
	LAZY  shift 25
	LBRACE  shift 26
	LBRACELESS  shift 27
	LBRACKET  shift 28
	LBRACKETBAR  shift 29
	LBRACKETPERCENT  shift 30
	LET  shift 32
	LIDENT  shift 33
	LPAREN  shift 34
	MATCH  shift 36
	MINUS  shift 37
	MINUSDOT  shift 38
	NEW  shift 40
	OBJECT  shift 41
	PLUS  shift 43
	PLUSDOT  shift 44
	PREFIXOP  shift 45
	STRING  shift 47
	TRUE  shift 48
	TRY  shift 49
	UIDENT  shift 51
	UNDERSCORE  shift 52
	WHILE  shift 54
	.  error

	seq_expr  goto 1030
	mod_longident  goto 59
	extension  goto 60
	expr  goto 61
	let_bindings  goto 159
	label  goto 81
	simple_expr  goto 83
	expr_comma_list  goto 84
	constr_longident  goto 85
	name_tag  goto 86
	subtractive  goto 87
	additive  goto 88
	val_longident  goto 89
	constant  goto 90
	val_ident  goto 91
	let_binding  goto 92


state 833
	post_item_attribute : LBRACKETATAT attr_id payload . RBRACKET  (785)

	RBRACKET  shift 1031
	.  error


state 834
	simple_expr : mod_longident DOT LBRACE record_expr . RBRACE  (318)
	simple_expr : mod_longident DOT LBRACE record_expr . error  (319)

	error  shift 1032
	RBRACE  shift 1033
	.  error


state 835
	simple_expr : mod_longident DOT LBRACELESS GREATERRBRACE .  (338)

	.  reduce 338


state 836
	simple_expr : mod_longident DOT LBRACELESS field_expr_list . GREATERRBRACE  (337)
	simple_expr : mod_longident DOT LBRACELESS field_expr_list . error  (339)

	error  shift 1034
	GREATERRBRACE  shift 1035
	.  error


state 837
	simple_expr : mod_longident DOT LBRACKET RBRACKET .  (329)

	.  reduce 329


state 838
	simple_expr : mod_longident DOT LBRACKET expr_semi_list . opt_semi RBRACKET  (328)
	simple_expr : mod_longident DOT LBRACKET expr_semi_list . opt_semi error  (330)
	expr_semi_list : expr_semi_list . SEMI expr  (397)
	opt_semi : .  (725)

	SEMI  shift 538
	error  reduce 725
	RBRACKET  reduce 725

	opt_semi  goto 1036


state 839
	simple_expr : mod_longident DOT LBRACKETBAR BARRBRACKET .  (324)

	.  reduce 324


state 840
	simple_expr : mod_longident DOT LBRACKETBAR expr_semi_list . opt_semi BARRBRACKET  (323)
	simple_expr : mod_longident DOT LBRACKETBAR expr_semi_list . opt_semi error  (325)
	expr_semi_list : expr_semi_list . SEMI expr  (397)
	opt_semi : .  (725)

	SEMI  shift 538
	error  reduce 725
	BARRBRACKET  reduce 725

	opt_semi  goto 1037


state 841
	constr_longident : mod_longident DOT LPAREN COLONCOLON . RPAREN  (675)

	RPAREN  shift 1038
	.  error


state 842
	simple_expr : mod_longident DOT LPAREN MODULE . ext_attributes module_expr COLON package_type RPAREN  (345)
	simple_expr : mod_longident DOT LPAREN MODULE . ext_attributes module_expr COLON error  (346)
	val_ident : LPAREN MODULE . error  (636)
	ext_attributes : .  (791)

	error  shift 556
	LBRACKETAT  shift 185
	PERCENT  shift 186
	FUNCTOR  reduce 791
	LBRACKETPERCENT  reduce 791
	LPAREN  reduce 791
	STRUCT  reduce 791
	UIDENT  reduce 791

	attribute  goto 187
	ext_attributes  goto 1039


state 843
	simple_expr : mod_longident DOT LPAREN RPAREN .  (296)

	.  reduce 296


state 844
	simple_expr : mod_longident DOT LPAREN seq_expr . RPAREN  (295)
	simple_expr : mod_longident DOT LPAREN seq_expr . error  (297)

	error  shift 1040
	RPAREN  shift 1041
	.  error


state 845
	seq_expr : expr SEMI PERCENT attr_id . seq_expr  (207)

	ASSERT  shift 9
	BACKQUOTE  shift 10
	BANG  shift 11
	BEGIN  shift 12
	CHAR  shift 13
	FALSE  shift 17
	FLOAT  shift 18
	FOR  shift 19
	FUN  shift 20
	FUNCTION  shift 21
	IF  shift 22
	INT  shift 24
	LAZY  shift 25
	LBRACE  shift 26
	LBRACELESS  shift 27
	LBRACKET  shift 28
	LBRACKETBAR  shift 29
	LBRACKETPERCENT  shift 30
	LET  shift 32
	LIDENT  shift 33
	LPAREN  shift 34
	MATCH  shift 36
	MINUS  shift 37
	MINUSDOT  shift 38
	NEW  shift 40
	OBJECT  shift 41
	PLUS  shift 43
	PLUSDOT  shift 44
	PREFIXOP  shift 45
	STRING  shift 47
	TRUE  shift 48
	TRY  shift 49
	UIDENT  shift 51
	UNDERSCORE  shift 52
	WHILE  shift 54
	.  error

	seq_expr  goto 1042
	mod_longident  goto 59
	extension  goto 60
	expr  goto 61
	let_bindings  goto 159
	label  goto 81
	simple_expr  goto 83
	expr_comma_list  goto 84
	constr_longident  goto 85
	name_tag  goto 86
	subtractive  goto 87
	additive  goto 88
	val_longident  goto 89
	constant  goto 90
	val_ident  goto 91
	let_binding  goto 92


state 846
	and_let_binding : AND attributes let_binding_body . post_item_attributes  (368)
	post_item_attributes : .  (787)

	LBRACKETATAT  shift 326
	error  reduce 787
	AND  reduce 787
	CLASS  reduce 787
	END  reduce 787
	EOF  reduce 787
	EXCEPTION  reduce 787
	EXTERNAL  reduce 787
	IN  reduce 787
	INCLUDE  reduce 787
	LBRACKETPERCENTPERCENT  reduce 787
	LET  reduce 787
	LBRACKETATATAT  reduce 787
	MODULE  reduce 787
	OPEN  reduce 787
	RBRACKET  reduce 787
	SEMISEMI  reduce 787
	HASH  reduce 787
	TYPE  reduce 787
	VAL  reduce 787

	post_item_attributes  goto 1043
	post_item_attribute  goto 328


state 847
	and_type_declaration : AND attributes optional_type_parameters . LIDENT type_kind constraints post_item_attributes  (482)

	LIDENT  shift 1044
	.  error


state 848
	and_module_binding : AND attributes UIDENT . module_binding_body post_item_attributes  (74)

	COLON  shift 814
	EQUAL  shift 815
	LPAREN  shift 816
	.  error

	functor_arg  goto 817
	module_binding_body  goto 1045


state 849
	and_class_declaration : AND attributes virtual_flag . class_type_parameters LIDENT class_fun_binding post_item_attributes  (121)
	class_type_parameters : .  (125)

	LBRACKET  shift 731
	LIDENT  reduce 125

	class_type_parameters  goto 1046


state 850
	and_class_type_declaration : AND attributes virtual_flag . class_type_parameters LIDENT EQUAL class_signature post_item_attributes  (203)
	class_type_parameters : .  (125)

	LBRACKET  shift 731
	LIDENT  reduce 125

	class_type_parameters  goto 1047


state 851
	expr : expr . COLONCOLON expr  (244)
	expr : expr . INFIXOP0 expr  (245)
	expr : expr . INFIXOP1 expr  (246)
	expr : expr . INFIXOP2 expr  (247)
	expr : expr . INFIXOP3 expr  (248)
	expr : expr . INFIXOP4 expr  (249)
	expr : expr . PLUS expr  (250)
	expr : expr . PLUSDOT expr  (251)
	expr : expr . PLUSEQ expr  (252)
	expr : expr . MINUS expr  (253)
	expr : expr . MINUSDOT expr  (254)
	expr : expr . STAR expr  (255)
	expr : expr . PERCENT expr  (256)
	expr : expr . EQUAL expr  (257)
	expr : expr . LESS expr  (258)
	expr : expr . GREATER expr  (259)
	expr : expr . OR expr  (260)
	expr : expr . BARBAR expr  (261)
	expr : expr . AMPERSAND expr  (262)
	expr : expr . AMPERAMPER expr  (263)
	expr : expr . COLONEQUAL expr  (264)
	expr : simple_expr DOT LBRACE expr . RBRACE LESSMINUS expr  (270)
	expr : expr . attribute  (282)
	simple_expr : simple_expr DOT LBRACE expr . RBRACE  (314)
	expr_comma_list : expr . COMMA expr  (384)

	AMPERAMPER  shift 333
	AMPERSAND  shift 334
	BARBAR  shift 335
	COLONCOLON  shift 336
	COLONEQUAL  shift 337
	COMMA  shift 338
	EQUAL  shift 339
	GREATER  shift 340
	INFIXOP0  shift 341
	INFIXOP1  shift 342
	INFIXOP2  shift 343
	INFIXOP3  shift 344
	INFIXOP4  shift 345
	LESS  shift 346
	LBRACKETAT  shift 185
	MINUS  shift 347
	MINUSDOT  shift 348
	OR  shift 349
	PERCENT  shift 350
	PLUS  shift 351
	PLUSDOT  shift 352
	PLUSEQ  shift 353
	RBRACE  shift 1048
	STAR  shift 355
	.  error

	attribute  goto 356


state 852
	expr : expr_comma_list .  (237)
	simple_expr : simple_expr DOT LBRACE expr_comma_list . error  (315)
	expr_comma_list : expr_comma_list . COMMA expr  (383)

	error  shift 1049
	COMMA  shift 382
	AMPERAMPER  reduce 237
	AMPERSAND  reduce 237
	BARBAR  reduce 237
	COLONCOLON  reduce 237
	COLONEQUAL  reduce 237
	EQUAL  reduce 237
	GREATER  reduce 237
	INFIXOP0  reduce 237
	INFIXOP1  reduce 237
	INFIXOP2  reduce 237
	INFIXOP3  reduce 237
	INFIXOP4  reduce 237
	LESS  reduce 237
	LBRACKETAT  reduce 237
	MINUS  reduce 237
	MINUSDOT  reduce 237
	OR  reduce 237
	PERCENT  reduce 237
	PLUS  reduce 237
	PLUSDOT  reduce 237
	PLUSEQ  reduce 237
	RBRACE  reduce 237
	STAR  reduce 237


state 853
	expr : simple_expr DOT LBRACKET seq_expr . RBRACKET LESSMINUS expr  (269)
	simple_expr : simple_expr DOT LBRACKET seq_expr . RBRACKET  (300)
	simple_expr : simple_expr DOT LBRACKET seq_expr . error  (301)

	error  shift 1050
	RBRACKET  shift 1051
	.  error


state 854
	expr : simple_expr DOT LPAREN seq_expr . RPAREN LESSMINUS expr  (268)
	simple_expr : simple_expr DOT LPAREN seq_expr . RPAREN  (298)
	simple_expr : simple_expr DOT LPAREN seq_expr . error  (299)

	error  shift 1052
	RPAREN  shift 1053
	.  error


state 855
	expr : simple_expr DOT mod_longident DOTOP . LBRACKET expr RBRACKET LESSMINUS expr  (274)
	expr : simple_expr DOT mod_longident DOTOP . LPAREN expr RPAREN LESSMINUS expr  (275)
	expr : simple_expr DOT mod_longident DOTOP . LBRACE expr RBRACE LESSMINUS expr  (276)
	simple_expr : simple_expr DOT mod_longident DOTOP . LBRACKET expr RBRACKET  (308)
	simple_expr : simple_expr DOT mod_longident DOTOP . LBRACKET expr error  (309)
	simple_expr : simple_expr DOT mod_longident DOTOP . LPAREN expr RPAREN  (310)
	simple_expr : simple_expr DOT mod_longident DOTOP . LPAREN expr error  (311)
	simple_expr : simple_expr DOT mod_longident DOTOP . LBRACE expr RBRACE  (312)
	simple_expr : simple_expr DOT mod_longident DOTOP . LBRACE expr error  (313)

	LBRACE  shift 1054
	LBRACKET  shift 1055
	LPAREN  shift 1056
	.  error


state 856
	expr : simple_expr DOT label_longident LESSMINUS . expr  (267)

	ASSERT  shift 9
	BACKQUOTE  shift 10
	BANG  shift 11
	BEGIN  shift 12
	CHAR  shift 13
	FALSE  shift 17
	FLOAT  shift 18
	FOR  shift 19
	FUN  shift 20
	FUNCTION  shift 21
	IF  shift 22
	INT  shift 24
	LAZY  shift 25
	LBRACE  shift 26
	LBRACELESS  shift 27
	LBRACKET  shift 28
	LBRACKETBAR  shift 29
	LBRACKETPERCENT  shift 30
	LET  shift 32
	LIDENT  shift 33
	LPAREN  shift 34
	MATCH  shift 36
	MINUS  shift 37
	MINUSDOT  shift 38
	NEW  shift 40
	OBJECT  shift 41
	PLUS  shift 43
	PLUSDOT  shift 44
	PREFIXOP  shift 45
	STRING  shift 47
	TRUE  shift 48
	TRY  shift 49
	UIDENT  shift 51
	UNDERSCORE  shift 52
	WHILE  shift 54
	.  error

	mod_longident  goto 59
	extension  goto 60
	expr  goto 1057
	let_bindings  goto 159
	label  goto 81
	simple_expr  goto 83
	expr_comma_list  goto 84
	constr_longident  goto 85
	name_tag  goto 86
	subtractive  goto 87
	additive  goto 88
	val_longident  goto 89
	constant  goto 90
	val_ident  goto 91
	let_binding  goto 92


state 857
	expr : expr . COLONCOLON expr  (244)
	expr : expr . INFIXOP0 expr  (245)
	expr : expr . INFIXOP1 expr  (246)
	expr : expr . INFIXOP2 expr  (247)
	expr : expr . INFIXOP3 expr  (248)
	expr : expr . INFIXOP4 expr  (249)
	expr : expr . PLUS expr  (250)
	expr : expr . PLUSDOT expr  (251)
	expr : expr . PLUSEQ expr  (252)
	expr : expr . MINUS expr  (253)
	expr : expr . MINUSDOT expr  (254)
	expr : expr . STAR expr  (255)
	expr : expr . PERCENT expr  (256)
	expr : expr . EQUAL expr  (257)
	expr : expr . LESS expr  (258)
	expr : expr . GREATER expr  (259)
	expr : expr . OR expr  (260)
	expr : expr . BARBAR expr  (261)
	expr : expr . AMPERSAND expr  (262)
	expr : expr . AMPERAMPER expr  (263)
	expr : expr . COLONEQUAL expr  (264)
	expr : simple_expr DOTOP LBRACE expr . RBRACE LESSMINUS expr  (273)
	expr : expr . attribute  (282)
	simple_expr : simple_expr DOTOP LBRACE expr . RBRACE  (306)
	simple_expr : simple_expr DOTOP LBRACE expr . error  (307)
	expr_comma_list : expr . COMMA expr  (384)

	error  shift 1058
	AMPERAMPER  shift 333
	AMPERSAND  shift 334
	BARBAR  shift 335
	COLONCOLON  shift 336
	COLONEQUAL  shift 337
	COMMA  shift 338
	EQUAL  shift 339
	GREATER  shift 340
	INFIXOP0  shift 341
	INFIXOP1  shift 342
	INFIXOP2  shift 343
	INFIXOP3  shift 344
	INFIXOP4  shift 345
	LESS  shift 346
	LBRACKETAT  shift 185
	MINUS  shift 347
	MINUSDOT  shift 348
	OR  shift 349
	PERCENT  shift 350
	PLUS  shift 351
	PLUSDOT  shift 352
	PLUSEQ  shift 353
	RBRACE  shift 1059
	STAR  shift 355
	.  error

	attribute  goto 356


state 858
	expr : expr . COLONCOLON expr  (244)
	expr : expr . INFIXOP0 expr  (245)
	expr : expr . INFIXOP1 expr  (246)
	expr : expr . INFIXOP2 expr  (247)
	expr : expr . INFIXOP3 expr  (248)
	expr : expr . INFIXOP4 expr  (249)
	expr : expr . PLUS expr  (250)
	expr : expr . PLUSDOT expr  (251)
	expr : expr . PLUSEQ expr  (252)
	expr : expr . MINUS expr  (253)
	expr : expr . MINUSDOT expr  (254)
	expr : expr . STAR expr  (255)
	expr : expr . PERCENT expr  (256)
	expr : expr . EQUAL expr  (257)
	expr : expr . LESS expr  (258)
	expr : expr . GREATER expr  (259)
	expr : expr . OR expr  (260)
	expr : expr . BARBAR expr  (261)
	expr : expr . AMPERSAND expr  (262)
	expr : expr . AMPERAMPER expr  (263)
	expr : expr . COLONEQUAL expr  (264)
	expr : simple_expr DOTOP LBRACKET expr . RBRACKET LESSMINUS expr  (271)
	expr : expr . attribute  (282)
	simple_expr : simple_expr DOTOP LBRACKET expr . RBRACKET  (302)
	simple_expr : simple_expr DOTOP LBRACKET expr . error  (303)
	expr_comma_list : expr . COMMA expr  (384)

	error  shift 1060
	AMPERAMPER  shift 333
	AMPERSAND  shift 334
	BARBAR  shift 335
	COLONCOLON  shift 336
	COLONEQUAL  shift 337
	COMMA  shift 338
	EQUAL  shift 339
	GREATER  shift 340
	INFIXOP0  shift 341
	INFIXOP1  shift 342
	INFIXOP2  shift 343
	INFIXOP3  shift 344
	INFIXOP4  shift 345
	LESS  shift 346
	LBRACKETAT  shift 185
	MINUS  shift 347
	MINUSDOT  shift 348
	OR  shift 349
	PERCENT  shift 350
	PLUS  shift 351
	PLUSDOT  shift 352
	PLUSEQ  shift 353
	RBRACKET  shift 1061
	STAR  shift 355
	.  error

	attribute  goto 356


state 859
	expr : expr . COLONCOLON expr  (244)
	expr : expr . INFIXOP0 expr  (245)
	expr : expr . INFIXOP1 expr  (246)
	expr : expr . INFIXOP2 expr  (247)
	expr : expr . INFIXOP3 expr  (248)
	expr : expr . INFIXOP4 expr  (249)
	expr : expr . PLUS expr  (250)
	expr : expr . PLUSDOT expr  (251)
	expr : expr . PLUSEQ expr  (252)
	expr : expr . MINUS expr  (253)
	expr : expr . MINUSDOT expr  (254)
	expr : expr . STAR expr  (255)
	expr : expr . PERCENT expr  (256)
	expr : expr . EQUAL expr  (257)
	expr : expr . LESS expr  (258)
	expr : expr . GREATER expr  (259)
	expr : expr . OR expr  (260)
	expr : expr . BARBAR expr  (261)
	expr : expr . AMPERSAND expr  (262)
	expr : expr . AMPERAMPER expr  (263)
	expr : expr . COLONEQUAL expr  (264)
	expr : simple_expr DOTOP LPAREN expr . RPAREN LESSMINUS expr  (272)
	expr : expr . attribute  (282)
	simple_expr : simple_expr DOTOP LPAREN expr . RPAREN  (304)
	simple_expr : simple_expr DOTOP LPAREN expr . error  (305)
	expr_comma_list : expr . COMMA expr  (384)

	error  shift 1062
	AMPERAMPER  shift 333
	AMPERSAND  shift 334
	BARBAR  shift 335
	COLONCOLON  shift 336
	COLONEQUAL  shift 337
	COMMA  shift 338
	EQUAL  shift 339
	GREATER  shift 340
	INFIXOP0  shift 341
	INFIXOP1  shift 342
	INFIXOP2  shift 343
	INFIXOP3  shift 344
	INFIXOP4  shift 345
	LESS  shift 346
	LBRACKETAT  shift 185
	MINUS  shift 347
	MINUSDOT  shift 348
	OR  shift 349
	PERCENT  shift 350
	PLUS  shift 351
	PLUSDOT  shift 352
	PLUSEQ  shift 353
	RPAREN  shift 1063
	STAR  shift 355
	.  error

	attribute  goto 356


state 860
	class_description : CLASS ext_attributes virtual_flag class_type_parameters . LIDENT COLON class_type post_item_attributes  (198)

	LIDENT  shift 1064
	.  error


state 861
	module_type : FUNCTOR attributes . functor_args MINUSGREATER module_type  (78)

	LPAREN  shift 816
	.  error

	functor_arg  goto 962
	functor_args  goto 1065


state 862
	module_type : module_type . MINUSGREATER module_type  (79)
	module_type : module_type . WITH with_constraints  (80)
	module_type : LPAREN module_type . RPAREN  (82)
	module_type : LPAREN module_type . error  (83)
	module_type : module_type . attribute  (85)

	error  shift 1066
	LBRACKETAT  shift 185
	MINUSGREATER  shift 865
	RPAREN  shift 1067
	WITH  shift 866
	.  error

	attribute  goto 868


state 863
	module_type : MODULE TYPE . OF attributes module_expr  (81)

	OF  shift 1068
	.  error


state 864
	module_type : SIG attributes . signature END  (76)
	module_type : SIG attributes . signature error  (77)
	signature : .  (86)

	CLASS  shift 94
	EXCEPTION  shift 95
	EXTERNAL  shift 16
	INCLUDE  shift 96
	LBRACKETPERCENTPERCENT  shift 31
	LBRACKETATATAT  shift 35
	MODULE  shift 97
	OPEN  shift 42
	SEMISEMI  shift 98
	TYPE  shift 99
	VAL  shift 53
	error  reduce 86
	END  reduce 86

	signature  goto 1069
	primitive_declaration  goto 102
	value_description  goto 103
	type_declarations  goto 104
	module_type_declaration  goto 105
	open_statement  goto 106
	class_type_declarations  goto 107
	item_extension  goto 108
	floating_attribute  goto 109
	signature_item  goto 110
	sig_type_extension  goto 111
	sig_exception_declaration  goto 112
	module_declaration  goto 113
	module_alias  goto 114
	rec_module_declarations  goto 115
	sig_include_statement  goto 116
	class_descriptions  goto 117
	rec_module_declaration  goto 118
	class_description  goto 119
	class_type_declaration  goto 82
	type_declaration  goto 93


state 865
	module_type : module_type MINUSGREATER . module_type  (79)

	FUNCTOR  shift 638
	LBRACKETPERCENT  shift 30
	LIDENT  shift 189
	LPAREN  shift 639
	MODULE  shift 640
	SIG  shift 641
	UIDENT  shift 642
	.  error

	module_type  goto 1070
	extension  goto 644
	mty_longident  goto 645
	ident  goto 646
	mod_ext_longident  goto 647


state 866
	module_type : module_type WITH . with_constraints  (80)

	MODULE  shift 1071
	TYPE  shift 1072
	.  error

	with_constraints  goto 1073
	with_constraint  goto 1074


state 867
	sig_include_statement : INCLUDE ext_attributes module_type post_item_attributes .  (105)

	.  reduce 105


state 868
	module_type : module_type attribute .  (85)

	.  reduce 85


state 869
	mod_ext_longident : mod_ext_longident DOT . UIDENT  (688)
	mty_longident : mod_ext_longident DOT . ident  (691)

	LIDENT  shift 189
	UIDENT  shift 1075
	.  error

	ident  goto 1076


state 870
	rec_module_declaration : MODULE ext_attributes REC UIDENT . COLON module_type post_item_attributes  (113)

	COLON  shift 1077
	.  error


state 871
	module_declaration_body : COLON . module_type  (106)

	FUNCTOR  shift 638
	LBRACKETPERCENT  shift 30
	LIDENT  shift 189
	LPAREN  shift 639
	MODULE  shift 640
	SIG  shift 641
	UIDENT  shift 642
	.  error

	module_type  goto 1078
	extension  goto 644
	mty_longident  goto 645
	ident  goto 646
	mod_ext_longident  goto 647


state 872
	module_alias : MODULE ext_attributes UIDENT EQUAL . mod_longident post_item_attributes  (110)

	UIDENT  shift 51
	.  error

	mod_longident  goto 1079


state 873
	module_declaration_body : LPAREN . UIDENT COLON module_type RPAREN module_declaration_body  (107)
	module_declaration_body : LPAREN . RPAREN module_declaration_body  (108)

	RPAREN  shift 1080
	UIDENT  shift 1081
	.  error


state 874
	module_declaration : MODULE ext_attributes UIDENT module_declaration_body . post_item_attributes  (109)
	post_item_attributes : .  (787)

	LBRACKETATAT  shift 326
	error  reduce 787
	CLASS  reduce 787
	END  reduce 787
	EOF  reduce 787
	EXCEPTION  reduce 787
	EXTERNAL  reduce 787
	INCLUDE  reduce 787
	LBRACKETPERCENTPERCENT  reduce 787
	LBRACKETATATAT  reduce 787
	MODULE  reduce 787
	OPEN  reduce 787
	RBRACKET  reduce 787
	SEMISEMI  reduce 787
	TYPE  reduce 787
	VAL  reduce 787

	post_item_attributes  goto 1082
	post_item_attribute  goto 328


state 875
	type_declaration : TYPE ext_attributes nonrec_flag optional_type_parameters . LIDENT type_kind constraints post_item_attributes  (481)
	sig_type_extension : TYPE ext_attributes nonrec_flag optional_type_parameters . type_longident PLUSEQ private_flag sig_extension_constructors post_item_attributes  (533)

	LIDENT  shift 1024
	UIDENT  shift 145
	.  error

	type_longident  goto 1083
	mod_ext_longident  goto 154


state 876
	and_module_declaration : AND attributes UIDENT . COLON module_type post_item_attributes  (114)

	COLON  shift 1084
	.  error


state 877
	and_class_description : AND attributes virtual_flag . class_type_parameters LIDENT COLON class_type post_item_attributes  (199)
	class_type_parameters : .  (125)

	LBRACKET  shift 731
	LIDENT  reduce 125

	class_type_parameters  goto 1085


state 878
	val_longident : mod_longident DOT . val_ident  (673)
	mod_longident : mod_longident DOT . UIDENT  (686)

	LIDENT  shift 165
	LPAREN  shift 502
	UIDENT  shift 586
	.  error

	val_ident  goto 587


state 879
	row_field_list : row_field_list BAR . row_field  (593)

	BACKQUOTE  shift 10
	LBRACKET  shift 135
	LBRACKETLESS  shift 136
	LBRACKETGREATER  shift 137
	LBRACKETPERCENT  shift 30
	LESS  shift 138
	LIDENT  shift 411
	LPAREN  shift 140
	QUOTE  shift 143
	HASH  shift 144
	UIDENT  shift 145
	UNDERSCORE  shift 146
	.  error

	extension  goto 149
	name_tag  goto 412
	simple_core_type  goto 413
	type_longident  goto 152
	mod_ext_longident  goto 154
	simple_core_type2  goto 156
	tag_field  goto 660
	row_field  goto 1086


state 880
	simple_core_type2 : LBRACKET BAR row_field_list RBRACKET .  (583)

	.  reduce 583


state 881
	opt_ampersand : AMPERSAND .  (598)

	.  reduce 598


state 882
	tag_field : name_tag OF opt_ampersand . amper_type_list attributes  (596)

	LBRACKET  shift 135
	LBRACKETLESS  shift 136
	LBRACKETGREATER  shift 137
	LBRACKETPERCENT  shift 30
	LESS  shift 138
	LIDENT  shift 139
	LPAREN  shift 140
	OPTLABEL  shift 141
	QUESTION  shift 142
	QUOTE  shift 143
	HASH  shift 144
	UIDENT  shift 145
	UNDERSCORE  shift 146
	.  error

	extension  goto 149
	simple_core_type_or_tuple  goto 150
	simple_core_type  goto 151
	type_longident  goto 152
	core_type_no_attr  goto 1087
	mod_ext_longident  goto 154
	core_type2  goto 155
	simple_core_type2  goto 156
	amper_type_list  goto 1088


state 883
	simple_core_type2 : LBRACKET row_field BAR row_field_list . RBRACKET  (584)
	row_field_list : row_field_list . BAR row_field  (593)

	BAR  shift 879
	RBRACKET  shift 1089
	.  error


state 884
	simple_core_type2 : LBRACKETLESS opt_bar row_field_list GREATER . name_tag_list RBRACKET  (588)

	BACKQUOTE  shift 10
	.  error

	name_tag  goto 1090
	name_tag_list  goto 1091


state 885
	simple_core_type2 : LBRACKETLESS opt_bar row_field_list RBRACKET .  (587)

	.  reduce 587


state 886
	simple_core_type2 : LBRACKETGREATER opt_bar row_field_list RBRACKET .  (585)

	.  reduce 585


state 887
	typevar_list : QUOTE . ident  (555)
	simple_core_type2 : QUOTE . ident  (572)

	LIDENT  shift 189
	UIDENT  shift 190
	.  error

	ident  goto 1092


state 888
	typevar_list : typevar_list . QUOTE ident  (556)
	poly_type_no_attr : typevar_list . DOT core_type_no_attr  (560)

	DOT  shift 1093
	QUOTE  shift 1094
	.  error


state 889
	field : label COLON poly_type_no_attr . attributes  (617)
	field_semi : label COLON poly_type_no_attr . attributes SEMI attributes  (618)
	attributes : .  (789)

	LBRACKETAT  shift 185
	GREATER  reduce 789
	SEMI  reduce 789

	attributes  goto 1095
	attribute  goto 487


state 890
	poly_type_no_attr : core_type_no_attr .  (559)

	.  reduce 559


state 891
	core_type2 : LIDENT COLON core_type2 MINUSGREATER . core_type2  (568)
	core_type2 : core_type2 MINUSGREATER . core_type2  (569)

	LBRACKET  shift 135
	LBRACKETLESS  shift 136
	LBRACKETGREATER  shift 137
	LBRACKETPERCENT  shift 30
	LESS  shift 138
	LIDENT  shift 139
	LPAREN  shift 140
	OPTLABEL  shift 141
	QUESTION  shift 142
	QUOTE  shift 143
	HASH  shift 144
	UIDENT  shift 145
	UNDERSCORE  shift 146
	.  error

	extension  goto 149
	simple_core_type_or_tuple  goto 150
	simple_core_type  goto 151
	type_longident  goto 152
	mod_ext_longident  goto 154
	core_type2  goto 1096
	simple_core_type2  goto 156


state 892
	module_type : module_type . MINUSGREATER module_type  (79)
	module_type : module_type . WITH with_constraints  (80)
	module_type : module_type . attribute  (85)
	package_type : module_type .  (591)

	LBRACKETAT  shift 185
	MINUSGREATER  shift 865
	WITH  shift 866
	error  reduce 591
	COLONGREATER  reduce 591
	RPAREN  reduce 591

	attribute  goto 868


state 893
	simple_core_type2 : LPAREN MODULE ext_attributes package_type . RPAREN  (589)

	RPAREN  shift 1097
	.  error


state 894
	core_type : core_type . attribute  (562)
	core_type_comma_list : core_type_comma_list COMMA core_type .  (607)

	LBRACKETAT  shift 185
	COMMA  reduce 607
	RBRACKET  reduce 607
	RPAREN  reduce 607

	attribute  goto 440


state 895
	simple_core_type2 : LPAREN core_type_comma_list RPAREN HASH . class_longident  (581)

	LIDENT  shift 436
	UIDENT  shift 51
	.  error

	mod_longident  goto 437
	class_longident  goto 1098


state 896
	simple_core_type2 : LPAREN core_type_comma_list RPAREN type_longident .  (576)

	.  reduce 576


state 897
	core_type2 : OPTLABEL core_type2 MINUSGREATER core_type2 .  (567)
	core_type2 : core_type2 . MINUSGREATER core_type2  (569)
	core_type2 : core_type2 MINUSGREATER core_type2 .  (569)

	MINUSGREATER  shift 445
	error  reduce 567
	AMPERSAND  reduce 567
	AND  reduce 567
	AS  reduce 567
	BAR  reduce 567
	CLASS  reduce 567
	COLONGREATER  reduce 567
	COMMA  reduce 567
	CONSTRAINT  reduce 567
	END  reduce 567
	EOF  reduce 567
	EQUAL  reduce 567
	EXCEPTION  reduce 567
	EXTERNAL  reduce 567
	GREATER  reduce 567
	INCLUDE  reduce 567
	INHERIT  reduce 567
	INITIALIZER  reduce 567
	LBRACKETPERCENTPERCENT  reduce 567
	LET  reduce 567
	LBRACKETAT  reduce 567
	LBRACKETATAT  reduce 567
	LBRACKETATATAT  reduce 567
	METHOD  reduce 567
	MODULE  reduce 567
	OPEN  reduce 567
	RBRACE  reduce 567
	RBRACKET  reduce 567
	RPAREN  reduce 567
	SEMI  reduce 567
	SEMISEMI  reduce 567
	HASH  reduce 567
	TYPE  reduce 567
	VAL  reduce 567
	WITH  reduce 567


state 898
	core_type2 : QUESTION LIDENT COLON core_type2 . MINUSGREATER core_type2  (566)
	core_type2 : core_type2 . MINUSGREATER core_type2  (569)

	MINUSGREATER  shift 1099
	.  error


state 899
	class_longident : mod_longident DOT LIDENT .  (695)

	.  reduce 695


state 900
	core_type_list : core_type_list STAR . simple_core_type  (609)

	LBRACKET  shift 135
	LBRACKETLESS  shift 136
	LBRACKETGREATER  shift 137
	LBRACKETPERCENT  shift 30
	LESS  shift 138
	LIDENT  shift 411
	LPAREN  shift 140
	QUOTE  shift 143
	HASH  shift 144
	UIDENT  shift 145
	UNDERSCORE  shift 146
	.  error

	extension  goto 149
	simple_core_type  goto 1100
	type_longident  goto 152
	mod_ext_longident  goto 154
	simple_core_type2  goto 156


state 901
	mod_ext_longident : mod_ext_longident DOT . UIDENT  (688)

	UIDENT  shift 684
	.  error


state 902
	mod_ext_longident : mod_ext_longident LPAREN mod_ext_longident RPAREN .  (689)

	.  reduce 689


state 903
	core_type_no_attr : core_type2 AS QUOTE ident .  (564)

	.  reduce 564


state 904
	label_longident : mod_longident DOT LIDENT .  (682)

	.  reduce 682


state 905
	opt_pattern_type_constraint : COLON core_type .  (473)
	core_type : core_type . attribute  (562)

	LBRACKETAT  shift 185
	error  reduce 473
	EQUAL  reduce 473
	RBRACE  reduce 473
	SEMI  reduce 473

	attribute  goto 440


state 906
	lbl_pattern : label_longident opt_pattern_type_constraint EQUAL . pattern  (471)

	BACKQUOTE  shift 10
	CHAR  shift 13
	EXCEPTION  shift 160
	FALSE  shift 17
	FLOAT  shift 18
	INT  shift 24
	LAZY  shift 161
	LBRACE  shift 162
	LBRACKET  shift 163
	LBRACKETBAR  shift 164
	LBRACKETPERCENT  shift 30
	LIDENT  shift 165
	LPAREN  shift 166
	MINUS  shift 167
	PLUS  shift 168
	HASH  shift 169
	STRING  shift 47
	TRUE  shift 48
	UIDENT  shift 51
	UNDERSCORE  shift 170
	.  error

	pattern  goto 1101
	mod_longident  goto 173
	extension  goto 174
	simple_pattern  goto 175
	constr_longident  goto 176
	name_tag  goto 177
	constant  goto 178
	val_ident  goto 179
	simple_pattern_not_ident  goto 180
	pattern_comma_list  goto 181
	pattern_gen  goto 182
	signed_constant  goto 183
	simple_delimited_pattern  goto 184


state 907
	lbl_pattern_list : lbl_pattern SEMI UNDERSCORE . opt_semi  (469)
	opt_semi : .  (725)

	SEMI  shift 1102
	error  reduce 725
	RBRACE  reduce 725

	opt_semi  goto 1103


state 908
	lbl_pattern_list : lbl_pattern SEMI lbl_pattern_list .  (470)

	.  reduce 470


state 909
	pattern : pattern . AS val_ident  (405)
	pattern : pattern . AS error  (406)
	pattern : pattern . COLONCOLON pattern  (408)
	pattern : pattern . COLONCOLON error  (409)
	pattern : pattern . BAR pattern  (410)
	pattern : pattern . BAR error  (411)
	pattern : pattern . attribute  (413)
	pattern_comma_list : pattern . COMMA pattern  (460)
	pattern_comma_list : pattern . COMMA error  (461)
	pattern_semi_list : pattern_semi_list SEMI pattern .  (466)

	AS  shift 473
	BAR  shift 474
	COLONCOLON  shift 475
	COMMA  shift 476
	LBRACKETAT  shift 185
	error  reduce 466
	BARRBRACKET  reduce 466
	RBRACKET  reduce 466
	SEMI  reduce 466

	attribute  goto 478


state 910
	simple_delimited_pattern : LBRACKET pattern_semi_list opt_semi error .  (455)

	.  reduce 455


state 911
	simple_delimited_pattern : LBRACKET pattern_semi_list opt_semi RBRACKET .  (454)

	.  reduce 454


state 912
	simple_delimited_pattern : LBRACKETBAR pattern_semi_list opt_semi error .  (458)

	.  reduce 458


state 913
	simple_delimited_pattern : LBRACKETBAR pattern_semi_list opt_semi BARRBRACKET .  (456)

	.  reduce 456


state 914
	simple_pattern_not_ident : LPAREN MODULE ext_attributes UIDENT . RPAREN  (448)
	simple_pattern_not_ident : LPAREN MODULE ext_attributes UIDENT . COLON package_type RPAREN  (449)
	simple_pattern_not_ident : LPAREN MODULE ext_attributes UIDENT . COLON package_type error  (450)

	COLON  shift 1104
	RPAREN  shift 1105
	.  error


state 915
	simple_pattern_not_ident : LPAREN pattern COLON error .  (447)

	.  reduce 447


state 916
	simple_pattern_not_ident : LPAREN pattern COLON core_type . RPAREN  (445)
	simple_pattern_not_ident : LPAREN pattern COLON core_type . error  (446)
	core_type : core_type . attribute  (562)

	error  shift 1106
	LBRACKETAT  shift 185
	RPAREN  shift 1107
	.  error

	attribute  goto 440


state 917
	simple_pattern_not_ident : mod_longident DOT LBRACKET RBRACKET .  (438)

	.  reduce 438


state 918
	simple_pattern_not_ident : mod_longident DOT LPAREN error .  (442)

	.  reduce 442


state 919
	simple_pattern_not_ident : mod_longident DOT LPAREN RPAREN .  (439)

	.  reduce 439


state 920
	pattern : pattern . AS val_ident  (405)
	pattern : pattern . AS error  (406)
	pattern : pattern . COLONCOLON pattern  (408)
	pattern : pattern . COLONCOLON error  (409)
	pattern : pattern . BAR pattern  (410)
	pattern : pattern . BAR error  (411)
	pattern : pattern . attribute  (413)
	simple_pattern_not_ident : mod_longident DOT LPAREN pattern . RPAREN  (440)
	simple_pattern_not_ident : mod_longident DOT LPAREN pattern . error  (441)
	pattern_comma_list : pattern . COMMA pattern  (460)
	pattern_comma_list : pattern . COMMA error  (461)

	error  shift 1108
	AS  shift 473
	BAR  shift 474
	COLONCOLON  shift 475
	COMMA  shift 476
	LBRACKETAT  shift 185
	RPAREN  shift 1109
	.  error

	attribute  goto 478


state 921
	attribute : LBRACKETAT attr_id payload RBRACKET .  (784)

	.  reduce 784


state 922
	expr : expr . COLONCOLON expr  (244)
	expr : expr . INFIXOP0 expr  (245)
	expr : expr . INFIXOP1 expr  (246)
	expr : expr . INFIXOP2 expr  (247)
	expr : expr . INFIXOP3 expr  (248)
	expr : expr . INFIXOP4 expr  (249)
	expr : expr . PLUS expr  (250)
	expr : expr . PLUSDOT expr  (251)
	expr : expr . PLUSEQ expr  (252)
	expr : expr . MINUS expr  (253)
	expr : expr . MINUSDOT expr  (254)
	expr : expr . STAR expr  (255)
	expr : expr . PERCENT expr  (256)
	expr : expr . EQUAL expr  (257)
	expr : expr . LESS expr  (258)
	expr : expr . GREATER expr  (259)
	expr : expr . OR expr  (260)
	expr : expr . BARBAR expr  (261)
	expr : expr . AMPERSAND expr  (262)
	expr : expr . AMPERAMPER expr  (263)
	expr : expr . COLONEQUAL expr  (264)
	expr : expr . attribute  (282)
	simple_expr : simple_expr DOT LBRACE expr . RBRACE  (314)
	expr_comma_list : expr . COMMA expr  (384)

	AMPERAMPER  shift 333
	AMPERSAND  shift 334
	BARBAR  shift 335
	COLONCOLON  shift 336
	COLONEQUAL  shift 337
	COMMA  shift 338
	EQUAL  shift 339
	GREATER  shift 340
	INFIXOP0  shift 341
	INFIXOP1  shift 342
	INFIXOP2  shift 343
	INFIXOP3  shift 344
	INFIXOP4  shift 345
	LESS  shift 346
	LBRACKETAT  shift 185
	MINUS  shift 347
	MINUSDOT  shift 348
	OR  shift 349
	PERCENT  shift 350
	PLUS  shift 351
	PLUSDOT  shift 352
	PLUSEQ  shift 353
	RBRACE  shift 1110
	STAR  shift 355
	.  error

	attribute  goto 356


state 923
	simple_expr : simple_expr DOT LBRACKET seq_expr . RBRACKET  (300)
	simple_expr : simple_expr DOT LBRACKET seq_expr . error  (301)

	error  shift 1050
	RBRACKET  shift 1111
	.  error


state 924
	simple_expr : simple_expr DOT LPAREN seq_expr . RPAREN  (298)
	simple_expr : simple_expr DOT LPAREN seq_expr . error  (299)

	error  shift 1052
	RPAREN  shift 1112
	.  error


state 925
	simple_expr : simple_expr DOT mod_longident DOTOP . LBRACKET expr RBRACKET  (308)
	simple_expr : simple_expr DOT mod_longident DOTOP . LBRACKET expr error  (309)
	simple_expr : simple_expr DOT mod_longident DOTOP . LPAREN expr RPAREN  (310)
	simple_expr : simple_expr DOT mod_longident DOTOP . LPAREN expr error  (311)
	simple_expr : simple_expr DOT mod_longident DOTOP . LBRACE expr RBRACE  (312)
	simple_expr : simple_expr DOT mod_longident DOTOP . LBRACE expr error  (313)

	LBRACE  shift 1113
	LBRACKET  shift 1114
	LPAREN  shift 1115
	.  error


state 926
	expr : expr . COLONCOLON expr  (244)
	expr : expr . INFIXOP0 expr  (245)
	expr : expr . INFIXOP1 expr  (246)
	expr : expr . INFIXOP2 expr  (247)
	expr : expr . INFIXOP3 expr  (248)
	expr : expr . INFIXOP4 expr  (249)
	expr : expr . PLUS expr  (250)
	expr : expr . PLUSDOT expr  (251)
	expr : expr . PLUSEQ expr  (252)
	expr : expr . MINUS expr  (253)
	expr : expr . MINUSDOT expr  (254)
	expr : expr . STAR expr  (255)
	expr : expr . PERCENT expr  (256)
	expr : expr . EQUAL expr  (257)
	expr : expr . LESS expr  (258)
	expr : expr . GREATER expr  (259)
	expr : expr . OR expr  (260)
	expr : expr . BARBAR expr  (261)
	expr : expr . AMPERSAND expr  (262)
	expr : expr . AMPERAMPER expr  (263)
	expr : expr . COLONEQUAL expr  (264)
	expr : expr . attribute  (282)
	simple_expr : simple_expr DOTOP LBRACE expr . RBRACE  (306)
	simple_expr : simple_expr DOTOP LBRACE expr . error  (307)
	expr_comma_list : expr . COMMA expr  (384)

	error  shift 1058
	AMPERAMPER  shift 333
	AMPERSAND  shift 334
	BARBAR  shift 335
	COLONCOLON  shift 336
	COLONEQUAL  shift 337
	COMMA  shift 338
	EQUAL  shift 339
	GREATER  shift 340
	INFIXOP0  shift 341
	INFIXOP1  shift 342
	INFIXOP2  shift 343
	INFIXOP3  shift 344
	INFIXOP4  shift 345
	LESS  shift 346
	LBRACKETAT  shift 185
	MINUS  shift 347
	MINUSDOT  shift 348
	OR  shift 349
	PERCENT  shift 350
	PLUS  shift 351
	PLUSDOT  shift 352
	PLUSEQ  shift 353
	RBRACE  shift 1116
	STAR  shift 355
	.  error

	attribute  goto 356


state 927
	expr : expr . COLONCOLON expr  (244)
	expr : expr . INFIXOP0 expr  (245)
	expr : expr . INFIXOP1 expr  (246)
	expr : expr . INFIXOP2 expr  (247)
	expr : expr . INFIXOP3 expr  (248)
	expr : expr . INFIXOP4 expr  (249)
	expr : expr . PLUS expr  (250)
	expr : expr . PLUSDOT expr  (251)
	expr : expr . PLUSEQ expr  (252)
	expr : expr . MINUS expr  (253)
	expr : expr . MINUSDOT expr  (254)
	expr : expr . STAR expr  (255)
	expr : expr . PERCENT expr  (256)
	expr : expr . EQUAL expr  (257)
	expr : expr . LESS expr  (258)
	expr : expr . GREATER expr  (259)
	expr : expr . OR expr  (260)
	expr : expr . BARBAR expr  (261)
	expr : expr . AMPERSAND expr  (262)
	expr : expr . AMPERAMPER expr  (263)
	expr : expr . COLONEQUAL expr  (264)
	expr : expr . attribute  (282)
	simple_expr : simple_expr DOTOP LBRACKET expr . RBRACKET  (302)
	simple_expr : simple_expr DOTOP LBRACKET expr . error  (303)
	expr_comma_list : expr . COMMA expr  (384)

	error  shift 1060
	AMPERAMPER  shift 333
	AMPERSAND  shift 334
	BARBAR  shift 335
	COLONCOLON  shift 336
	COLONEQUAL  shift 337
	COMMA  shift 338
	EQUAL  shift 339
	GREATER  shift 340
	INFIXOP0  shift 341
	INFIXOP1  shift 342
	INFIXOP2  shift 343
	INFIXOP3  shift 344
	INFIXOP4  shift 345
	LESS  shift 346
	LBRACKETAT  shift 185
	MINUS  shift 347
	MINUSDOT  shift 348
	OR  shift 349
	PERCENT  shift 350
	PLUS  shift 351
	PLUSDOT  shift 352
	PLUSEQ  shift 353
	RBRACKET  shift 1117
	STAR  shift 355
	.  error

	attribute  goto 356


state 928
	expr : expr . COLONCOLON expr  (244)
	expr : expr . INFIXOP0 expr  (245)
	expr : expr . INFIXOP1 expr  (246)
	expr : expr . INFIXOP2 expr  (247)
	expr : expr . INFIXOP3 expr  (248)
	expr : expr . INFIXOP4 expr  (249)
	expr : expr . PLUS expr  (250)
	expr : expr . PLUSDOT expr  (251)
	expr : expr . PLUSEQ expr  (252)
	expr : expr . MINUS expr  (253)
	expr : expr . MINUSDOT expr  (254)
	expr : expr . STAR expr  (255)
	expr : expr . PERCENT expr  (256)
	expr : expr . EQUAL expr  (257)
	expr : expr . LESS expr  (258)
	expr : expr . GREATER expr  (259)
	expr : expr . OR expr  (260)
	expr : expr . BARBAR expr  (261)
	expr : expr . AMPERSAND expr  (262)
	expr : expr . AMPERAMPER expr  (263)
	expr : expr . COLONEQUAL expr  (264)
	expr : expr . attribute  (282)
	simple_expr : simple_expr DOTOP LPAREN expr . RPAREN  (304)
	simple_expr : simple_expr DOTOP LPAREN expr . error  (305)
	expr_comma_list : expr . COMMA expr  (384)

	error  shift 1062
	AMPERAMPER  shift 333
	AMPERSAND  shift 334
	BARBAR  shift 335
	COLONCOLON  shift 336
	COLONEQUAL  shift 337
	COMMA  shift 338
	EQUAL  shift 339
	GREATER  shift 340
	INFIXOP0  shift 341
	INFIXOP1  shift 342
	INFIXOP2  shift 343
	INFIXOP3  shift 344
	INFIXOP4  shift 345
	LESS  shift 346
	LBRACKETAT  shift 185
	MINUS  shift 347
	MINUSDOT  shift 348
	OR  shift 349
	PERCENT  shift 350
	PLUS  shift 351
	PLUSDOT  shift 352
	PLUSEQ  shift 353
	RPAREN  shift 1118
	STAR  shift 355
	.  error

	attribute  goto 356


state 929
	class_type_declaration : CLASS TYPE ext_attributes virtual_flag class_type_parameters . LIDENT EQUAL class_signature post_item_attributes  (202)

	LIDENT  shift 1119
	.  error


state 930
	class_type_parameters : LBRACKET type_parameter_list . RBRACKET  (126)
	type_parameter_list : type_parameter_list . COMMA type_parameter  (510)

	COMMA  shift 1120
	RBRACKET  shift 1121
	.  error


state 931
	type_parameter : type_variance . type_variable  (504)

	QUOTE  shift 1122
	.  error

	type_variable  goto 1123


state 932
	type_parameter_list : type_parameter .  (509)

	.  reduce 509


state 933
	class_declaration : CLASS ext_attributes virtual_flag class_type_parameters LIDENT . class_fun_binding post_item_attributes  (120)

	BACKQUOTE  shift 10
	CHAR  shift 13
	COLON  shift 1124
	EQUAL  shift 1125
	FALSE  shift 17
	FLOAT  shift 18
	INT  shift 24
	LABEL  shift 505
	LBRACE  shift 162
	LBRACKET  shift 163
	LBRACKETBAR  shift 164
	LBRACKETPERCENT  shift 30
	LIDENT  shift 165
	LPAREN  shift 166
	MINUS  shift 167
	OPTLABEL  shift 507
	PLUS  shift 168
	QUESTION  shift 508
	HASH  shift 169
	STRING  shift 47
	TILDE  shift 509
	TRUE  shift 48
	UIDENT  shift 51
	UNDERSCORE  shift 170
	.  error

	mod_longident  goto 173
	extension  goto 174
	class_fun_binding  goto 1126
	labeled_simple_pattern  goto 1127
	simple_pattern  goto 511
	constr_longident  goto 512
	name_tag  goto 513
	constant  goto 178
	val_ident  goto 179
	simple_pattern_not_ident  goto 180
	signed_constant  goto 183
	simple_delimited_pattern  goto 184


state 934
	constr_ident : LPAREN COLONCOLON RPAREN .  (669)

	.  reduce 669


state 935
	constructor_arguments : LBRACE . label_declarations RBRACE  (526)
	mutable_flag : .  (712)

	MUTABLE  shift 1128
	LIDENT  reduce 712

	mutable_flag  goto 1129
	label_declarations  goto 1130
	label_declaration  goto 1131
	label_declaration_semi  goto 1132


state 936
	generalized_constructor_arguments : COLON simple_core_type .  (524)
	core_type_list : simple_core_type .  (608)

	error  reduce 524
	AND  reduce 524
	BAR  reduce 524
	CLASS  reduce 524
	CONSTRAINT  reduce 524
	END  reduce 524
	EOF  reduce 524
	EXCEPTION  reduce 524
	EXTERNAL  reduce 524
	IN  reduce 524
	INCLUDE  reduce 524
	LBRACKETPERCENTPERCENT  reduce 524
	LET  reduce 524
	LBRACKETAT  reduce 524
	LBRACKETATAT  reduce 524
	LBRACKETATATAT  reduce 524
	MINUSGREATER  reduce 608
	MODULE  reduce 524
	OPEN  reduce 524
	RBRACKET  reduce 524
	SEMISEMI  reduce 524
	HASH  reduce 524
	STAR  reduce 608
	TYPE  reduce 524
	VAL  reduce 524


state 937
	generalized_constructor_arguments : COLON constructor_arguments . MINUSGREATER simple_core_type  (523)

	MINUSGREATER  shift 1133
	.  error


state 938
	constructor_arguments : core_type_list .  (525)
	core_type_list : core_type_list . STAR simple_core_type  (609)

	STAR  shift 900
	error  reduce 525
	AND  reduce 525
	BAR  reduce 525
	CLASS  reduce 525
	CONSTRAINT  reduce 525
	END  reduce 525
	EOF  reduce 525
	EXCEPTION  reduce 525
	EXTERNAL  reduce 525
	IN  reduce 525
	INCLUDE  reduce 525
	LBRACKETPERCENTPERCENT  reduce 525
	LET  reduce 525
	LBRACKETAT  reduce 525
	LBRACKETATAT  reduce 525
	LBRACKETATATAT  reduce 525
	MINUSGREATER  reduce 525
	MODULE  reduce 525
	OPEN  reduce 525
	RBRACKET  reduce 525
	SEMISEMI  reduce 525
	HASH  reduce 525
	TYPE  reduce 525
	VAL  reduce 525


state 939
	constr_longident : LBRACKET . RBRACKET  (676)

	RBRACKET  shift 218
	.  error


state 940
	constr_longident : LPAREN . RPAREN  (677)
	constr_longident : LPAREN . COLONCOLON RPAREN  (678)

	COLONCOLON  shift 286
	RPAREN  shift 306
	.  error


state 941
	constr_longident : mod_longident .  (674)
	constr_longident : mod_longident . DOT LPAREN COLONCOLON RPAREN  (675)
	mod_longident : mod_longident . DOT UIDENT  (686)

	DOT  shift 1134
	error  reduce 674
	BAR  reduce 674
	CLASS  reduce 674
	END  reduce 674
	EOF  reduce 674
	EXCEPTION  reduce 674
	EXTERNAL  reduce 674
	INCLUDE  reduce 674
	LBRACKETPERCENTPERCENT  reduce 674
	LET  reduce 674
	LBRACKETAT  reduce 674
	LBRACKETATAT  reduce 674
	LBRACKETATATAT  reduce 674
	MODULE  reduce 674
	OPEN  reduce 674
	RBRACKET  reduce 674
	SEMISEMI  reduce 674
	HASH  reduce 674
	TYPE  reduce 674
	VAL  reduce 674


state 942
	str_exception_declaration : EXCEPTION ext_attributes constr_ident EQUAL constr_longident . attributes post_item_attributes  (518)
	attributes : .  (789)

	LBRACKETAT  shift 185
	error  reduce 789
	CLASS  reduce 789
	END  reduce 789
	EOF  reduce 789
	EXCEPTION  reduce 789
	EXTERNAL  reduce 789
	INCLUDE  reduce 789
	LBRACKETPERCENTPERCENT  reduce 789
	LET  reduce 789
	LBRACKETATAT  reduce 789
	LBRACKETATATAT  reduce 789
	MODULE  reduce 789
	OPEN  reduce 789
	RBRACKET  reduce 789
	SEMISEMI  reduce 789
	HASH  reduce 789
	TYPE  reduce 789
	VAL  reduce 789

	attributes  goto 1135
	attribute  goto 487


state 943
	generalized_constructor_arguments : OF constructor_arguments .  (522)

	.  reduce 522


state 944
	sig_exception_declaration : EXCEPTION ext_attributes constr_ident generalized_constructor_arguments attributes . post_item_attributes  (519)
	post_item_attributes : .  (787)

	LBRACKETATAT  shift 326
	error  reduce 787
	CLASS  reduce 787
	END  reduce 787
	EOF  reduce 787
	EXCEPTION  reduce 787
	EXTERNAL  reduce 787
	INCLUDE  reduce 787
	LBRACKETPERCENTPERCENT  reduce 787
	LET  reduce 787
	LBRACKETATATAT  reduce 787
	MODULE  reduce 787
	OPEN  reduce 787
	RBRACKET  reduce 787
	SEMISEMI  reduce 787
	HASH  reduce 787
	TYPE  reduce 787
	VAL  reduce 787

	post_item_attributes  goto 1136
	post_item_attribute  goto 328


state 945
	primitive_declaration : EXTERNAL ext_attributes val_ident COLON core_type . EQUAL primitive_declaration_body post_item_attributes  (478)
	core_type : core_type . attribute  (562)

	EQUAL  shift 1137
	LBRACKETAT  shift 185
	.  error

	attribute  goto 440


state 946
	expr : FOR ext_attributes pattern EQUAL seq_expr . direction_flag seq_expr DO seq_expr DONE  (243)

	DOWNTO  shift 1138
	TO  shift 1139
	.  error

	direction_flag  goto 1140


state 947
	lident_list : LIDENT .  (357)
	lident_list : LIDENT . lident_list  (358)

	LIDENT  shift 947
	DOT  reduce 357
	RPAREN  reduce 357

	lident_list  goto 1141


state 948
	expr : FUN ext_attributes LPAREN TYPE lident_list . RPAREN fun_def  (233)

	RPAREN  shift 1142
	.  error


state 949
	let_pattern : pattern .  (223)
	let_pattern : pattern . COLON core_type  (224)
	pattern : pattern . AS val_ident  (405)
	pattern : pattern . AS error  (406)
	pattern : pattern . COLONCOLON pattern  (408)
	pattern : pattern . COLONCOLON error  (409)
	pattern : pattern . BAR pattern  (410)
	pattern : pattern . BAR error  (411)
	pattern : pattern . attribute  (413)
	pattern_comma_list : pattern . COMMA pattern  (460)
	pattern_comma_list : pattern . COMMA error  (461)

	AS  shift 473
	BAR  shift 474
	COLON  shift 1143
	COLONCOLON  shift 475
	COMMA  shift 476
	LBRACKETAT  shift 185
	EQUAL  reduce 223
	RPAREN  reduce 223

	attribute  goto 478


state 950
	labeled_simple_pattern : OPTLABEL LPAREN let_pattern . opt_default RPAREN  (210)
	opt_default : .  (218)

	EQUAL  shift 1144
	RPAREN  reduce 218

	opt_default  goto 1145


state 951
	labeled_simple_pattern : QUESTION LPAREN label_let_pattern . opt_default RPAREN  (208)
	opt_default : .  (218)

	EQUAL  shift 1144
	RPAREN  reduce 218

	opt_default  goto 1146


state 952
	label_let_pattern : label_var .  (220)
	label_let_pattern : label_var . COLON core_type  (221)

	COLON  shift 1147
	EQUAL  reduce 220
	RPAREN  reduce 220


state 953
	labeled_simple_pattern : TILDE LPAREN label_let_pattern . RPAREN  (212)

	RPAREN  shift 1148
	.  error


state 954
	fun_def : COLON simple_core_type . MINUSGREATER seq_expr  (380)

	MINUSGREATER  shift 1149
	.  error


state 955
	fun_def : LPAREN TYPE . lident_list RPAREN fun_def  (382)

	LIDENT  shift 947
	.  error

	lident_list  goto 1150


state 956
	fun_def : MINUSGREATER seq_expr .  (379)

	.  reduce 379


state 957
	fun_def : labeled_simple_pattern fun_def .  (381)

	.  reduce 381


state 958
	match_case : pattern MINUSGREATER . seq_expr  (376)
	match_case : pattern MINUSGREATER . DOT  (378)

	ASSERT  shift 9
	BACKQUOTE  shift 10
	BANG  shift 11
	BEGIN  shift 12
	CHAR  shift 13
	DOT  shift 1151
	FALSE  shift 17
	FLOAT  shift 18
	FOR  shift 19
	FUN  shift 20
	FUNCTION  shift 21
	IF  shift 22
	INT  shift 24
	LAZY  shift 25
	LBRACE  shift 26
	LBRACELESS  shift 27
	LBRACKET  shift 28
	LBRACKETBAR  shift 29
	LBRACKETPERCENT  shift 30
	LET  shift 32
	LIDENT  shift 33
	LPAREN  shift 34
	MATCH  shift 36
	MINUS  shift 37
	MINUSDOT  shift 38
	NEW  shift 40
	OBJECT  shift 41
	PLUS  shift 43
	PLUSDOT  shift 44
	PREFIXOP  shift 45
	STRING  shift 47
	TRUE  shift 48
	TRY  shift 49
	UIDENT  shift 51
	UNDERSCORE  shift 52
	WHILE  shift 54
	.  error

	seq_expr  goto 1152
	mod_longident  goto 59
	extension  goto 60
	expr  goto 61
	let_bindings  goto 159
	label  goto 81
	simple_expr  goto 83
	expr_comma_list  goto 84
	constr_longident  goto 85
	name_tag  goto 86
	subtractive  goto 87
	additive  goto 88
	val_longident  goto 89
	constant  goto 90
	val_ident  goto 91
	let_binding  goto 92


state 959
	match_case : pattern WHEN . seq_expr MINUSGREATER seq_expr  (377)

	ASSERT  shift 9
	BACKQUOTE  shift 10
	BANG  shift 11
	BEGIN  shift 12
	CHAR  shift 13
	FALSE  shift 17
	FLOAT  shift 18
	FOR  shift 19
	FUN  shift 20
	FUNCTION  shift 21
	IF  shift 22
	INT  shift 24
	LAZY  shift 25
	LBRACE  shift 26
	LBRACELESS  shift 27
	LBRACKET  shift 28
	LBRACKETBAR  shift 29
	LBRACKETPERCENT  shift 30
	LET  shift 32
	LIDENT  shift 33
	LPAREN  shift 34
	MATCH  shift 36
	MINUS  shift 37
	MINUSDOT  shift 38
	NEW  shift 40
	OBJECT  shift 41
	PLUS  shift 43
	PLUSDOT  shift 44
	PREFIXOP  shift 45
	STRING  shift 47
	TRUE  shift 48
	TRY  shift 49
	UIDENT  shift 51
	UNDERSCORE  shift 52
	WHILE  shift 54
	.  error

	seq_expr  goto 1153
	mod_longident  goto 59
	extension  goto 60
	expr  goto 61
	let_bindings  goto 159
	label  goto 81
	simple_expr  goto 83
	expr_comma_list  goto 84
	constr_longident  goto 85
	name_tag  goto 86
	subtractive  goto 87
	additive  goto 88
	val_longident  goto 89
	constant  goto 90
	val_ident  goto 91
	let_binding  goto 92


state 960
	match_cases : match_cases BAR . match_case  (375)

	BACKQUOTE  shift 10
	CHAR  shift 13
	EXCEPTION  shift 160
	FALSE  shift 17
	FLOAT  shift 18
	INT  shift 24
	LAZY  shift 161
	LBRACE  shift 162
	LBRACKET  shift 163
	LBRACKETBAR  shift 164
	LBRACKETPERCENT  shift 30
	LIDENT  shift 165
	LPAREN  shift 166
	MINUS  shift 167
	PLUS  shift 168
	HASH  shift 169
	STRING  shift 47
	TRUE  shift 48
	UIDENT  shift 51
	UNDERSCORE  shift 170
	.  error

	pattern  goto 761
	mod_longident  goto 173
	extension  goto 174
	simple_pattern  goto 175
	constr_longident  goto 176
	name_tag  goto 177
	constant  goto 178
	val_ident  goto 179
	simple_pattern_not_ident  goto 180
	match_case  goto 1154
	pattern_comma_list  goto 181
	pattern_gen  goto 182
	signed_constant  goto 183
	simple_delimited_pattern  goto 184


state 961
	expr : IF ext_attributes seq_expr THEN expr . ELSE expr  (240)
	expr : IF ext_attributes seq_expr THEN expr .  (241)
	expr : expr . COLONCOLON expr  (244)
	expr : expr . INFIXOP0 expr  (245)
	expr : expr . INFIXOP1 expr  (246)
	expr : expr . INFIXOP2 expr  (247)
	expr : expr . INFIXOP3 expr  (248)
	expr : expr . INFIXOP4 expr  (249)
	expr : expr . PLUS expr  (250)
	expr : expr . PLUSDOT expr  (251)
	expr : expr . PLUSEQ expr  (252)
	expr : expr . MINUS expr  (253)
	expr : expr . MINUSDOT expr  (254)
	expr : expr . STAR expr  (255)
	expr : expr . PERCENT expr  (256)
	expr : expr . EQUAL expr  (257)
	expr : expr . LESS expr  (258)
	expr : expr . GREATER expr  (259)
	expr : expr . OR expr  (260)
	expr : expr . BARBAR expr  (261)
	expr : expr . AMPERSAND expr  (262)
	expr : expr . AMPERAMPER expr  (263)
	expr : expr . COLONEQUAL expr  (264)
	expr : expr . attribute  (282)
	expr_comma_list : expr . COMMA expr  (384)

	AMPERAMPER  shift 333
	AMPERSAND  shift 334
	BARBAR  shift 335
	COLONCOLON  shift 336
	COLONEQUAL  shift 337
	COMMA  shift 338
	ELSE  shift 1155
	EQUAL  shift 339
	GREATER  shift 340
	INFIXOP0  shift 341
	INFIXOP1  shift 342
	INFIXOP2  shift 343
	INFIXOP3  shift 344
	INFIXOP4  shift 345
	LESS  shift 346
	LBRACKETAT  shift 185
	MINUS  shift 347
	MINUSDOT  shift 348
	OR  shift 349
	PERCENT  shift 350
	PLUS  shift 351
	PLUSDOT  shift 352
	PLUSEQ  shift 353
	STAR  shift 355
	error  reduce 241
	AND  reduce 241
	BAR  reduce 241
	BARRBRACKET  reduce 241
	CLASS  reduce 241
	COLON  reduce 241
	COLONGREATER  reduce 241
	CONSTRAINT  reduce 241
	DO  reduce 241
	DONE  reduce 241
	DOWNTO  reduce 241
	END  reduce 241
	EOF  reduce 241
	EXCEPTION  reduce 241
	EXTERNAL  reduce 241
	GREATERRBRACE  reduce 241
	IN  reduce 241
	INCLUDE  reduce 241
	INHERIT  reduce 241
	INITIALIZER  reduce 241
	LBRACKETPERCENTPERCENT  reduce 241
	LET  reduce 241
	LBRACKETATAT  reduce 241
	LBRACKETATATAT  reduce 241
	METHOD  reduce 241
	MINUSGREATER  reduce 241
	MODULE  reduce 241
	OPEN  reduce 241
	RBRACE  reduce 241
	RBRACKET  reduce 241
	RPAREN  reduce 241
	SEMI  reduce 241
	SEMISEMI  reduce 241
	HASH  reduce 241
	THEN  reduce 241
	TO  reduce 241
	TYPE  reduce 241
	VAL  reduce 241
	WITH  reduce 241

	attribute  goto 356


state 962
	functor_args : functor_arg .  (25)

	.  reduce 25


state 963
	functor_args : functor_args . functor_arg  (24)
	module_expr : FUNCTOR attributes functor_args . MINUSGREATER module_expr  (29)

	LPAREN  shift 816
	MINUSGREATER  shift 1156
	.  error

	functor_arg  goto 1157


state 964
	paren_module_expr : LPAREN VAL attributes . expr RPAREN  (39)
	paren_module_expr : LPAREN VAL attributes . expr COLON package_type RPAREN  (40)
	paren_module_expr : LPAREN VAL attributes . expr COLON package_type COLONGREATER package_type RPAREN  (41)
	paren_module_expr : LPAREN VAL attributes . expr COLONGREATER package_type RPAREN  (42)
	paren_module_expr : LPAREN VAL attributes . expr COLON error  (43)
	paren_module_expr : LPAREN VAL attributes . expr COLONGREATER error  (44)
	paren_module_expr : LPAREN VAL attributes . expr error  (45)

	ASSERT  shift 9
	BACKQUOTE  shift 10
	BANG  shift 11
	BEGIN  shift 12
	CHAR  shift 13
	FALSE  shift 17
	FLOAT  shift 18
	FOR  shift 19
	FUN  shift 20
	FUNCTION  shift 21
	IF  shift 22
	INT  shift 24
	LAZY  shift 25
	LBRACE  shift 26
	LBRACELESS  shift 27
	LBRACKET  shift 28
	LBRACKETBAR  shift 29
	LBRACKETPERCENT  shift 30
	LET  shift 32
	LIDENT  shift 33
	LPAREN  shift 34
	MATCH  shift 36
	MINUS  shift 37
	MINUSDOT  shift 38
	NEW  shift 40
	OBJECT  shift 41
	PLUS  shift 43
	PLUSDOT  shift 44
	PREFIXOP  shift 45
	STRING  shift 47
	TRUE  shift 48
	TRY  shift 49
	UIDENT  shift 51
	UNDERSCORE  shift 52
	WHILE  shift 54
	.  error

	mod_longident  goto 59
	extension  goto 60
	expr  goto 1158
	let_bindings  goto 159
	label  goto 81
	simple_expr  goto 83
	expr_comma_list  goto 84
	constr_longident  goto 85
	name_tag  goto 86
	subtractive  goto 87
	additive  goto 88
	val_longident  goto 89
	constant  goto 90
	val_ident  goto 91
	let_binding  goto 92


state 965
	paren_module_expr : LPAREN module_expr error .  (38)

	.  reduce 38


state 966
	paren_module_expr : LPAREN module_expr COLON . module_type RPAREN  (35)
	paren_module_expr : LPAREN module_expr COLON . module_type error  (36)

	FUNCTOR  shift 638
	LBRACKETPERCENT  shift 30
	LIDENT  shift 189
	LPAREN  shift 639
	MODULE  shift 640
	SIG  shift 641
	UIDENT  shift 642
	.  error

	module_type  goto 1159
	extension  goto 644
	mty_longident  goto 645
	ident  goto 646
	mod_ext_longident  goto 647


state 967
	paren_module_expr : LPAREN module_expr RPAREN .  (37)

	.  reduce 37


state 968
	module_expr : STRUCT attributes structure . END  (27)
	module_expr : STRUCT attributes structure . error  (28)

	error  shift 1160
	END  shift 1161
	.  error


state 969
	module_expr : module_expr LPAREN RPAREN .  (31)

	.  reduce 31


state 970
	type_constraint : COLON core_type COLONGREATER . core_type  (399)

	LBRACKET  shift 135
	LBRACKETLESS  shift 136
	LBRACKETGREATER  shift 137
	LBRACKETPERCENT  shift 30
	LESS  shift 138
	LIDENT  shift 139
	LPAREN  shift 140
	OPTLABEL  shift 141
	QUESTION  shift 142
	QUOTE  shift 143
	HASH  shift 144
	UIDENT  shift 145
	UNDERSCORE  shift 146
	.  error

	core_type  goto 1162
	extension  goto 149
	simple_core_type_or_tuple  goto 150
	simple_core_type  goto 151
	type_longident  goto 152
	core_type_no_attr  goto 153
	mod_ext_longident  goto 154
	core_type2  goto 155
	simple_core_type2  goto 156


state 971
	expr : expr . COLONCOLON expr  (244)
	expr : expr . INFIXOP0 expr  (245)
	expr : expr . INFIXOP1 expr  (246)
	expr : expr . INFIXOP2 expr  (247)
	expr : expr . INFIXOP3 expr  (248)
	expr : expr . INFIXOP4 expr  (249)
	expr : expr . PLUS expr  (250)
	expr : expr . PLUSDOT expr  (251)
	expr : expr . PLUSEQ expr  (252)
	expr : expr . MINUS expr  (253)
	expr : expr . MINUSDOT expr  (254)
	expr : expr . STAR expr  (255)
	expr : expr . PERCENT expr  (256)
	expr : expr . EQUAL expr  (257)
	expr : expr . LESS expr  (258)
	expr : expr . GREATER expr  (259)
	expr : expr . OR expr  (260)
	expr : expr . BARBAR expr  (261)
	expr : expr . AMPERSAND expr  (262)
	expr : expr . AMPERAMPER expr  (263)
	expr : expr . COLONEQUAL expr  (264)
	expr : expr . attribute  (282)
	expr_comma_list : expr . COMMA expr  (384)
	lbl_expr : label_longident opt_type_constraint EQUAL expr .  (390)

	AMPERAMPER  shift 333
	AMPERSAND  shift 334
	BARBAR  shift 335
	COLONCOLON  shift 336
	COLONEQUAL  shift 337
	COMMA  shift 338
	EQUAL  shift 339
	GREATER  shift 340
	INFIXOP0  shift 341
	INFIXOP1  shift 342
	INFIXOP2  shift 343
	INFIXOP3  shift 344
	INFIXOP4  shift 345
	LESS  shift 346
	LBRACKETAT  shift 185
	MINUS  shift 347
	MINUSDOT  shift 348
	OR  shift 349
	PERCENT  shift 350
	PLUS  shift 351
	PLUSDOT  shift 352
	PLUSEQ  shift 353
	STAR  shift 355
	error  reduce 390
	RBRACE  reduce 390
	SEMI  reduce 390

	attribute  goto 356


state 972
	payload : QUESTION pattern WHEN . seq_expr  (800)

	ASSERT  shift 9
	BACKQUOTE  shift 10
	BANG  shift 11
	BEGIN  shift 12
	CHAR  shift 13
	FALSE  shift 17
	FLOAT  shift 18
	FOR  shift 19
	FUN  shift 20
	FUNCTION  shift 21
	IF  shift 22
	INT  shift 24
	LAZY  shift 25
	LBRACE  shift 26
	LBRACELESS  shift 27
	LBRACKET  shift 28
	LBRACKETBAR  shift 29
	LBRACKETPERCENT  shift 30
	LET  shift 32
	LIDENT  shift 33
	LPAREN  shift 34
	MATCH  shift 36
	MINUS  shift 37
	MINUSDOT  shift 38
	NEW  shift 40
	OBJECT  shift 41
	PLUS  shift 43
	PLUSDOT  shift 44
	PREFIXOP  shift 45
	STRING  shift 47
	TRUE  shift 48
	TRY  shift 49
	UIDENT  shift 51
	UNDERSCORE  shift 52
	WHILE  shift 54
	.  error

	seq_expr  goto 1163
	mod_longident  goto 59
	extension  goto 60
	expr  goto 61
	let_bindings  goto 159
	label  goto 81
	simple_expr  goto 83
	expr_comma_list  goto 84
	constr_longident  goto 85
	name_tag  goto 86
	subtractive  goto 87
	additive  goto 88
	val_longident  goto 89
	constant  goto 90
	val_ident  goto 91
	let_binding  goto 92


state 973
	expr : LET EXCEPTION ext_attributes let_exception_declaration IN . seq_expr  (229)

	ASSERT  shift 9
	BACKQUOTE  shift 10
	BANG  shift 11
	BEGIN  shift 12
	CHAR  shift 13
	FALSE  shift 17
	FLOAT  shift 18
	FOR  shift 19
	FUN  shift 20
	FUNCTION  shift 21
	IF  shift 22
	INT  shift 24
	LAZY  shift 25
	LBRACE  shift 26
	LBRACELESS  shift 27
	LBRACKET  shift 28
	LBRACKETBAR  shift 29
	LBRACKETPERCENT  shift 30
	LET  shift 32
	LIDENT  shift 33
	LPAREN  shift 34
	MATCH  shift 36
	MINUS  shift 37
	MINUSDOT  shift 38
	NEW  shift 40
	OBJECT  shift 41
	PLUS  shift 43
	PLUSDOT  shift 44
	PREFIXOP  shift 45
	STRING  shift 47
	TRUE  shift 48
	TRY  shift 49
	UIDENT  shift 51
	UNDERSCORE  shift 52
	WHILE  shift 54
	.  error

	seq_expr  goto 1164
	mod_longident  goto 59
	extension  goto 60
	expr  goto 61
	let_bindings  goto 159
	label  goto 81
	simple_expr  goto 83
	expr_comma_list  goto 84
	constr_longident  goto 85
	name_tag  goto 86
	subtractive  goto 87
	additive  goto 88
	val_longident  goto 89
	constant  goto 90
	val_ident  goto 91
	let_binding  goto 92


state 974
	let_exception_declaration : constr_ident generalized_constructor_arguments . attributes  (520)
	attributes : .  (789)

	LBRACKETAT  shift 185
	IN  reduce 789

	attributes  goto 1165
	attribute  goto 487


state 975
	expr : LET MODULE ext_attributes UIDENT module_binding_body . IN seq_expr  (228)

	IN  shift 1166
	.  error


state 976
	expr : LET OPEN override_flag ext_attributes mod_longident . IN seq_expr  (230)
	mod_longident : mod_longident . DOT UIDENT  (686)

	DOT  shift 773
	IN  shift 1167
	.  error


state 977
	let_binding : LET ext_attributes rec_flag let_binding_body post_item_attributes .  (367)

	.  reduce 367


state 978
	let_binding_body : val_ident COLON . typevar_list DOT core_type EQUAL seq_expr  (361)
	let_binding_body : val_ident COLON . TYPE lident_list DOT core_type EQUAL seq_expr  (362)
	type_constraint : COLON . core_type  (398)
	type_constraint : COLON . core_type COLONGREATER core_type  (399)
	type_constraint : COLON . error  (401)

	error  shift 776
	LBRACKET  shift 135
	LBRACKETLESS  shift 136
	LBRACKETGREATER  shift 137
	LBRACKETPERCENT  shift 30
	LESS  shift 138
	LIDENT  shift 139
	LPAREN  shift 140
	OPTLABEL  shift 141
	QUESTION  shift 142
	QUOTE  shift 887
	HASH  shift 144
	TYPE  shift 1168
	UIDENT  shift 145
	UNDERSCORE  shift 146
	.  error

	core_type  goto 777
	extension  goto 149
	simple_core_type_or_tuple  goto 150
	typevar_list  goto 1169
	simple_core_type  goto 151
	type_longident  goto 152
	core_type_no_attr  goto 153
	mod_ext_longident  goto 154
	core_type2  goto 155
	simple_core_type2  goto 156


state 979
	strict_binding : EQUAL . seq_expr  (371)

	ASSERT  shift 9
	BACKQUOTE  shift 10
	BANG  shift 11
	BEGIN  shift 12
	CHAR  shift 13
	FALSE  shift 17
	FLOAT  shift 18
	FOR  shift 19
	FUN  shift 20
	FUNCTION  shift 21
	IF  shift 22
	INT  shift 24
	LAZY  shift 25
	LBRACE  shift 26
	LBRACELESS  shift 27
	LBRACKET  shift 28
	LBRACKETBAR  shift 29
	LBRACKETPERCENT  shift 30
	LET  shift 32
	LIDENT  shift 33
	LPAREN  shift 34
	MATCH  shift 36
	MINUS  shift 37
	MINUSDOT  shift 38
	NEW  shift 40
	OBJECT  shift 41
	PLUS  shift 43
	PLUSDOT  shift 44
	PREFIXOP  shift 45
	STRING  shift 47
	TRUE  shift 48
	TRY  shift 49
	UIDENT  shift 51
	UNDERSCORE  shift 52
	WHILE  shift 54
	.  error

	seq_expr  goto 1170
	mod_longident  goto 59
	extension  goto 60
	expr  goto 61
	let_bindings  goto 159
	label  goto 81
	simple_expr  goto 83
	expr_comma_list  goto 84
	constr_longident  goto 85
	name_tag  goto 86
	subtractive  goto 87
	additive  goto 88
	val_longident  goto 89
	constant  goto 90
	val_ident  goto 91
	let_binding  goto 92


state 980
	strict_binding : LPAREN . TYPE lident_list RPAREN fun_binding  (373)
	simple_pattern_not_ident : LPAREN . pattern RPAREN  (443)
	simple_pattern_not_ident : LPAREN . pattern error  (444)
	simple_pattern_not_ident : LPAREN . pattern COLON core_type RPAREN  (445)
	simple_pattern_not_ident : LPAREN . pattern COLON core_type error  (446)
	simple_pattern_not_ident : LPAREN . pattern COLON error  (447)
	simple_pattern_not_ident : LPAREN . MODULE ext_attributes UIDENT RPAREN  (448)
	simple_pattern_not_ident : LPAREN . MODULE ext_attributes UIDENT COLON package_type RPAREN  (449)
	simple_pattern_not_ident : LPAREN . MODULE ext_attributes UIDENT COLON package_type error  (450)
	val_ident : LPAREN . operator RPAREN  (633)
	val_ident : LPAREN . operator error  (634)
	val_ident : LPAREN . error  (635)
	val_ident : LPAREN . MODULE error  (636)
	constr_longident : LPAREN . RPAREN  (677)
	constr_longident : LPAREN . COLONCOLON RPAREN  (678)

	error  shift 281
	AMPERAMPER  shift 282
	AMPERSAND  shift 283
	BACKQUOTE  shift 10
	BANG  shift 460
	BARBAR  shift 285
	CHAR  shift 13
	COLONCOLON  shift 286
	COLONEQUAL  shift 287
	EQUAL  shift 288
	EXCEPTION  shift 160
	FALSE  shift 17
	FLOAT  shift 18
	GREATER  shift 289
	INFIXOP0  shift 290
	INFIXOP1  shift 291
	INFIXOP2  shift 292
	INFIXOP3  shift 293
	INFIXOP4  shift 294
	DOTOP  shift 295
	INT  shift 24
	LAZY  shift 161
	LBRACE  shift 162
	LBRACKET  shift 163
	LBRACKETBAR  shift 164
	LBRACKETPERCENT  shift 30
	LESS  shift 296
	LIDENT  shift 165
	LPAREN  shift 166
	MINUS  shift 461
	MINUSDOT  shift 462
	MODULE  shift 463
	OR  shift 300
	PERCENT  shift 301
	PLUS  shift 464
	PLUSDOT  shift 465
	PLUSEQ  shift 304
	PREFIXOP  shift 466
	RPAREN  shift 306
	HASH  shift 169
	HASHOP  shift 307
	STAR  shift 308
	STRING  shift 47
	TRUE  shift 48
	TYPE  shift 1171
	UIDENT  shift 51
	UNDERSCORE  shift 170
	.  error

	pattern  goto 467
	mod_longident  goto 173
	extension  goto 174
	simple_pattern  goto 175
	constr_longident  goto 176
	name_tag  goto 177
	constant  goto 178
	val_ident  goto 179
	simple_pattern_not_ident  goto 180
	pattern_comma_list  goto 181
	pattern_gen  goto 182
	signed_constant  goto 183
	simple_delimited_pattern  goto 184
	operator  goto 310


state 981
	strict_binding : labeled_simple_pattern . fun_binding  (372)

	BACKQUOTE  shift 10
	CHAR  shift 13
	COLON  shift 526
	COLONGREATER  shift 527
	EQUAL  shift 979
	FALSE  shift 17
	FLOAT  shift 18
	INT  shift 24
	LABEL  shift 505
	LBRACE  shift 162
	LBRACKET  shift 163
	LBRACKETBAR  shift 164
	LBRACKETPERCENT  shift 30
	LIDENT  shift 165
	LPAREN  shift 980
	MINUS  shift 167
	OPTLABEL  shift 507
	PLUS  shift 168
	QUESTION  shift 508
	HASH  shift 169
	STRING  shift 47
	TILDE  shift 509
	TRUE  shift 48
	UIDENT  shift 51
	UNDERSCORE  shift 170
	.  error

	mod_longident  goto 173
	extension  goto 174
	labeled_simple_pattern  goto 981
	type_constraint  goto 1172
	strict_binding  goto 1173
	simple_pattern  goto 511
	constr_longident  goto 512
	name_tag  goto 513
	constant  goto 178
	val_ident  goto 179
	simple_pattern_not_ident  goto 180
	fun_binding  goto 1174
	signed_constant  goto 183
	simple_delimited_pattern  goto 184


state 982
	let_binding_body : val_ident type_constraint . EQUAL seq_expr  (360)

	EQUAL  shift 1175
	.  error


state 983
	let_binding_body : val_ident strict_binding .  (359)

	.  reduce 359


state 984
	pattern_no_exn : pattern_no_exn AS . val_ident  (415)
	pattern_no_exn : pattern_no_exn AS . error  (416)

	error  shift 1176
	LIDENT  shift 165
	LPAREN  shift 502
	.  error

	val_ident  goto 1177


state 985
	pattern_no_exn : pattern_no_exn BAR . pattern  (420)
	pattern_no_exn : pattern_no_exn BAR . error  (421)

	error  shift 1178
	BACKQUOTE  shift 10
	CHAR  shift 13
	EXCEPTION  shift 160
	FALSE  shift 17
	FLOAT  shift 18
	INT  shift 24
	LAZY  shift 161
	LBRACE  shift 162
	LBRACKET  shift 163
	LBRACKETBAR  shift 164
	LBRACKETPERCENT  shift 30
	LIDENT  shift 165
	LPAREN  shift 166
	MINUS  shift 167
	PLUS  shift 168
	HASH  shift 169
	STRING  shift 47
	TRUE  shift 48
	UIDENT  shift 51
	UNDERSCORE  shift 170
	.  error

	pattern  goto 1179
	mod_longident  goto 173
	extension  goto 174
	simple_pattern  goto 175
	constr_longident  goto 176
	name_tag  goto 177
	constant  goto 178
	val_ident  goto 179
	simple_pattern_not_ident  goto 180
	pattern_comma_list  goto 181
	pattern_gen  goto 182
	signed_constant  goto 183
	simple_delimited_pattern  goto 184


state 986
	pattern_no_exn : pattern_no_exn COLONCOLON . pattern  (418)
	pattern_no_exn : pattern_no_exn COLONCOLON . error  (419)

	error  shift 1180
	BACKQUOTE  shift 10
	CHAR  shift 13
	EXCEPTION  shift 160
	FALSE  shift 17
	FLOAT  shift 18
	INT  shift 24
	LAZY  shift 161
	LBRACE  shift 162
	LBRACKET  shift 163
	LBRACKETBAR  shift 164
	LBRACKETPERCENT  shift 30
	LIDENT  shift 165
	LPAREN  shift 166
	MINUS  shift 167
	PLUS  shift 168
	HASH  shift 169
	STRING  shift 47
	TRUE  shift 48
	UIDENT  shift 51
	UNDERSCORE  shift 170
	.  error

	pattern  goto 1181
	mod_longident  goto 173
	extension  goto 174
	simple_pattern  goto 175
	constr_longident  goto 176
	name_tag  goto 177
	constant  goto 178
	val_ident  goto 179
	simple_pattern_not_ident  goto 180
	pattern_comma_list  goto 181
	pattern_gen  goto 182
	signed_constant  goto 183
	simple_delimited_pattern  goto 184


state 987
	pattern_no_exn_comma_list : pattern_no_exn COMMA . pattern  (463)
	pattern_no_exn_comma_list : pattern_no_exn COMMA . error  (464)

	error  shift 1182
	BACKQUOTE  shift 10
	CHAR  shift 13
	EXCEPTION  shift 160
	FALSE  shift 17
	FLOAT  shift 18
	INT  shift 24
	LAZY  shift 161
	LBRACE  shift 162
	LBRACKET  shift 163
	LBRACKETBAR  shift 164
	LBRACKETPERCENT  shift 30
	LIDENT  shift 165
	LPAREN  shift 166
	MINUS  shift 167
	PLUS  shift 168
	HASH  shift 169
	STRING  shift 47
	TRUE  shift 48
	UIDENT  shift 51
	UNDERSCORE  shift 170
	.  error

	pattern  goto 1183
	mod_longident  goto 173
	extension  goto 174
	simple_pattern  goto 175
	constr_longident  goto 176
	name_tag  goto 177
	constant  goto 178
	val_ident  goto 179
	simple_pattern_not_ident  goto 180
	pattern_comma_list  goto 181
	pattern_gen  goto 182
	signed_constant  goto 183
	simple_delimited_pattern  goto 184


state 988
	let_binding_body : pattern_no_exn EQUAL . seq_expr  (363)

	ASSERT  shift 9
	BACKQUOTE  shift 10
	BANG  shift 11
	BEGIN  shift 12
	CHAR  shift 13
	FALSE  shift 17
	FLOAT  shift 18
	FOR  shift 19
	FUN  shift 20
	FUNCTION  shift 21
	IF  shift 22
	INT  shift 24
	LAZY  shift 25
	LBRACE  shift 26
	LBRACELESS  shift 27
	LBRACKET  shift 28
	LBRACKETBAR  shift 29
	LBRACKETPERCENT  shift 30
	LET  shift 32
	LIDENT  shift 33
	LPAREN  shift 34
	MATCH  shift 36
	MINUS  shift 37
	MINUSDOT  shift 38
	NEW  shift 40
	OBJECT  shift 41
	PLUS  shift 43
	PLUSDOT  shift 44
	PREFIXOP  shift 45
	STRING  shift 47
	TRUE  shift 48
	TRY  shift 49
	UIDENT  shift 51
	UNDERSCORE  shift 52
	WHILE  shift 54
	.  error

	seq_expr  goto 1184
	mod_longident  goto 59
	extension  goto 60
	expr  goto 61
	let_bindings  goto 159
	label  goto 81
	simple_expr  goto 83
	expr_comma_list  goto 84
	constr_longident  goto 85
	name_tag  goto 86
	subtractive  goto 87
	additive  goto 88
	val_longident  goto 89
	constant  goto 90
	val_ident  goto 91
	let_binding  goto 92


state 989
	pattern_no_exn : pattern_no_exn attribute .  (422)

	.  reduce 422


state 990
	let_binding_body : simple_pattern_not_ident COLON . core_type EQUAL seq_expr  (364)

	LBRACKET  shift 135
	LBRACKETLESS  shift 136
	LBRACKETGREATER  shift 137
	LBRACKETPERCENT  shift 30
	LESS  shift 138
	LIDENT  shift 139
	LPAREN  shift 140
	OPTLABEL  shift 141
	QUESTION  shift 142
	QUOTE  shift 143
	HASH  shift 144
	UIDENT  shift 145
	UNDERSCORE  shift 146
	.  error

	core_type  goto 1185
	extension  goto 149
	simple_core_type_or_tuple  goto 150
	simple_core_type  goto 151
	type_longident  goto 152
	core_type_no_attr  goto 153
	mod_ext_longident  goto 154
	core_type2  goto 155
	simple_core_type2  goto 156


state 991
	pattern_no_exn_comma_list : pattern_no_exn_comma_list COMMA . pattern  (462)

	BACKQUOTE  shift 10
	CHAR  shift 13
	EXCEPTION  shift 160
	FALSE  shift 17
	FLOAT  shift 18
	INT  shift 24
	LAZY  shift 161
	LBRACE  shift 162
	LBRACKET  shift 163
	LBRACKETBAR  shift 164
	LBRACKETPERCENT  shift 30
	LIDENT  shift 165
	LPAREN  shift 166
	MINUS  shift 167
	PLUS  shift 168
	HASH  shift 169
	STRING  shift 47
	TRUE  shift 48
	UIDENT  shift 51
	UNDERSCORE  shift 170
	.  error

	pattern  goto 1186
	mod_longident  goto 173
	extension  goto 174
	simple_pattern  goto 175
	constr_longident  goto 176
	name_tag  goto 177
	constant  goto 178
	val_ident  goto 179
	simple_pattern_not_ident  goto 180
	pattern_comma_list  goto 181
	pattern_gen  goto 182
	signed_constant  goto 183
	simple_delimited_pattern  goto 184


state 992
	operator : DOTOP LBRACE RBRACE LESSMINUS .  (648)

	.  reduce 648


state 993
	operator : DOTOP LBRACKET RBRACKET LESSMINUS .  (646)

	.  reduce 646


state 994
	operator : DOTOP LPAREN RPAREN LESSMINUS .  (644)

	.  reduce 644


state 995
	simple_expr : LPAREN MODULE ext_attributes module_expr COLON . package_type RPAREN  (343)
	simple_expr : LPAREN MODULE ext_attributes module_expr COLON . error  (344)

	error  shift 1187
	FUNCTOR  shift 638
	LBRACKETPERCENT  shift 30
	LIDENT  shift 189
	LPAREN  shift 639
	MODULE  shift 640
	SIG  shift 641
	UIDENT  shift 642
	.  error

	module_type  goto 892
	extension  goto 644
	package_type  goto 1188
	mty_longident  goto 645
	ident  goto 646
	mod_ext_longident  goto 647


state 996
	simple_expr : LPAREN MODULE ext_attributes module_expr RPAREN .  (342)

	.  reduce 342


state 997
	expr : MATCH ext_attributes seq_expr WITH opt_bar . match_cases  (234)

	BACKQUOTE  shift 10
	CHAR  shift 13
	EXCEPTION  shift 160
	FALSE  shift 17
	FLOAT  shift 18
	INT  shift 24
	LAZY  shift 161
	LBRACE  shift 162
	LBRACKET  shift 163
	LBRACKETBAR  shift 164
	LBRACKETPERCENT  shift 30
	LIDENT  shift 165
	LPAREN  shift 166
	MINUS  shift 167
	PLUS  shift 168
	HASH  shift 169
	STRING  shift 47
	TRUE  shift 48
	UIDENT  shift 51
	UNDERSCORE  shift 170
	.  error

	pattern  goto 761
	mod_longident  goto 173
	extension  goto 174
	simple_pattern  goto 175
	match_cases  goto 1189
	constr_longident  goto 176
	name_tag  goto 177
	constant  goto 178
	val_ident  goto 179
	simple_pattern_not_ident  goto 180
	match_case  goto 763
	pattern_comma_list  goto 181
	pattern_gen  goto 182
	signed_constant  goto 183
	simple_delimited_pattern  goto 184


state 998
	module_type_declaration_body : EQUAL . module_type  (116)

	FUNCTOR  shift 638
	LBRACKETPERCENT  shift 30
	LIDENT  shift 189
	LPAREN  shift 639
	MODULE  shift 640
	SIG  shift 641
	UIDENT  shift 642
	.  error

	module_type  goto 1190
	extension  goto 644
	mty_longident  goto 645
	ident  goto 646
	mod_ext_longident  goto 647


state 999
	module_type_declaration : MODULE TYPE ext_attributes ident module_type_declaration_body . post_item_attributes  (117)
	post_item_attributes : .  (787)

	LBRACKETATAT  shift 326
	error  reduce 787
	CLASS  reduce 787
	END  reduce 787
	EOF  reduce 787
	EXCEPTION  reduce 787
	EXTERNAL  reduce 787
	INCLUDE  reduce 787
	LBRACKETPERCENTPERCENT  reduce 787
	LET  reduce 787
	LBRACKETATATAT  reduce 787
	MODULE  reduce 787
	OPEN  reduce 787
	RBRACKET  reduce 787
	SEMISEMI  reduce 787
	HASH  reduce 787
	TYPE  reduce 787
	VAL  reduce 787

	post_item_attributes  goto 1191
	post_item_attribute  goto 328


state 1000
	rec_module_binding : MODULE ext_attributes REC UIDENT module_binding_body . post_item_attributes  (73)
	post_item_attributes : .  (787)

	LBRACKETATAT  shift 326
	error  reduce 787
	AND  reduce 787
	CLASS  reduce 787
	END  reduce 787
	EOF  reduce 787
	EXCEPTION  reduce 787
	EXTERNAL  reduce 787
	INCLUDE  reduce 787
	LBRACKETPERCENTPERCENT  reduce 787
	LET  reduce 787
	LBRACKETATATAT  reduce 787
	MODULE  reduce 787
	OPEN  reduce 787
	RBRACKET  reduce 787
	SEMISEMI  reduce 787
	HASH  reduce 787
	TYPE  reduce 787
	VAL  reduce 787

	post_item_attributes  goto 1192
	post_item_attribute  goto 328


state 1001
	module_binding_body : COLON module_type . EQUAL module_expr  (68)
	module_type : module_type . MINUSGREATER module_type  (79)
	module_type : module_type . WITH with_constraints  (80)
	module_type : module_type . attribute  (85)

	EQUAL  shift 1193
	LBRACKETAT  shift 185
	MINUSGREATER  shift 865
	WITH  shift 866
	.  error

	attribute  goto 868


state 1002
	module_expr : module_expr . paren_module_expr  (30)
	module_expr : module_expr . LPAREN RPAREN  (31)
	module_expr : module_expr . attribute  (33)
	module_binding_body : EQUAL module_expr .  (67)

	LPAREN  shift 769
	LBRACKETAT  shift 185
	error  reduce 67
	AND  reduce 67
	CLASS  reduce 67
	END  reduce 67
	EOF  reduce 67
	EXCEPTION  reduce 67
	EXTERNAL  reduce 67
	IN  reduce 67
	INCLUDE  reduce 67
	LBRACKETPERCENTPERCENT  reduce 67
	LET  reduce 67
	LBRACKETATAT  reduce 67
	LBRACKETATATAT  reduce 67
	MODULE  reduce 67
	OPEN  reduce 67
	RBRACKET  reduce 67
	SEMISEMI  reduce 67
	HASH  reduce 67
	TYPE  reduce 67
	VAL  reduce 67

	paren_module_expr  goto 771
	attribute  goto 772


state 1003
	functor_arg : LPAREN RPAREN .  (20)

	.  reduce 20


state 1004
	functor_arg_name : UIDENT .  (22)

	.  reduce 22


state 1005
	functor_arg_name : UNDERSCORE .  (23)

	.  reduce 23


state 1006
	functor_arg : LPAREN functor_arg_name . COLON module_type RPAREN  (21)

	COLON  shift 1194
	.  error


state 1007
	module_binding_body : functor_arg module_binding_body .  (69)

	.  reduce 69


state 1008
	module_binding : MODULE ext_attributes UIDENT module_binding_body post_item_attributes .  (70)

	.  reduce 70


state 1009
	class_self_pattern : LPAREN pattern COLON . core_type RPAREN  (146)

	LBRACKET  shift 135
	LBRACKETLESS  shift 136
	LBRACKETGREATER  shift 137
	LBRACKETPERCENT  shift 30
	LESS  shift 138
	LIDENT  shift 139
	LPAREN  shift 140
	OPTLABEL  shift 141
	QUESTION  shift 142
	QUOTE  shift 143
	HASH  shift 144
	UIDENT  shift 145
	UNDERSCORE  shift 146
	.  error

	core_type  goto 1195
	extension  goto 149
	simple_core_type_or_tuple  goto 150
	simple_core_type  goto 151
	type_longident  goto 152
	core_type_no_attr  goto 153
	mod_ext_longident  goto 154
	core_type2  goto 155
	simple_core_type2  goto 156


state 1010
	class_self_pattern : LPAREN pattern RPAREN .  (145)

	.  reduce 145


state 1011
	class_field : CONSTRAINT . attributes constrain_field post_item_attributes  (153)
	attributes : .  (789)

	LBRACKETAT  shift 185
	LBRACKET  reduce 789
	LBRACKETLESS  reduce 789
	LBRACKETGREATER  reduce 789
	LBRACKETPERCENT  reduce 789
	LESS  reduce 789
	LIDENT  reduce 789
	LPAREN  reduce 789
	OPTLABEL  reduce 789
	QUESTION  reduce 789
	QUOTE  reduce 789
	HASH  reduce 789
	UIDENT  reduce 789
	UNDERSCORE  reduce 789

	attributes  goto 1196
	attribute  goto 487


state 1012
	class_field : INHERIT . override_flag attributes class_expr parent_binder post_item_attributes  (150)
	override_flag : .  (721)

	BANG  shift 317
	FUN  reduce 721
	LBRACKET  reduce 721
	LBRACKETPERCENT  reduce 721
	LET  reduce 721
	LIDENT  reduce 721
	LPAREN  reduce 721
	LBRACKETAT  reduce 721
	OBJECT  reduce 721
	UIDENT  reduce 721

	override_flag  goto 1197


state 1013
	class_field : INITIALIZER . attributes seq_expr post_item_attributes  (154)
	attributes : .  (789)

	LBRACKETAT  shift 185
	ASSERT  reduce 789
	BACKQUOTE  reduce 789
	BANG  reduce 789
	BEGIN  reduce 789
	CHAR  reduce 789
	FALSE  reduce 789
	FLOAT  reduce 789
	FOR  reduce 789
	FUN  reduce 789
	FUNCTION  reduce 789
	IF  reduce 789
	INT  reduce 789
	LAZY  reduce 789
	LBRACE  reduce 789
	LBRACELESS  reduce 789
	LBRACKET  reduce 789
	LBRACKETBAR  reduce 789
	LBRACKETPERCENT  reduce 789
	LET  reduce 789
	LIDENT  reduce 789
	LPAREN  reduce 789
	MATCH  reduce 789
	MINUS  reduce 789
	MINUSDOT  reduce 789
	NEW  reduce 789
	OBJECT  reduce 789
	PLUS  reduce 789
	PLUSDOT  reduce 789
	PREFIXOP  reduce 789
	STRING  reduce 789
	TRUE  reduce 789
	TRY  reduce 789
	UIDENT  reduce 789
	UNDERSCORE  reduce 789
	WHILE  reduce 789

	attributes  goto 1198
	attribute  goto 487


state 1014
	class_field : METHOD . method_ post_item_attributes  (152)
	override_flag : .  (721)

	BANG  shift 317
	LIDENT  reduce 721
	LBRACKETAT  reduce 721
	PRIVATE  reduce 721
	VIRTUAL  reduce 721

	override_flag  goto 1199
	method_  goto 1200


state 1015
	class_field : VAL . value post_item_attributes  (151)
	override_flag : .  (721)

	BANG  shift 317
	LIDENT  reduce 721
	LBRACKETAT  reduce 721
	MUTABLE  reduce 721
	VIRTUAL  reduce 721

	override_flag  goto 1201
	value  goto 1202


state 1016
	class_field : item_extension . post_item_attributes  (155)
	post_item_attributes : .  (787)

	LBRACKETATAT  shift 326
	error  reduce 787
	CONSTRAINT  reduce 787
	END  reduce 787
	INHERIT  reduce 787
	INITIALIZER  reduce 787
	LBRACKETPERCENTPERCENT  reduce 787
	LBRACKETATATAT  reduce 787
	METHOD  reduce 787
	VAL  reduce 787

	post_item_attributes  goto 1203
	post_item_attribute  goto 328


state 1017
	class_field : floating_attribute .  (156)

	.  reduce 156


state 1018
	class_fields : class_fields class_field .  (149)

	.  reduce 149


state 1019
	open_statement : OPEN override_flag ext_attributes mod_longident post_item_attributes .  (104)

	.  reduce 104


state 1020
	expr : TRY ext_attributes seq_expr WITH error .  (236)

	.  reduce 236


state 1021
	expr : TRY ext_attributes seq_expr WITH opt_bar . match_cases  (235)

	BACKQUOTE  shift 10
	CHAR  shift 13
	EXCEPTION  shift 160
	FALSE  shift 17
	FLOAT  shift 18
	INT  shift 24
	LAZY  shift 161
	LBRACE  shift 162
	LBRACKET  shift 163
	LBRACKETBAR  shift 164
	LBRACKETPERCENT  shift 30
	LIDENT  shift 165
	LPAREN  shift 166
	MINUS  shift 167
	PLUS  shift 168
	HASH  shift 169
	STRING  shift 47
	TRUE  shift 48
	UIDENT  shift 51
	UNDERSCORE  shift 170
	.  error

	pattern  goto 761
	mod_longident  goto 173
	extension  goto 174
	simple_pattern  goto 175
	match_cases  goto 1204
	constr_longident  goto 176
	name_tag  goto 177
	constant  goto 178
	val_ident  goto 179
	simple_pattern_not_ident  goto 180
	match_case  goto 763
	pattern_comma_list  goto 181
	pattern_gen  goto 182
	signed_constant  goto 183
	simple_delimited_pattern  goto 184


state 1022
	optional_type_parameter_list : optional_type_parameter .  (500)

	.  reduce 500


state 1023
	optional_type_parameters : LPAREN optional_type_parameter_list . RPAREN  (498)
	optional_type_parameter_list : optional_type_parameter_list . COMMA optional_type_parameter  (501)

	COMMA  shift 1205
	RPAREN  shift 1206
	.  error


state 1024
	type_declaration : TYPE ext_attributes nonrec_flag optional_type_parameters LIDENT . type_kind constraints post_item_attributes  (481)
	type_longident : LIDENT .  (683)
	type_kind : .  (485)

	EQUAL  shift 1207
	error  reduce 485
	AND  reduce 485
	CLASS  reduce 485
	CONSTRAINT  reduce 485
	END  reduce 485
	EOF  reduce 485
	EXCEPTION  reduce 485
	EXTERNAL  reduce 485
	INCLUDE  reduce 485
	LBRACKETPERCENTPERCENT  reduce 485
	LET  reduce 485
	LBRACKETATAT  reduce 485
	LBRACKETATATAT  reduce 485
	MODULE  reduce 485
	OPEN  reduce 485
	PLUSEQ  reduce 683
	RBRACKET  reduce 485
	SEMISEMI  reduce 485
	HASH  reduce 485
	TYPE  reduce 485
	VAL  reduce 485

	type_kind  goto 1208


state 1025
	str_type_extension : TYPE ext_attributes nonrec_flag optional_type_parameters type_longident . PLUSEQ private_flag str_extension_constructors post_item_attributes  (532)

	PLUSEQ  shift 1209
	.  error


state 1026
	optional_type_variable : QUOTE . ident  (502)

	LIDENT  shift 189
	UIDENT  shift 190
	.  error

	ident  goto 1210


state 1027
	optional_type_variable : UNDERSCORE .  (503)

	.  reduce 503


state 1028
	optional_type_parameter : type_variance optional_type_variable .  (499)

	.  reduce 499


state 1029
	value_description : VAL ext_attributes val_ident COLON core_type . post_item_attributes  (475)
	core_type : core_type . attribute  (562)
	post_item_attributes : .  (787)

	LBRACKETAT  shift 185
	LBRACKETATAT  shift 326
	error  reduce 787
	CLASS  reduce 787
	END  reduce 787
	EOF  reduce 787
	EXCEPTION  reduce 787
	EXTERNAL  reduce 787
	INCLUDE  reduce 787
	LBRACKETPERCENTPERCENT  reduce 787
	LET  reduce 787
	LBRACKETATATAT  reduce 787
	MODULE  reduce 787
	OPEN  reduce 787
	RBRACKET  reduce 787
	SEMISEMI  reduce 787
	HASH  reduce 787
	TYPE  reduce 787
	VAL  reduce 787

	post_item_attributes  goto 1211
	attribute  goto 440
	post_item_attribute  goto 328


state 1030
	expr : WHILE ext_attributes seq_expr DO seq_expr . DONE  (242)

	DONE  shift 1212
	.  error


state 1031
	post_item_attribute : LBRACKETATAT attr_id payload RBRACKET .  (785)

	.  reduce 785


state 1032
	simple_expr : mod_longident DOT LBRACE record_expr error .  (319)

	.  reduce 319


state 1033
	simple_expr : mod_longident DOT LBRACE record_expr RBRACE .  (318)

	.  reduce 318


state 1034
	simple_expr : mod_longident DOT LBRACELESS field_expr_list error .  (339)

	.  reduce 339


state 1035
	simple_expr : mod_longident DOT LBRACELESS field_expr_list GREATERRBRACE .  (337)

	.  reduce 337


state 1036
	simple_expr : mod_longident DOT LBRACKET expr_semi_list opt_semi . RBRACKET  (328)
	simple_expr : mod_longident DOT LBRACKET expr_semi_list opt_semi . error  (330)

	error  shift 1213
	RBRACKET  shift 1214
	.  error


state 1037
	simple_expr : mod_longident DOT LBRACKETBAR expr_semi_list opt_semi . BARRBRACKET  (323)
	simple_expr : mod_longident DOT LBRACKETBAR expr_semi_list opt_semi . error  (325)

	error  shift 1215
	BARRBRACKET  shift 1216
	.  error


state 1038
	constr_longident : mod_longident DOT LPAREN COLONCOLON RPAREN .  (675)

	.  reduce 675


state 1039
	simple_expr : mod_longident DOT LPAREN MODULE ext_attributes . module_expr COLON package_type RPAREN  (345)
	simple_expr : mod_longident DOT LPAREN MODULE ext_attributes . module_expr COLON error  (346)

	FUNCTOR  shift 516
	LBRACKETPERCENT  shift 30
	LPAREN  shift 517
	STRUCT  shift 518
	UIDENT  shift 51
	.  error

	module_expr  goto 1217
	mod_longident  goto 520
	paren_module_expr  goto 521
	extension  goto 522


state 1040
	simple_expr : mod_longident DOT LPAREN seq_expr error .  (297)

	.  reduce 297


state 1041
	simple_expr : mod_longident DOT LPAREN seq_expr RPAREN .  (295)

	.  reduce 295


state 1042
	seq_expr : expr SEMI PERCENT attr_id seq_expr .  (207)

	.  reduce 207


state 1043
	and_let_binding : AND attributes let_binding_body post_item_attributes .  (368)

	.  reduce 368


state 1044
	and_type_declaration : AND attributes optional_type_parameters LIDENT . type_kind constraints post_item_attributes  (482)
	type_kind : .  (485)

	EQUAL  shift 1207
	error  reduce 485
	AND  reduce 485
	CLASS  reduce 485
	CONSTRAINT  reduce 485
	END  reduce 485
	EOF  reduce 485
	EXCEPTION  reduce 485
	EXTERNAL  reduce 485
	INCLUDE  reduce 485
	LBRACKETPERCENTPERCENT  reduce 485
	LET  reduce 485
	LBRACKETATAT  reduce 485
	LBRACKETATATAT  reduce 485
	MODULE  reduce 485
	OPEN  reduce 485
	RBRACKET  reduce 485
	SEMISEMI  reduce 485
	HASH  reduce 485
	TYPE  reduce 485
	VAL  reduce 485

	type_kind  goto 1218


state 1045
	and_module_binding : AND attributes UIDENT module_binding_body . post_item_attributes  (74)
	post_item_attributes : .  (787)

	LBRACKETATAT  shift 326
	error  reduce 787
	AND  reduce 787
	CLASS  reduce 787
	END  reduce 787
	EOF  reduce 787
	EXCEPTION  reduce 787
	EXTERNAL  reduce 787
	INCLUDE  reduce 787
	LBRACKETPERCENTPERCENT  reduce 787
	LET  reduce 787
	LBRACKETATATAT  reduce 787
	MODULE  reduce 787
	OPEN  reduce 787
	RBRACKET  reduce 787
	SEMISEMI  reduce 787
	HASH  reduce 787
	TYPE  reduce 787
	VAL  reduce 787

	post_item_attributes  goto 1219
	post_item_attribute  goto 328


state 1046
	and_class_declaration : AND attributes virtual_flag class_type_parameters . LIDENT class_fun_binding post_item_attributes  (121)

	LIDENT  shift 1220
	.  error


state 1047
	and_class_type_declaration : AND attributes virtual_flag class_type_parameters . LIDENT EQUAL class_signature post_item_attributes  (203)

	LIDENT  shift 1221
	.  error


state 1048
	expr : simple_expr DOT LBRACE expr RBRACE . LESSMINUS expr  (270)
	simple_expr : simple_expr DOT LBRACE expr RBRACE .  (314)

	LESSMINUS  shift 1222
	error  reduce 314
	AMPERAMPER  reduce 314
	AMPERSAND  reduce 314
	AND  reduce 314
	BACKQUOTE  reduce 314
	BANG  reduce 314
	BAR  reduce 314
	BARBAR  reduce 314
	BARRBRACKET  reduce 314
	BEGIN  reduce 314
	CHAR  reduce 314
	CLASS  reduce 314
	COLON  reduce 314
	COLONCOLON  reduce 314
	COLONEQUAL  reduce 314
	COLONGREATER  reduce 314
	COMMA  reduce 314
	CONSTRAINT  reduce 314
	DO  reduce 314
	DONE  reduce 314
	DOT  reduce 314
	DOWNTO  reduce 314
	ELSE  reduce 314
	END  reduce 314
	EOF  reduce 314
	EQUAL  reduce 314
	EXCEPTION  reduce 314
	EXTERNAL  reduce 314
	FALSE  reduce 314
	FLOAT  reduce 314
	GREATER  reduce 314
	GREATERRBRACE  reduce 314
	IN  reduce 314
	INCLUDE  reduce 314
	INFIXOP0  reduce 314
	INFIXOP1  reduce 314
	INFIXOP2  reduce 314
	INFIXOP3  reduce 314
	INFIXOP4  reduce 314
	DOTOP  reduce 314
	INHERIT  reduce 314
	INITIALIZER  reduce 314
	INT  reduce 314
	LABEL  reduce 314
	LBRACE  reduce 314
	LBRACELESS  reduce 314
	LBRACKET  reduce 314
	LBRACKETBAR  reduce 314
	LBRACKETPERCENT  reduce 314
	LBRACKETPERCENTPERCENT  reduce 314
	LESS  reduce 314
	LET  reduce 314
	LIDENT  reduce 314
	LPAREN  reduce 314
	LBRACKETAT  reduce 314
	LBRACKETATAT  reduce 314
	LBRACKETATATAT  reduce 314
	METHOD  reduce 314
	MINUS  reduce 314
	MINUSDOT  reduce 314
	MINUSGREATER  reduce 314
	MODULE  reduce 314
	NEW  reduce 314
	OPEN  reduce 314
	OPTLABEL  reduce 314
	OR  reduce 314
	PERCENT  reduce 314
	PLUS  reduce 314
	PLUSDOT  reduce 314
	PLUSEQ  reduce 314
	PREFIXOP  reduce 314
	QUESTION  reduce 314
	RBRACE  reduce 314
	RBRACKET  reduce 314
	RPAREN  reduce 314
	SEMI  reduce 314
	SEMISEMI  reduce 314
	HASH  reduce 314
	HASHOP  reduce 314
	STAR  reduce 314
	STRING  reduce 314
	THEN  reduce 314
	TILDE  reduce 314
	TO  reduce 314
	TRUE  reduce 314
	TYPE  reduce 314
	UIDENT  reduce 314
	VAL  reduce 314
	WITH  reduce 314


state 1049
	simple_expr : simple_expr DOT LBRACE expr_comma_list error .  (315)

	.  reduce 315


state 1050
	simple_expr : simple_expr DOT LBRACKET seq_expr error .  (301)

	.  reduce 301


state 1051
	expr : simple_expr DOT LBRACKET seq_expr RBRACKET . LESSMINUS expr  (269)
	simple_expr : simple_expr DOT LBRACKET seq_expr RBRACKET .  (300)

	LESSMINUS  shift 1223
	error  reduce 300
	AMPERAMPER  reduce 300
	AMPERSAND  reduce 300
	AND  reduce 300
	BACKQUOTE  reduce 300
	BANG  reduce 300
	BAR  reduce 300
	BARBAR  reduce 300
	BARRBRACKET  reduce 300
	BEGIN  reduce 300
	CHAR  reduce 300
	CLASS  reduce 300
	COLON  reduce 300
	COLONCOLON  reduce 300
	COLONEQUAL  reduce 300
	COLONGREATER  reduce 300
	COMMA  reduce 300
	CONSTRAINT  reduce 300
	DO  reduce 300
	DONE  reduce 300
	DOT  reduce 300
	DOWNTO  reduce 300
	ELSE  reduce 300
	END  reduce 300
	EOF  reduce 300
	EQUAL  reduce 300
	EXCEPTION  reduce 300
	EXTERNAL  reduce 300
	FALSE  reduce 300
	FLOAT  reduce 300
	GREATER  reduce 300
	GREATERRBRACE  reduce 300
	IN  reduce 300
	INCLUDE  reduce 300
	INFIXOP0  reduce 300
	INFIXOP1  reduce 300
	INFIXOP2  reduce 300
	INFIXOP3  reduce 300
	INFIXOP4  reduce 300
	DOTOP  reduce 300
	INHERIT  reduce 300
	INITIALIZER  reduce 300
	INT  reduce 300
	LABEL  reduce 300
	LBRACE  reduce 300
	LBRACELESS  reduce 300
	LBRACKET  reduce 300
	LBRACKETBAR  reduce 300
	LBRACKETPERCENT  reduce 300
	LBRACKETPERCENTPERCENT  reduce 300
	LESS  reduce 300
	LET  reduce 300
	LIDENT  reduce 300
	LPAREN  reduce 300
	LBRACKETAT  reduce 300
	LBRACKETATAT  reduce 300
	LBRACKETATATAT  reduce 300
	METHOD  reduce 300
	MINUS  reduce 300
	MINUSDOT  reduce 300
	MINUSGREATER  reduce 300
	MODULE  reduce 300
	NEW  reduce 300
	OPEN  reduce 300
	OPTLABEL  reduce 300
	OR  reduce 300
	PERCENT  reduce 300
	PLUS  reduce 300
	PLUSDOT  reduce 300
	PLUSEQ  reduce 300
	PREFIXOP  reduce 300
	QUESTION  reduce 300
	RBRACE  reduce 300
	RBRACKET  reduce 300
	RPAREN  reduce 300
	SEMI  reduce 300
	SEMISEMI  reduce 300
	HASH  reduce 300
	HASHOP  reduce 300
	STAR  reduce 300
	STRING  reduce 300
	THEN  reduce 300
	TILDE  reduce 300
	TO  reduce 300
	TRUE  reduce 300
	TYPE  reduce 300
	UIDENT  reduce 300
	VAL  reduce 300
	WITH  reduce 300


state 1052
	simple_expr : simple_expr DOT LPAREN seq_expr error .  (299)

	.  reduce 299


state 1053
	expr : simple_expr DOT LPAREN seq_expr RPAREN . LESSMINUS expr  (268)
	simple_expr : simple_expr DOT LPAREN seq_expr RPAREN .  (298)

	LESSMINUS  shift 1224
	error  reduce 298
	AMPERAMPER  reduce 298
	AMPERSAND  reduce 298
	AND  reduce 298
	BACKQUOTE  reduce 298
	BANG  reduce 298
	BAR  reduce 298
	BARBAR  reduce 298
	BARRBRACKET  reduce 298
	BEGIN  reduce 298
	CHAR  reduce 298
	CLASS  reduce 298
	COLON  reduce 298
	COLONCOLON  reduce 298
	COLONEQUAL  reduce 298
	COLONGREATER  reduce 298
	COMMA  reduce 298
	CONSTRAINT  reduce 298
	DO  reduce 298
	DONE  reduce 298
	DOT  reduce 298
	DOWNTO  reduce 298
	ELSE  reduce 298
	END  reduce 298
	EOF  reduce 298
	EQUAL  reduce 298
	EXCEPTION  reduce 298
	EXTERNAL  reduce 298
	FALSE  reduce 298
	FLOAT  reduce 298
	GREATER  reduce 298
	GREATERRBRACE  reduce 298
	IN  reduce 298
	INCLUDE  reduce 298
	INFIXOP0  reduce 298
	INFIXOP1  reduce 298
	INFIXOP2  reduce 298
	INFIXOP3  reduce 298
	INFIXOP4  reduce 298
	DOTOP  reduce 298
	INHERIT  reduce 298
	INITIALIZER  reduce 298
	INT  reduce 298
	LABEL  reduce 298
	LBRACE  reduce 298
	LBRACELESS  reduce 298
	LBRACKET  reduce 298
	LBRACKETBAR  reduce 298
	LBRACKETPERCENT  reduce 298
	LBRACKETPERCENTPERCENT  reduce 298
	LESS  reduce 298
	LET  reduce 298
	LIDENT  reduce 298
	LPAREN  reduce 298
	LBRACKETAT  reduce 298
	LBRACKETATAT  reduce 298
	LBRACKETATATAT  reduce 298
	METHOD  reduce 298
	MINUS  reduce 298
	MINUSDOT  reduce 298
	MINUSGREATER  reduce 298
	MODULE  reduce 298
	NEW  reduce 298
	OPEN  reduce 298
	OPTLABEL  reduce 298
	OR  reduce 298
	PERCENT  reduce 298
	PLUS  reduce 298
	PLUSDOT  reduce 298
	PLUSEQ  reduce 298
	PREFIXOP  reduce 298
	QUESTION  reduce 298
	RBRACE  reduce 298
	RBRACKET  reduce 298
	RPAREN  reduce 298
	SEMI  reduce 298
	SEMISEMI  reduce 298
	HASH  reduce 298
	HASHOP  reduce 298
	STAR  reduce 298
	STRING  reduce 298
	THEN  reduce 298
	TILDE  reduce 298
	TO  reduce 298
	TRUE  reduce 298
	TYPE  reduce 298
	UIDENT  reduce 298
	VAL  reduce 298
	WITH  reduce 298


state 1054
	expr : simple_expr DOT mod_longident DOTOP LBRACE . expr RBRACE LESSMINUS expr  (276)
	simple_expr : simple_expr DOT mod_longident DOTOP LBRACE . expr RBRACE  (312)
	simple_expr : simple_expr DOT mod_longident DOTOP LBRACE . expr error  (313)

	ASSERT  shift 9
	BACKQUOTE  shift 10
	BANG  shift 11
	BEGIN  shift 12
	CHAR  shift 13
	FALSE  shift 17
	FLOAT  shift 18
	FOR  shift 19
	FUN  shift 20
	FUNCTION  shift 21
	IF  shift 22
	INT  shift 24
	LAZY  shift 25
	LBRACE  shift 26
	LBRACELESS  shift 27
	LBRACKET  shift 28
	LBRACKETBAR  shift 29
	LBRACKETPERCENT  shift 30
	LET  shift 32
	LIDENT  shift 33
	LPAREN  shift 34
	MATCH  shift 36
	MINUS  shift 37
	MINUSDOT  shift 38
	NEW  shift 40
	OBJECT  shift 41
	PLUS  shift 43
	PLUSDOT  shift 44
	PREFIXOP  shift 45
	STRING  shift 47
	TRUE  shift 48
	TRY  shift 49
	UIDENT  shift 51
	UNDERSCORE  shift 52
	WHILE  shift 54
	.  error

	mod_longident  goto 59
	extension  goto 60
	expr  goto 1225
	let_bindings  goto 159
	label  goto 81
	simple_expr  goto 83
	expr_comma_list  goto 84
	constr_longident  goto 85
	name_tag  goto 86
	subtractive  goto 87
	additive  goto 88
	val_longident  goto 89
	constant  goto 90
	val_ident  goto 91
	let_binding  goto 92


state 1055
	expr : simple_expr DOT mod_longident DOTOP LBRACKET . expr RBRACKET LESSMINUS expr  (274)
	simple_expr : simple_expr DOT mod_longident DOTOP LBRACKET . expr RBRACKET  (308)
	simple_expr : simple_expr DOT mod_longident DOTOP LBRACKET . expr error  (309)

	ASSERT  shift 9
	BACKQUOTE  shift 10
	BANG  shift 11
	BEGIN  shift 12
	CHAR  shift 13
	FALSE  shift 17
	FLOAT  shift 18
	FOR  shift 19
	FUN  shift 20
	FUNCTION  shift 21
	IF  shift 22
	INT  shift 24
	LAZY  shift 25
	LBRACE  shift 26
	LBRACELESS  shift 27
	LBRACKET  shift 28
	LBRACKETBAR  shift 29
	LBRACKETPERCENT  shift 30
	LET  shift 32
	LIDENT  shift 33
	LPAREN  shift 34
	MATCH  shift 36
	MINUS  shift 37
	MINUSDOT  shift 38
	NEW  shift 40
	OBJECT  shift 41
	PLUS  shift 43
	PLUSDOT  shift 44
	PREFIXOP  shift 45
	STRING  shift 47
	TRUE  shift 48
	TRY  shift 49
	UIDENT  shift 51
	UNDERSCORE  shift 52
	WHILE  shift 54
	.  error

	mod_longident  goto 59
	extension  goto 60
	expr  goto 1226
	let_bindings  goto 159
	label  goto 81
	simple_expr  goto 83
	expr_comma_list  goto 84
	constr_longident  goto 85
	name_tag  goto 86
	subtractive  goto 87
	additive  goto 88
	val_longident  goto 89
	constant  goto 90
	val_ident  goto 91
	let_binding  goto 92


state 1056
	expr : simple_expr DOT mod_longident DOTOP LPAREN . expr RPAREN LESSMINUS expr  (275)
	simple_expr : simple_expr DOT mod_longident DOTOP LPAREN . expr RPAREN  (310)
	simple_expr : simple_expr DOT mod_longident DOTOP LPAREN . expr error  (311)

	ASSERT  shift 9
	BACKQUOTE  shift 10
	BANG  shift 11
	BEGIN  shift 12
	CHAR  shift 13
	FALSE  shift 17
	FLOAT  shift 18
	FOR  shift 19
	FUN  shift 20
	FUNCTION  shift 21
	IF  shift 22
	INT  shift 24
	LAZY  shift 25
	LBRACE  shift 26
	LBRACELESS  shift 27
	LBRACKET  shift 28
	LBRACKETBAR  shift 29
	LBRACKETPERCENT  shift 30
	LET  shift 32
	LIDENT  shift 33
	LPAREN  shift 34
	MATCH  shift 36
	MINUS  shift 37
	MINUSDOT  shift 38
	NEW  shift 40
	OBJECT  shift 41
	PLUS  shift 43
	PLUSDOT  shift 44
	PREFIXOP  shift 45
	STRING  shift 47
	TRUE  shift 48
	TRY  shift 49
	UIDENT  shift 51
	UNDERSCORE  shift 52
	WHILE  shift 54
	.  error

	mod_longident  goto 59
	extension  goto 60
	expr  goto 1227
	let_bindings  goto 159
	label  goto 81
	simple_expr  goto 83
	expr_comma_list  goto 84
	constr_longident  goto 85
	name_tag  goto 86
	subtractive  goto 87
	additive  goto 88
	val_longident  goto 89
	constant  goto 90
	val_ident  goto 91
	let_binding  goto 92


state 1057
	expr : expr . COLONCOLON expr  (244)
	expr : expr . INFIXOP0 expr  (245)
	expr : expr . INFIXOP1 expr  (246)
	expr : expr . INFIXOP2 expr  (247)
	expr : expr . INFIXOP3 expr  (248)
	expr : expr . INFIXOP4 expr  (249)
	expr : expr . PLUS expr  (250)
	expr : expr . PLUSDOT expr  (251)
	expr : expr . PLUSEQ expr  (252)
	expr : expr . MINUS expr  (253)
	expr : expr . MINUSDOT expr  (254)
	expr : expr . STAR expr  (255)
	expr : expr . PERCENT expr  (256)
	expr : expr . EQUAL expr  (257)
	expr : expr . LESS expr  (258)
	expr : expr . GREATER expr  (259)
	expr : expr . OR expr  (260)
	expr : expr . BARBAR expr  (261)
	expr : expr . AMPERSAND expr  (262)
	expr : expr . AMPERAMPER expr  (263)
	expr : expr . COLONEQUAL expr  (264)
	expr : simple_expr DOT label_longident LESSMINUS expr .  (267)
	expr : expr . attribute  (282)
	expr_comma_list : expr . COMMA expr  (384)

	AMPERAMPER  shift 333
	AMPERSAND  shift 334
	BARBAR  shift 335
	COLONCOLON  shift 336
	COLONEQUAL  shift 337
	COMMA  shift 338
	EQUAL  shift 339
	GREATER  shift 340
	INFIXOP0  shift 341
	INFIXOP1  shift 342
	INFIXOP2  shift 343
	INFIXOP3  shift 344
	INFIXOP4  shift 345
	LESS  shift 346
	LBRACKETAT  shift 185
	MINUS  shift 347
	MINUSDOT  shift 348
	OR  shift 349
	PERCENT  shift 350
	PLUS  shift 351
	PLUSDOT  shift 352
	PLUSEQ  shift 353
	STAR  shift 355
	error  reduce 267
	AND  reduce 267
	BAR  reduce 267
	BARRBRACKET  reduce 267
	CLASS  reduce 267
	COLON  reduce 267
	COLONGREATER  reduce 267
	CONSTRAINT  reduce 267
	DO  reduce 267
	DONE  reduce 267
	DOWNTO  reduce 267
	ELSE  reduce 267
	END  reduce 267
	EOF  reduce 267
	EXCEPTION  reduce 267
	EXTERNAL  reduce 267
	GREATERRBRACE  reduce 267
	IN  reduce 267
	INCLUDE  reduce 267
	INHERIT  reduce 267
	INITIALIZER  reduce 267
	LBRACKETPERCENTPERCENT  reduce 267
	LET  reduce 267
	LBRACKETATAT  reduce 267
	LBRACKETATATAT  reduce 267
	METHOD  reduce 267
	MINUSGREATER  reduce 267
	MODULE  reduce 267
	OPEN  reduce 267
	RBRACE  reduce 267
	RBRACKET  reduce 267
	RPAREN  reduce 267
	SEMI  reduce 267
	SEMISEMI  reduce 267
	HASH  reduce 267
	THEN  reduce 267
	TO  reduce 267
	TYPE  reduce 267
	VAL  reduce 267
	WITH  reduce 267

	attribute  goto 356


state 1058
	simple_expr : simple_expr DOTOP LBRACE expr error .  (307)

	.  reduce 307


state 1059
	expr : simple_expr DOTOP LBRACE expr RBRACE . LESSMINUS expr  (273)
	simple_expr : simple_expr DOTOP LBRACE expr RBRACE .  (306)

	LESSMINUS  shift 1228
	error  reduce 306
	AMPERAMPER  reduce 306
	AMPERSAND  reduce 306
	AND  reduce 306
	BACKQUOTE  reduce 306
	BANG  reduce 306
	BAR  reduce 306
	BARBAR  reduce 306
	BARRBRACKET  reduce 306
	BEGIN  reduce 306
	CHAR  reduce 306
	CLASS  reduce 306
	COLON  reduce 306
	COLONCOLON  reduce 306
	COLONEQUAL  reduce 306
	COLONGREATER  reduce 306
	COMMA  reduce 306
	CONSTRAINT  reduce 306
	DO  reduce 306
	DONE  reduce 306
	DOT  reduce 306
	DOWNTO  reduce 306
	ELSE  reduce 306
	END  reduce 306
	EOF  reduce 306
	EQUAL  reduce 306
	EXCEPTION  reduce 306
	EXTERNAL  reduce 306
	FALSE  reduce 306
	FLOAT  reduce 306
	GREATER  reduce 306
	GREATERRBRACE  reduce 306
	IN  reduce 306
	INCLUDE  reduce 306
	INFIXOP0  reduce 306
	INFIXOP1  reduce 306
	INFIXOP2  reduce 306
	INFIXOP3  reduce 306
	INFIXOP4  reduce 306
	DOTOP  reduce 306
	INHERIT  reduce 306
	INITIALIZER  reduce 306
	INT  reduce 306
	LABEL  reduce 306
	LBRACE  reduce 306
	LBRACELESS  reduce 306
	LBRACKET  reduce 306
	LBRACKETBAR  reduce 306
	LBRACKETPERCENT  reduce 306
	LBRACKETPERCENTPERCENT  reduce 306
	LESS  reduce 306
	LET  reduce 306
	LIDENT  reduce 306
	LPAREN  reduce 306
	LBRACKETAT  reduce 306
	LBRACKETATAT  reduce 306
	LBRACKETATATAT  reduce 306
	METHOD  reduce 306
	MINUS  reduce 306
	MINUSDOT  reduce 306
	MINUSGREATER  reduce 306
	MODULE  reduce 306
	NEW  reduce 306
	OPEN  reduce 306
	OPTLABEL  reduce 306
	OR  reduce 306
	PERCENT  reduce 306
	PLUS  reduce 306
	PLUSDOT  reduce 306
	PLUSEQ  reduce 306
	PREFIXOP  reduce 306
	QUESTION  reduce 306
	RBRACE  reduce 306
	RBRACKET  reduce 306
	RPAREN  reduce 306
	SEMI  reduce 306
	SEMISEMI  reduce 306
	HASH  reduce 306
	HASHOP  reduce 306
	STAR  reduce 306
	STRING  reduce 306
	THEN  reduce 306
	TILDE  reduce 306
	TO  reduce 306
	TRUE  reduce 306
	TYPE  reduce 306
	UIDENT  reduce 306
	VAL  reduce 306
	WITH  reduce 306


state 1060
	simple_expr : simple_expr DOTOP LBRACKET expr error .  (303)

	.  reduce 303


state 1061
	expr : simple_expr DOTOP LBRACKET expr RBRACKET . LESSMINUS expr  (271)
	simple_expr : simple_expr DOTOP LBRACKET expr RBRACKET .  (302)

	LESSMINUS  shift 1229
	error  reduce 302
	AMPERAMPER  reduce 302
	AMPERSAND  reduce 302
	AND  reduce 302
	BACKQUOTE  reduce 302
	BANG  reduce 302
	BAR  reduce 302
	BARBAR  reduce 302
	BARRBRACKET  reduce 302
	BEGIN  reduce 302
	CHAR  reduce 302
	CLASS  reduce 302
	COLON  reduce 302
	COLONCOLON  reduce 302
	COLONEQUAL  reduce 302
	COLONGREATER  reduce 302
	COMMA  reduce 302
	CONSTRAINT  reduce 302
	DO  reduce 302
	DONE  reduce 302
	DOT  reduce 302
	DOWNTO  reduce 302
	ELSE  reduce 302
	END  reduce 302
	EOF  reduce 302
	EQUAL  reduce 302
	EXCEPTION  reduce 302
	EXTERNAL  reduce 302
	FALSE  reduce 302
	FLOAT  reduce 302
	GREATER  reduce 302
	GREATERRBRACE  reduce 302
	IN  reduce 302
	INCLUDE  reduce 302
	INFIXOP0  reduce 302
	INFIXOP1  reduce 302
	INFIXOP2  reduce 302
	INFIXOP3  reduce 302
	INFIXOP4  reduce 302
	DOTOP  reduce 302
	INHERIT  reduce 302
	INITIALIZER  reduce 302
	INT  reduce 302
	LABEL  reduce 302
	LBRACE  reduce 302
	LBRACELESS  reduce 302
	LBRACKET  reduce 302
	LBRACKETBAR  reduce 302
	LBRACKETPERCENT  reduce 302
	LBRACKETPERCENTPERCENT  reduce 302
	LESS  reduce 302
	LET  reduce 302
	LIDENT  reduce 302
	LPAREN  reduce 302
	LBRACKETAT  reduce 302
	LBRACKETATAT  reduce 302
	LBRACKETATATAT  reduce 302
	METHOD  reduce 302
	MINUS  reduce 302
	MINUSDOT  reduce 302
	MINUSGREATER  reduce 302
	MODULE  reduce 302
	NEW  reduce 302
	OPEN  reduce 302
	OPTLABEL  reduce 302
	OR  reduce 302
	PERCENT  reduce 302
	PLUS  reduce 302
	PLUSDOT  reduce 302
	PLUSEQ  reduce 302
	PREFIXOP  reduce 302
	QUESTION  reduce 302
	RBRACE  reduce 302
	RBRACKET  reduce 302
	RPAREN  reduce 302
	SEMI  reduce 302
	SEMISEMI  reduce 302
	HASH  reduce 302
	HASHOP  reduce 302
	STAR  reduce 302
	STRING  reduce 302
	THEN  reduce 302
	TILDE  reduce 302
	TO  reduce 302
	TRUE  reduce 302
	TYPE  reduce 302
	UIDENT  reduce 302
	VAL  reduce 302
	WITH  reduce 302


state 1062
	simple_expr : simple_expr DOTOP LPAREN expr error .  (305)

	.  reduce 305


state 1063
	expr : simple_expr DOTOP LPAREN expr RPAREN . LESSMINUS expr  (272)
	simple_expr : simple_expr DOTOP LPAREN expr RPAREN .  (304)

	LESSMINUS  shift 1230
	error  reduce 304
	AMPERAMPER  reduce 304
	AMPERSAND  reduce 304
	AND  reduce 304
	BACKQUOTE  reduce 304
	BANG  reduce 304
	BAR  reduce 304
	BARBAR  reduce 304
	BARRBRACKET  reduce 304
	BEGIN  reduce 304
	CHAR  reduce 304
	CLASS  reduce 304
	COLON  reduce 304
	COLONCOLON  reduce 304
	COLONEQUAL  reduce 304
	COLONGREATER  reduce 304
	COMMA  reduce 304
	CONSTRAINT  reduce 304
	DO  reduce 304
	DONE  reduce 304
	DOT  reduce 304
	DOWNTO  reduce 304
	ELSE  reduce 304
	END  reduce 304
	EOF  reduce 304
	EQUAL  reduce 304
	EXCEPTION  reduce 304
	EXTERNAL  reduce 304
	FALSE  reduce 304
	FLOAT  reduce 304
	GREATER  reduce 304
	GREATERRBRACE  reduce 304
	IN  reduce 304
	INCLUDE  reduce 304
	INFIXOP0  reduce 304
	INFIXOP1  reduce 304
	INFIXOP2  reduce 304
	INFIXOP3  reduce 304
	INFIXOP4  reduce 304
	DOTOP  reduce 304
	INHERIT  reduce 304
	INITIALIZER  reduce 304
	INT  reduce 304
	LABEL  reduce 304
	LBRACE  reduce 304
	LBRACELESS  reduce 304
	LBRACKET  reduce 304
	LBRACKETBAR  reduce 304
	LBRACKETPERCENT  reduce 304
	LBRACKETPERCENTPERCENT  reduce 304
	LESS  reduce 304
	LET  reduce 304
	LIDENT  reduce 304
	LPAREN  reduce 304
	LBRACKETAT  reduce 304
	LBRACKETATAT  reduce 304
	LBRACKETATATAT  reduce 304
	METHOD  reduce 304
	MINUS  reduce 304
	MINUSDOT  reduce 304
	MINUSGREATER  reduce 304
	MODULE  reduce 304
	NEW  reduce 304
	OPEN  reduce 304
	OPTLABEL  reduce 304
	OR  reduce 304
	PERCENT  reduce 304
	PLUS  reduce 304
	PLUSDOT  reduce 304
	PLUSEQ  reduce 304
	PREFIXOP  reduce 304
	QUESTION  reduce 304
	RBRACE  reduce 304
	RBRACKET  reduce 304
	RPAREN  reduce 304
	SEMI  reduce 304
	SEMISEMI  reduce 304
	HASH  reduce 304
	HASHOP  reduce 304
	STAR  reduce 304
	STRING  reduce 304
	THEN  reduce 304
	TILDE  reduce 304
	TO  reduce 304
	TRUE  reduce 304
	TYPE  reduce 304
	UIDENT  reduce 304
	VAL  reduce 304
	WITH  reduce 304


state 1064
	class_description : CLASS ext_attributes virtual_flag class_type_parameters LIDENT . COLON class_type post_item_attributes  (198)

	COLON  shift 1231
	.  error


state 1065
	functor_args : functor_args . functor_arg  (24)
	module_type : FUNCTOR attributes functor_args . MINUSGREATER module_type  (78)

	LPAREN  shift 816
	MINUSGREATER  shift 1232
	.  error

	functor_arg  goto 1157


state 1066
	module_type : LPAREN module_type error .  (83)

	.  reduce 83


state 1067
	module_type : LPAREN module_type RPAREN .  (82)

	.  reduce 82


state 1068
	module_type : MODULE TYPE OF . attributes module_expr  (81)
	attributes : .  (789)

	LBRACKETAT  shift 185
	FUNCTOR  reduce 789
	LBRACKETPERCENT  reduce 789
	LPAREN  reduce 789
	STRUCT  reduce 789
	UIDENT  reduce 789

	attributes  goto 1233
	attribute  goto 487


state 1069
	module_type : SIG attributes signature . END  (76)
	module_type : SIG attributes signature . error  (77)

	error  shift 1234
	END  shift 1235
	.  error


state 1070
	module_type : module_type . MINUSGREATER module_type  (79)
	module_type : module_type MINUSGREATER module_type .  (79)
	module_type : module_type . WITH with_constraints  (80)
	module_type : module_type . attribute  (85)

	LBRACKETAT  shift 185
	MINUSGREATER  shift 865
	WITH  shift 866
	error  reduce 79
	AND  reduce 79
	CLASS  reduce 79
	COLONGREATER  reduce 79
	END  reduce 79
	EOF  reduce 79
	EQUAL  reduce 79
	EXCEPTION  reduce 79
	EXTERNAL  reduce 79
	INCLUDE  reduce 79
	LBRACKETPERCENTPERCENT  reduce 79
	LET  reduce 79
	LBRACKETATAT  reduce 79
	LBRACKETATATAT  reduce 79
	MODULE  reduce 79
	OPEN  reduce 79
	RBRACKET  reduce 79
	RPAREN  reduce 79
	SEMISEMI  reduce 79
	HASH  reduce 79
	TYPE  reduce 79
	VAL  reduce 79

	attribute  goto 868


state 1071
	with_constraint : MODULE . mod_longident EQUAL mod_ext_longident  (551)
	with_constraint : MODULE . mod_longident COLONEQUAL mod_ext_longident  (552)

	UIDENT  shift 51
	.  error

	mod_longident  goto 1236


state 1072
	with_constraint : TYPE . optional_type_parameters label_longident with_type_binder core_type_no_attr constraints  (549)
	with_constraint : TYPE . optional_type_parameters label_longident COLONEQUAL core_type_no_attr  (550)
	optional_type_parameters : .  (496)
	type_variance : .  (505)

	LPAREN  shift 825
	MINUS  shift 826
	PLUS  shift 827
	LIDENT  reduce 496
	QUOTE  reduce 505
	UIDENT  reduce 496
	UNDERSCORE  reduce 505

	optional_type_parameters  goto 1237
	optional_type_parameter  goto 829
	type_variance  goto 830


state 1073
	module_type : module_type WITH with_constraints .  (80)
	with_constraints : with_constraints . AND with_constraint  (548)

	AND  shift 1238
	error  reduce 80
	CLASS  reduce 80
	COLONGREATER  reduce 80
	END  reduce 80
	EOF  reduce 80
	EQUAL  reduce 80
	EXCEPTION  reduce 80
	EXTERNAL  reduce 80
	INCLUDE  reduce 80
	LBRACKETPERCENTPERCENT  reduce 80
	LET  reduce 80
	LBRACKETAT  reduce 80
	LBRACKETATAT  reduce 80
	LBRACKETATATAT  reduce 80
	MINUSGREATER  reduce 80
	MODULE  reduce 80
	OPEN  reduce 80
	RBRACKET  reduce 80
	RPAREN  reduce 80
	SEMISEMI  reduce 80
	HASH  reduce 80
	TYPE  reduce 80
	VAL  reduce 80
	WITH  reduce 80


state 1074
	with_constraints : with_constraint .  (547)

	.  reduce 547


state 1075
	ident : UIDENT .  (630)
	mod_ext_longident : mod_ext_longident DOT UIDENT .  (688)

	error  reduce 630
	AND  reduce 630
	CLASS  reduce 630
	COLONGREATER  reduce 630
	DOT  reduce 688
	END  reduce 630
	EOF  reduce 630
	EQUAL  reduce 630
	EXCEPTION  reduce 630
	EXTERNAL  reduce 630
	INCLUDE  reduce 630
	LBRACKETPERCENTPERCENT  reduce 630
	LET  reduce 630
	LPAREN  reduce 688
	LBRACKETAT  reduce 630
	LBRACKETATAT  reduce 630
	LBRACKETATATAT  reduce 630
	MINUSGREATER  reduce 630
	MODULE  reduce 630
	OPEN  reduce 630
	RBRACKET  reduce 630
	RPAREN  reduce 630
	SEMISEMI  reduce 630
	HASH  reduce 630
	TYPE  reduce 630
	VAL  reduce 630
	WITH  reduce 630


state 1076
	mty_longident : mod_ext_longident DOT ident .  (691)

	.  reduce 691


state 1077
	rec_module_declaration : MODULE ext_attributes REC UIDENT COLON . module_type post_item_attributes  (113)

	FUNCTOR  shift 638
	LBRACKETPERCENT  shift 30
	LIDENT  shift 189
	LPAREN  shift 639
	MODULE  shift 640
	SIG  shift 641
	UIDENT  shift 642
	.  error

	module_type  goto 1239
	extension  goto 644
	mty_longident  goto 645
	ident  goto 646
	mod_ext_longident  goto 647


state 1078
	module_type : module_type . MINUSGREATER module_type  (79)
	module_type : module_type . WITH with_constraints  (80)
	module_type : module_type . attribute  (85)
	module_declaration_body : COLON module_type .  (106)

	LBRACKETAT  shift 185
	MINUSGREATER  shift 865
	WITH  shift 866
	error  reduce 106
	CLASS  reduce 106
	END  reduce 106
	EOF  reduce 106
	EXCEPTION  reduce 106
	EXTERNAL  reduce 106
	INCLUDE  reduce 106
	LBRACKETPERCENTPERCENT  reduce 106
	LBRACKETATAT  reduce 106
	LBRACKETATATAT  reduce 106
	MODULE  reduce 106
	OPEN  reduce 106
	RBRACKET  reduce 106
	SEMISEMI  reduce 106
	TYPE  reduce 106
	VAL  reduce 106

	attribute  goto 868


state 1079
	module_alias : MODULE ext_attributes UIDENT EQUAL mod_longident . post_item_attributes  (110)
	mod_longident : mod_longident . DOT UIDENT  (686)
	post_item_attributes : .  (787)

	DOT  shift 773
	LBRACKETATAT  shift 326
	error  reduce 787
	CLASS  reduce 787
	END  reduce 787
	EOF  reduce 787
	EXCEPTION  reduce 787
	EXTERNAL  reduce 787
	INCLUDE  reduce 787
	LBRACKETPERCENTPERCENT  reduce 787
	LBRACKETATATAT  reduce 787
	MODULE  reduce 787
	OPEN  reduce 787
	RBRACKET  reduce 787
	SEMISEMI  reduce 787
	TYPE  reduce 787
	VAL  reduce 787

	post_item_attributes  goto 1240
	post_item_attribute  goto 328


state 1080
	module_declaration_body : LPAREN RPAREN . module_declaration_body  (108)

	COLON  shift 871
	LPAREN  shift 873
	.  error

	module_declaration_body  goto 1241


state 1081
	module_declaration_body : LPAREN UIDENT . COLON module_type RPAREN module_declaration_body  (107)

	COLON  shift 1242
	.  error


state 1082
	module_declaration : MODULE ext_attributes UIDENT module_declaration_body post_item_attributes .  (109)

	.  reduce 109


state 1083
	sig_type_extension : TYPE ext_attributes nonrec_flag optional_type_parameters type_longident . PLUSEQ private_flag sig_extension_constructors post_item_attributes  (533)

	PLUSEQ  shift 1243
	.  error


state 1084
	and_module_declaration : AND attributes UIDENT COLON . module_type post_item_attributes  (114)

	FUNCTOR  shift 638
	LBRACKETPERCENT  shift 30
	LIDENT  shift 189
	LPAREN  shift 639
	MODULE  shift 640
	SIG  shift 641
	UIDENT  shift 642
	.  error

	module_type  goto 1244
	extension  goto 644
	mty_longident  goto 645
	ident  goto 646
	mod_ext_longident  goto 647


state 1085
	and_class_description : AND attributes virtual_flag class_type_parameters . LIDENT COLON class_type post_item_attributes  (199)

	LIDENT  shift 1245
	.  error


state 1086
	row_field_list : row_field_list BAR row_field .  (593)

	.  reduce 593


state 1087
	amper_type_list : core_type_no_attr .  (600)

	.  reduce 600


state 1088
	tag_field : name_tag OF opt_ampersand amper_type_list . attributes  (596)
	amper_type_list : amper_type_list . AMPERSAND core_type_no_attr  (601)
	attributes : .  (789)

	AMPERSAND  shift 1246
	LBRACKETAT  shift 185
	BAR  reduce 789
	GREATER  reduce 789
	RBRACKET  reduce 789

	attributes  goto 1247
	attribute  goto 487


state 1089
	simple_core_type2 : LBRACKET row_field BAR row_field_list RBRACKET .  (584)

	.  reduce 584


state 1090
	name_tag_list : name_tag .  (602)

	.  reduce 602


state 1091
	simple_core_type2 : LBRACKETLESS opt_bar row_field_list GREATER name_tag_list . RBRACKET  (588)
	name_tag_list : name_tag_list . name_tag  (603)

	BACKQUOTE  shift 10
	RBRACKET  shift 1248
	.  error

	name_tag  goto 1249


state 1092
	typevar_list : QUOTE ident .  (555)
	simple_core_type2 : QUOTE ident .  (572)

	error  reduce 572
	AS  reduce 572
	COLONGREATER  reduce 572
	CONSTRAINT  reduce 572
	DOT  reduce 555
	END  reduce 572
	EQUAL  reduce 572
	GREATER  reduce 572
	INHERIT  reduce 572
	INITIALIZER  reduce 572
	LBRACKETPERCENTPERCENT  reduce 572
	LIDENT  reduce 572
	LBRACKETAT  reduce 572
	LBRACKETATAT  reduce 572
	LBRACKETATATAT  reduce 572
	METHOD  reduce 572
	MINUSGREATER  reduce 572
	QUOTE  reduce 555
	RBRACE  reduce 572
	SEMI  reduce 572
	HASH  reduce 572
	STAR  reduce 572
	UIDENT  reduce 572
	VAL  reduce 572


state 1093
	poly_type_no_attr : typevar_list DOT . core_type_no_attr  (560)

	LBRACKET  shift 135
	LBRACKETLESS  shift 136
	LBRACKETGREATER  shift 137
	LBRACKETPERCENT  shift 30
	LESS  shift 138
	LIDENT  shift 139
	LPAREN  shift 140
	OPTLABEL  shift 141
	QUESTION  shift 142
	QUOTE  shift 143
	HASH  shift 144
	UIDENT  shift 145
	UNDERSCORE  shift 146
	.  error

	extension  goto 149
	simple_core_type_or_tuple  goto 150
	simple_core_type  goto 151
	type_longident  goto 152
	core_type_no_attr  goto 1250
	mod_ext_longident  goto 154
	core_type2  goto 155
	simple_core_type2  goto 156


state 1094
	typevar_list : typevar_list QUOTE . ident  (556)

	LIDENT  shift 189
	UIDENT  shift 190
	.  error

	ident  goto 1251


state 1095
	field : label COLON poly_type_no_attr attributes .  (617)
	field_semi : label COLON poly_type_no_attr attributes . SEMI attributes  (618)

	SEMI  shift 1252
	GREATER  reduce 617


state 1096
	core_type2 : LIDENT COLON core_type2 MINUSGREATER core_type2 .  (568)
	core_type2 : core_type2 . MINUSGREATER core_type2  (569)
	core_type2 : core_type2 MINUSGREATER core_type2 .  (569)

	MINUSGREATER  shift 445
	error  reduce 568
	AMPERSAND  reduce 568
	AND  reduce 568
	AS  reduce 568
	BAR  reduce 568
	CLASS  reduce 568
	COLONGREATER  reduce 568
	COMMA  reduce 568
	CONSTRAINT  reduce 568
	END  reduce 568
	EOF  reduce 568
	EQUAL  reduce 568
	EXCEPTION  reduce 568
	EXTERNAL  reduce 568
	GREATER  reduce 568
	INCLUDE  reduce 568
	INHERIT  reduce 568
	INITIALIZER  reduce 568
	LBRACKETPERCENTPERCENT  reduce 568
	LET  reduce 568
	LBRACKETAT  reduce 568
	LBRACKETATAT  reduce 568
	LBRACKETATATAT  reduce 568
	METHOD  reduce 568
	MODULE  reduce 568
	OPEN  reduce 568
	RBRACE  reduce 568
	RBRACKET  reduce 568
	RPAREN  reduce 568
	SEMI  reduce 568
	SEMISEMI  reduce 568
	HASH  reduce 568
	TYPE  reduce 568
	VAL  reduce 568
	WITH  reduce 568


state 1097
	simple_core_type2 : LPAREN MODULE ext_attributes package_type RPAREN .  (589)

	.  reduce 589


state 1098
	simple_core_type2 : LPAREN core_type_comma_list RPAREN HASH class_longident .  (581)

	.  reduce 581


state 1099
	core_type2 : QUESTION LIDENT COLON core_type2 MINUSGREATER . core_type2  (566)
	core_type2 : core_type2 MINUSGREATER . core_type2  (569)

	LBRACKET  shift 135
	LBRACKETLESS  shift 136
	LBRACKETGREATER  shift 137
	LBRACKETPERCENT  shift 30
	LESS  shift 138
	LIDENT  shift 139
	LPAREN  shift 140
	OPTLABEL  shift 141
	QUESTION  shift 142
	QUOTE  shift 143
	HASH  shift 144
	UIDENT  shift 145
	UNDERSCORE  shift 146
	.  error

	extension  goto 149
	simple_core_type_or_tuple  goto 150
	simple_core_type  goto 151
	type_longident  goto 152
	mod_ext_longident  goto 154
	core_type2  goto 1253
	simple_core_type2  goto 156


state 1100
	core_type_list : core_type_list STAR simple_core_type .  (609)

	.  reduce 609


state 1101
	pattern : pattern . AS val_ident  (405)
	pattern : pattern . AS error  (406)
	pattern : pattern . COLONCOLON pattern  (408)
	pattern : pattern . COLONCOLON error  (409)
	pattern : pattern . BAR pattern  (410)
	pattern : pattern . BAR error  (411)
	pattern : pattern . attribute  (413)
	pattern_comma_list : pattern . COMMA pattern  (460)
	pattern_comma_list : pattern . COMMA error  (461)
	lbl_pattern : label_longident opt_pattern_type_constraint EQUAL pattern .  (471)

	AS  shift 473
	BAR  shift 474
	COLONCOLON  shift 475
	COMMA  shift 476
	LBRACKETAT  shift 185
	error  reduce 471
	RBRACE  reduce 471
	SEMI  reduce 471

	attribute  goto 478


state 1102
	opt_semi : SEMI .  (726)

	.  reduce 726


state 1103
	lbl_pattern_list : lbl_pattern SEMI UNDERSCORE opt_semi .  (469)

	.  reduce 469


state 1104
	simple_pattern_not_ident : LPAREN MODULE ext_attributes UIDENT COLON . package_type RPAREN  (449)
	simple_pattern_not_ident : LPAREN MODULE ext_attributes UIDENT COLON . package_type error  (450)

	FUNCTOR  shift 638
	LBRACKETPERCENT  shift 30
	LIDENT  shift 189
	LPAREN  shift 639
	MODULE  shift 640
	SIG  shift 641
	UIDENT  shift 642
	.  error

	module_type  goto 892
	extension  goto 644
	package_type  goto 1254
	mty_longident  goto 645
	ident  goto 646
	mod_ext_longident  goto 647


state 1105
	simple_pattern_not_ident : LPAREN MODULE ext_attributes UIDENT RPAREN .  (448)

	.  reduce 448


state 1106
	simple_pattern_not_ident : LPAREN pattern COLON core_type error .  (446)

	.  reduce 446


state 1107
	simple_pattern_not_ident : LPAREN pattern COLON core_type RPAREN .  (445)

	.  reduce 445


state 1108
	simple_pattern_not_ident : mod_longident DOT LPAREN pattern error .  (441)

	.  reduce 441


state 1109
	simple_pattern_not_ident : mod_longident DOT LPAREN pattern RPAREN .  (440)

	.  reduce 440


state 1110
	simple_expr : simple_expr DOT LBRACE expr RBRACE .  (314)

	.  reduce 314


state 1111
	simple_expr : simple_expr DOT LBRACKET seq_expr RBRACKET .  (300)

	.  reduce 300


state 1112
	simple_expr : simple_expr DOT LPAREN seq_expr RPAREN .  (298)

	.  reduce 298


state 1113
	simple_expr : simple_expr DOT mod_longident DOTOP LBRACE . expr RBRACE  (312)
	simple_expr : simple_expr DOT mod_longident DOTOP LBRACE . expr error  (313)

	ASSERT  shift 9
	BACKQUOTE  shift 10
	BANG  shift 11
	BEGIN  shift 12
	CHAR  shift 13
	FALSE  shift 17
	FLOAT  shift 18
	FOR  shift 19
	FUN  shift 20
	FUNCTION  shift 21
	IF  shift 22
	INT  shift 24
	LAZY  shift 25
	LBRACE  shift 26
	LBRACELESS  shift 27
	LBRACKET  shift 28
	LBRACKETBAR  shift 29
	LBRACKETPERCENT  shift 30
	LET  shift 32
	LIDENT  shift 33
	LPAREN  shift 34
	MATCH  shift 36
	MINUS  shift 37
	MINUSDOT  shift 38
	NEW  shift 40
	OBJECT  shift 41
	PLUS  shift 43
	PLUSDOT  shift 44
	PREFIXOP  shift 45
	STRING  shift 47
	TRUE  shift 48
	TRY  shift 49
	UIDENT  shift 51
	UNDERSCORE  shift 52
	WHILE  shift 54
	.  error

	mod_longident  goto 59
	extension  goto 60
	expr  goto 1255
	let_bindings  goto 159
	label  goto 81
	simple_expr  goto 83
	expr_comma_list  goto 84
	constr_longident  goto 85
	name_tag  goto 86
	subtractive  goto 87
	additive  goto 88
	val_longident  goto 89
	constant  goto 90
	val_ident  goto 91
	let_binding  goto 92


state 1114
	simple_expr : simple_expr DOT mod_longident DOTOP LBRACKET . expr RBRACKET  (308)
	simple_expr : simple_expr DOT mod_longident DOTOP LBRACKET . expr error  (309)

	ASSERT  shift 9
	BACKQUOTE  shift 10
	BANG  shift 11
	BEGIN  shift 12
	CHAR  shift 13
	FALSE  shift 17
	FLOAT  shift 18
	FOR  shift 19
	FUN  shift 20
	FUNCTION  shift 21
	IF  shift 22
	INT  shift 24
	LAZY  shift 25
	LBRACE  shift 26
	LBRACELESS  shift 27
	LBRACKET  shift 28
	LBRACKETBAR  shift 29
	LBRACKETPERCENT  shift 30
	LET  shift 32
	LIDENT  shift 33
	LPAREN  shift 34
	MATCH  shift 36
	MINUS  shift 37
	MINUSDOT  shift 38
	NEW  shift 40
	OBJECT  shift 41
	PLUS  shift 43
	PLUSDOT  shift 44
	PREFIXOP  shift 45
	STRING  shift 47
	TRUE  shift 48
	TRY  shift 49
	UIDENT  shift 51
	UNDERSCORE  shift 52
	WHILE  shift 54
	.  error

	mod_longident  goto 59
	extension  goto 60
	expr  goto 1256
	let_bindings  goto 159
	label  goto 81
	simple_expr  goto 83
	expr_comma_list  goto 84
	constr_longident  goto 85
	name_tag  goto 86
	subtractive  goto 87
	additive  goto 88
	val_longident  goto 89
	constant  goto 90
	val_ident  goto 91
	let_binding  goto 92


state 1115
	simple_expr : simple_expr DOT mod_longident DOTOP LPAREN . expr RPAREN  (310)
	simple_expr : simple_expr DOT mod_longident DOTOP LPAREN . expr error  (311)

	ASSERT  shift 9
	BACKQUOTE  shift 10
	BANG  shift 11
	BEGIN  shift 12
	CHAR  shift 13
	FALSE  shift 17
	FLOAT  shift 18
	FOR  shift 19
	FUN  shift 20
	FUNCTION  shift 21
	IF  shift 22
	INT  shift 24
	LAZY  shift 25
	LBRACE  shift 26
	LBRACELESS  shift 27
	LBRACKET  shift 28
	LBRACKETBAR  shift 29
	LBRACKETPERCENT  shift 30
	LET  shift 32
	LIDENT  shift 33
	LPAREN  shift 34
	MATCH  shift 36
	MINUS  shift 37
	MINUSDOT  shift 38
	NEW  shift 40
	OBJECT  shift 41
	PLUS  shift 43
	PLUSDOT  shift 44
	PREFIXOP  shift 45
	STRING  shift 47
	TRUE  shift 48
	TRY  shift 49
	UIDENT  shift 51
	UNDERSCORE  shift 52
	WHILE  shift 54
	.  error

	mod_longident  goto 59
	extension  goto 60
	expr  goto 1257
	let_bindings  goto 159
	label  goto 81
	simple_expr  goto 83
	expr_comma_list  goto 84
	constr_longident  goto 85
	name_tag  goto 86
	subtractive  goto 87
	additive  goto 88
	val_longident  goto 89
	constant  goto 90
	val_ident  goto 91
	let_binding  goto 92


state 1116
	simple_expr : simple_expr DOTOP LBRACE expr RBRACE .  (306)

	.  reduce 306


state 1117
	simple_expr : simple_expr DOTOP LBRACKET expr RBRACKET .  (302)

	.  reduce 302


state 1118
	simple_expr : simple_expr DOTOP LPAREN expr RPAREN .  (304)

	.  reduce 304


state 1119
	class_type_declaration : CLASS TYPE ext_attributes virtual_flag class_type_parameters LIDENT . EQUAL class_signature post_item_attributes  (202)

	EQUAL  shift 1258
	.  error


state 1120
	type_parameter_list : type_parameter_list COMMA . type_parameter  (510)
	type_variance : .  (505)

	MINUS  shift 826
	PLUS  shift 827
	QUOTE  reduce 505

	type_variance  goto 931
	type_parameter  goto 1259


state 1121
	class_type_parameters : LBRACKET type_parameter_list RBRACKET .  (126)

	.  reduce 126


state 1122
	type_variable : QUOTE . ident  (508)

	LIDENT  shift 189
	UIDENT  shift 190
	.  error

	ident  goto 1260


state 1123
	type_parameter : type_variance type_variable .  (504)

	.  reduce 504


state 1124
	class_fun_binding : COLON . class_type EQUAL class_expr  (123)

	LBRACKET  shift 1261
	LBRACKETLESS  shift 136
	LBRACKETGREATER  shift 137
	LBRACKETPERCENT  shift 30
	LESS  shift 138
	LET  shift 1262
	LIDENT  shift 1263
	LPAREN  shift 140
	OBJECT  shift 1264
	OPTLABEL  shift 1265
	QUESTION  shift 1266
	QUOTE  shift 143
	HASH  shift 144
	UIDENT  shift 145
	UNDERSCORE  shift 146
	.  error

	extension  goto 1267
	class_type  goto 1268
	class_signature  goto 1269
	simple_core_type_or_tuple  goto 1270
	clty_longident  goto 1271
	simple_core_type  goto 151
	type_longident  goto 152
	mod_ext_longident  goto 1272
	simple_core_type2  goto 156


state 1125
	class_fun_binding : EQUAL . class_expr  (122)

	FUN  shift 1273
	LBRACKET  shift 1274
	LBRACKETPERCENT  shift 30
	LET  shift 1275
	LIDENT  shift 436
	LPAREN  shift 1276
	OBJECT  shift 1277
	UIDENT  shift 51
	.  error

	mod_longident  goto 437
	extension  goto 1278
	let_bindings  goto 1279
	class_expr  goto 1280
	class_simple_expr  goto 1281
	class_longident  goto 1282
	let_binding  goto 92


state 1126
	class_declaration : CLASS ext_attributes virtual_flag class_type_parameters LIDENT class_fun_binding . post_item_attributes  (120)
	post_item_attributes : .  (787)

	LBRACKETATAT  shift 326
	error  reduce 787
	AND  reduce 787
	CLASS  reduce 787
	END  reduce 787
	EOF  reduce 787
	EXCEPTION  reduce 787
	EXTERNAL  reduce 787
	INCLUDE  reduce 787
	LBRACKETPERCENTPERCENT  reduce 787
	LET  reduce 787
	LBRACKETATATAT  reduce 787
	MODULE  reduce 787
	OPEN  reduce 787
	RBRACKET  reduce 787
	SEMISEMI  reduce 787
	HASH  reduce 787
	TYPE  reduce 787
	VAL  reduce 787

	post_item_attributes  goto 1283
	post_item_attribute  goto 328


state 1127
	class_fun_binding : labeled_simple_pattern . class_fun_binding  (124)

	BACKQUOTE  shift 10
	CHAR  shift 13
	COLON  shift 1124
	EQUAL  shift 1125
	FALSE  shift 17
	FLOAT  shift 18
	INT  shift 24
	LABEL  shift 505
	LBRACE  shift 162
	LBRACKET  shift 163
	LBRACKETBAR  shift 164
	LBRACKETPERCENT  shift 30
	LIDENT  shift 165
	LPAREN  shift 166
	MINUS  shift 167
	OPTLABEL  shift 507
	PLUS  shift 168
	QUESTION  shift 508
	HASH  shift 169
	STRING  shift 47
	TILDE  shift 509
	TRUE  shift 48
	UIDENT  shift 51
	UNDERSCORE  shift 170
	.  error

	mod_longident  goto 173
	extension  goto 174
	class_fun_binding  goto 1284
	labeled_simple_pattern  goto 1127
	simple_pattern  goto 511
	constr_longident  goto 512
	name_tag  goto 513
	constant  goto 178
	val_ident  goto 179
	simple_pattern_not_ident  goto 180
	signed_constant  goto 183
	simple_delimited_pattern  goto 184


state 1128
	mutable_flag : MUTABLE .  (713)

	.  reduce 713


state 1129
	label_declaration : mutable_flag . label COLON poly_type_no_attr attributes  (530)
	label_declaration_semi : mutable_flag . label COLON poly_type_no_attr attributes SEMI attributes  (531)

	LIDENT  shift 214
	.  error

	label  goto 1285


state 1130
	constructor_arguments : LBRACE label_declarations . RBRACE  (526)

	RBRACE  shift 1286
	.  error


state 1131
	label_declarations : label_declaration .  (527)

	.  reduce 527


state 1132
	label_declarations : label_declaration_semi .  (528)
	label_declarations : label_declaration_semi . label_declarations  (529)
	mutable_flag : .  (712)

	MUTABLE  shift 1128
	LIDENT  reduce 712
	RBRACE  reduce 528

	mutable_flag  goto 1129
	label_declarations  goto 1287
	label_declaration  goto 1131
	label_declaration_semi  goto 1132


state 1133
	generalized_constructor_arguments : COLON constructor_arguments MINUSGREATER . simple_core_type  (523)

	LBRACKET  shift 135
	LBRACKETLESS  shift 136
	LBRACKETGREATER  shift 137
	LBRACKETPERCENT  shift 30
	LESS  shift 138
	LIDENT  shift 411
	LPAREN  shift 140
	QUOTE  shift 143
	HASH  shift 144
	UIDENT  shift 145
	UNDERSCORE  shift 146
	.  error

	extension  goto 149
	simple_core_type  goto 1288
	type_longident  goto 152
	mod_ext_longident  goto 154
	simple_core_type2  goto 156


state 1134
	constr_longident : mod_longident DOT . LPAREN COLONCOLON RPAREN  (675)
	mod_longident : mod_longident DOT . UIDENT  (686)

	LPAREN  shift 1289
	UIDENT  shift 586
	.  error


state 1135
	str_exception_declaration : EXCEPTION ext_attributes constr_ident EQUAL constr_longident attributes . post_item_attributes  (518)
	post_item_attributes : .  (787)

	LBRACKETATAT  shift 326
	error  reduce 787
	CLASS  reduce 787
	END  reduce 787
	EOF  reduce 787
	EXCEPTION  reduce 787
	EXTERNAL  reduce 787
	INCLUDE  reduce 787
	LBRACKETPERCENTPERCENT  reduce 787
	LET  reduce 787
	LBRACKETATATAT  reduce 787
	MODULE  reduce 787
	OPEN  reduce 787
	RBRACKET  reduce 787
	SEMISEMI  reduce 787
	HASH  reduce 787
	TYPE  reduce 787
	VAL  reduce 787

	post_item_attributes  goto 1290
	post_item_attribute  goto 328


state 1136
	sig_exception_declaration : EXCEPTION ext_attributes constr_ident generalized_constructor_arguments attributes post_item_attributes .  (519)

	.  reduce 519


state 1137
	primitive_declaration : EXTERNAL ext_attributes val_ident COLON core_type EQUAL . primitive_declaration_body post_item_attributes  (478)

	STRING  shift 1291
	.  error

	primitive_declaration_body  goto 1292


state 1138
	direction_flag : DOWNTO .  (709)

	.  reduce 709


state 1139
	direction_flag : TO .  (708)

	.  reduce 708


state 1140
	expr : FOR ext_attributes pattern EQUAL seq_expr direction_flag . seq_expr DO seq_expr DONE  (243)

	ASSERT  shift 9
	BACKQUOTE  shift 10
	BANG  shift 11
	BEGIN  shift 12
	CHAR  shift 13
	FALSE  shift 17
	FLOAT  shift 18
	FOR  shift 19
	FUN  shift 20
	FUNCTION  shift 21
	IF  shift 22
	INT  shift 24
	LAZY  shift 25
	LBRACE  shift 26
	LBRACELESS  shift 27
	LBRACKET  shift 28
	LBRACKETBAR  shift 29
	LBRACKETPERCENT  shift 30
	LET  shift 32
	LIDENT  shift 33
	LPAREN  shift 34
	MATCH  shift 36
	MINUS  shift 37
	MINUSDOT  shift 38
	NEW  shift 40
	OBJECT  shift 41
	PLUS  shift 43
	PLUSDOT  shift 44
	PREFIXOP  shift 45
	STRING  shift 47
	TRUE  shift 48
	TRY  shift 49
	UIDENT  shift 51
	UNDERSCORE  shift 52
	WHILE  shift 54
	.  error

	seq_expr  goto 1293
	mod_longident  goto 59
	extension  goto 60
	expr  goto 61
	let_bindings  goto 159
	label  goto 81
	simple_expr  goto 83
	expr_comma_list  goto 84
	constr_longident  goto 85
	name_tag  goto 86
	subtractive  goto 87
	additive  goto 88
	val_longident  goto 89
	constant  goto 90
	val_ident  goto 91
	let_binding  goto 92


state 1141
	lident_list : LIDENT lident_list .  (358)

	.  reduce 358


state 1142
	expr : FUN ext_attributes LPAREN TYPE lident_list RPAREN . fun_def  (233)

	BACKQUOTE  shift 10
	CHAR  shift 13
	COLON  shift 756
	FALSE  shift 17
	FLOAT  shift 18
	INT  shift 24
	LABEL  shift 505
	LBRACE  shift 162
	LBRACKET  shift 163
	LBRACKETBAR  shift 164
	LBRACKETPERCENT  shift 30
	LIDENT  shift 165
	LPAREN  shift 757
	MINUS  shift 167
	MINUSGREATER  shift 758
	OPTLABEL  shift 507
	PLUS  shift 168
	QUESTION  shift 508
	HASH  shift 169
	STRING  shift 47
	TILDE  shift 509
	TRUE  shift 48
	UIDENT  shift 51
	UNDERSCORE  shift 170
	.  error

	mod_longident  goto 173
	extension  goto 174
	labeled_simple_pattern  goto 759
	simple_pattern  goto 511
	fun_def  goto 1294
	constr_longident  goto 512
	name_tag  goto 513
	constant  goto 178
	val_ident  goto 179
	simple_pattern_not_ident  goto 180
	signed_constant  goto 183
	simple_delimited_pattern  goto 184


state 1143
	let_pattern : pattern COLON . core_type  (224)

	LBRACKET  shift 135
	LBRACKETLESS  shift 136
	LBRACKETGREATER  shift 137
	LBRACKETPERCENT  shift 30
	LESS  shift 138
	LIDENT  shift 139
	LPAREN  shift 140
	OPTLABEL  shift 141
	QUESTION  shift 142
	QUOTE  shift 143
	HASH  shift 144
	UIDENT  shift 145
	UNDERSCORE  shift 146
	.  error

	core_type  goto 1295
	extension  goto 149
	simple_core_type_or_tuple  goto 150
	simple_core_type  goto 151
	type_longident  goto 152
	core_type_no_attr  goto 153
	mod_ext_longident  goto 154
	core_type2  goto 155
	simple_core_type2  goto 156


state 1144
	opt_default : EQUAL . seq_expr  (219)

	ASSERT  shift 9
	BACKQUOTE  shift 10
	BANG  shift 11
	BEGIN  shift 12
	CHAR  shift 13
	FALSE  shift 17
	FLOAT  shift 18
	FOR  shift 19
	FUN  shift 20
	FUNCTION  shift 21
	IF  shift 22
	INT  shift 24
	LAZY  shift 25
	LBRACE  shift 26
	LBRACELESS  shift 27
	LBRACKET  shift 28
	LBRACKETBAR  shift 29
	LBRACKETPERCENT  shift 30
	LET  shift 32
	LIDENT  shift 33
	LPAREN  shift 34
	MATCH  shift 36
	MINUS  shift 37
	MINUSDOT  shift 38
	NEW  shift 40
	OBJECT  shift 41
	PLUS  shift 43
	PLUSDOT  shift 44
	PREFIXOP  shift 45
	STRING  shift 47
	TRUE  shift 48
	TRY  shift 49
	UIDENT  shift 51
	UNDERSCORE  shift 52
	WHILE  shift 54
	.  error

	seq_expr  goto 1296
	mod_longident  goto 59
	extension  goto 60
	expr  goto 61
	let_bindings  goto 159
	label  goto 81
	simple_expr  goto 83
	expr_comma_list  goto 84
	constr_longident  goto 85
	name_tag  goto 86
	subtractive  goto 87
	additive  goto 88
	val_longident  goto 89
	constant  goto 90
	val_ident  goto 91
	let_binding  goto 92


state 1145
	labeled_simple_pattern : OPTLABEL LPAREN let_pattern opt_default . RPAREN  (210)

	RPAREN  shift 1297
	.  error


state 1146
	labeled_simple_pattern : QUESTION LPAREN label_let_pattern opt_default . RPAREN  (208)

	RPAREN  shift 1298
	.  error


state 1147
	label_let_pattern : label_var COLON . core_type  (221)

	LBRACKET  shift 135
	LBRACKETLESS  shift 136
	LBRACKETGREATER  shift 137
	LBRACKETPERCENT  shift 30
	LESS  shift 138
	LIDENT  shift 139
	LPAREN  shift 140
	OPTLABEL  shift 141
	QUESTION  shift 142
	QUOTE  shift 143
	HASH  shift 144
	UIDENT  shift 145
	UNDERSCORE  shift 146
	.  error

	core_type  goto 1299
	extension  goto 149
	simple_core_type_or_tuple  goto 150
	simple_core_type  goto 151
	type_longident  goto 152
	core_type_no_attr  goto 153
	mod_ext_longident  goto 154
	core_type2  goto 155
	simple_core_type2  goto 156


state 1148
	labeled_simple_pattern : TILDE LPAREN label_let_pattern RPAREN .  (212)

	.  reduce 212


state 1149
	fun_def : COLON simple_core_type MINUSGREATER . seq_expr  (380)

	ASSERT  shift 9
	BACKQUOTE  shift 10
	BANG  shift 11
	BEGIN  shift 12
	CHAR  shift 13
	FALSE  shift 17
	FLOAT  shift 18
	FOR  shift 19
	FUN  shift 20
	FUNCTION  shift 21
	IF  shift 22
	INT  shift 24
	LAZY  shift 25
	LBRACE  shift 26
	LBRACELESS  shift 27
	LBRACKET  shift 28
	LBRACKETBAR  shift 29
	LBRACKETPERCENT  shift 30
	LET  shift 32
	LIDENT  shift 33
	LPAREN  shift 34
	MATCH  shift 36
	MINUS  shift 37
	MINUSDOT  shift 38
	NEW  shift 40
	OBJECT  shift 41
	PLUS  shift 43
	PLUSDOT  shift 44
	PREFIXOP  shift 45
	STRING  shift 47
	TRUE  shift 48
	TRY  shift 49
	UIDENT  shift 51
	UNDERSCORE  shift 52
	WHILE  shift 54
	.  error

	seq_expr  goto 1300
	mod_longident  goto 59
	extension  goto 60
	expr  goto 61
	let_bindings  goto 159
	label  goto 81
	simple_expr  goto 83
	expr_comma_list  goto 84
	constr_longident  goto 85
	name_tag  goto 86
	subtractive  goto 87
	additive  goto 88
	val_longident  goto 89
	constant  goto 90
	val_ident  goto 91
	let_binding  goto 92


state 1150
	fun_def : LPAREN TYPE lident_list . RPAREN fun_def  (382)

	RPAREN  shift 1301
	.  error


state 1151
	match_case : pattern MINUSGREATER DOT .  (378)

	.  reduce 378


state 1152
	match_case : pattern MINUSGREATER seq_expr .  (376)

	.  reduce 376


state 1153
	match_case : pattern WHEN seq_expr . MINUSGREATER seq_expr  (377)

	MINUSGREATER  shift 1302
	.  error


state 1154
	match_cases : match_cases BAR match_case .  (375)

	.  reduce 375


state 1155
	expr : IF ext_attributes seq_expr THEN expr ELSE . expr  (240)

	ASSERT  shift 9
	BACKQUOTE  shift 10
	BANG  shift 11
	BEGIN  shift 12
	CHAR  shift 13
	FALSE  shift 17
	FLOAT  shift 18
	FOR  shift 19
	FUN  shift 20
	FUNCTION  shift 21
	IF  shift 22
	INT  shift 24
	LAZY  shift 25
	LBRACE  shift 26
	LBRACELESS  shift 27
	LBRACKET  shift 28
	LBRACKETBAR  shift 29
	LBRACKETPERCENT  shift 30
	LET  shift 32
	LIDENT  shift 33
	LPAREN  shift 34
	MATCH  shift 36
	MINUS  shift 37
	MINUSDOT  shift 38
	NEW  shift 40
	OBJECT  shift 41
	PLUS  shift 43
	PLUSDOT  shift 44
	PREFIXOP  shift 45
	STRING  shift 47
	TRUE  shift 48
	TRY  shift 49
	UIDENT  shift 51
	UNDERSCORE  shift 52
	WHILE  shift 54
	.  error

	mod_longident  goto 59
	extension  goto 60
	expr  goto 1303
	let_bindings  goto 159
	label  goto 81
	simple_expr  goto 83
	expr_comma_list  goto 84
	constr_longident  goto 85
	name_tag  goto 86
	subtractive  goto 87
	additive  goto 88
	val_longident  goto 89
	constant  goto 90
	val_ident  goto 91
	let_binding  goto 92


state 1156
	module_expr : FUNCTOR attributes functor_args MINUSGREATER . module_expr  (29)

	FUNCTOR  shift 516
	LBRACKETPERCENT  shift 30
	LPAREN  shift 517
	STRUCT  shift 518
	UIDENT  shift 51
	.  error

	module_expr  goto 1304
	mod_longident  goto 520
	paren_module_expr  goto 521
	extension  goto 522


state 1157
	functor_args : functor_args functor_arg .  (24)

	.  reduce 24


state 1158
	paren_module_expr : LPAREN VAL attributes expr . RPAREN  (39)
	paren_module_expr : LPAREN VAL attributes expr . COLON package_type RPAREN  (40)
	paren_module_expr : LPAREN VAL attributes expr . COLON package_type COLONGREATER package_type RPAREN  (41)
	paren_module_expr : LPAREN VAL attributes expr . COLONGREATER package_type RPAREN  (42)
	paren_module_expr : LPAREN VAL attributes expr . COLON error  (43)
	paren_module_expr : LPAREN VAL attributes expr . COLONGREATER error  (44)
	paren_module_expr : LPAREN VAL attributes expr . error  (45)
	expr : expr . COLONCOLON expr  (244)
	expr : expr . INFIXOP0 expr  (245)
	expr : expr . INFIXOP1 expr  (246)
	expr : expr . INFIXOP2 expr  (247)
	expr : expr . INFIXOP3 expr  (248)
	expr : expr . INFIXOP4 expr  (249)
	expr : expr . PLUS expr  (250)
	expr : expr . PLUSDOT expr  (251)
	expr : expr . PLUSEQ expr  (252)
	expr : expr . MINUS expr  (253)
	expr : expr . MINUSDOT expr  (254)
	expr : expr . STAR expr  (255)
	expr : expr . PERCENT expr  (256)
	expr : expr . EQUAL expr  (257)
	expr : expr . LESS expr  (258)
	expr : expr . GREATER expr  (259)
	expr : expr . OR expr  (260)
	expr : expr . BARBAR expr  (261)
	expr : expr . AMPERSAND expr  (262)
	expr : expr . AMPERAMPER expr  (263)
	expr : expr . COLONEQUAL expr  (264)
	expr : expr . attribute  (282)
	expr_comma_list : expr . COMMA expr  (384)

	error  shift 1305
	AMPERAMPER  shift 333
	AMPERSAND  shift 334
	BARBAR  shift 335
	COLON  shift 1306
	COLONCOLON  shift 336
	COLONEQUAL  shift 337
	COLONGREATER  shift 1307
	COMMA  shift 338
	EQUAL  shift 339
	GREATER  shift 340
	INFIXOP0  shift 341
	INFIXOP1  shift 342
	INFIXOP2  shift 343
	INFIXOP3  shift 344
	INFIXOP4  shift 345
	LESS  shift 346
	LBRACKETAT  shift 185
	MINUS  shift 347
	MINUSDOT  shift 348
	OR  shift 349
	PERCENT  shift 350
	PLUS  shift 351
	PLUSDOT  shift 352
	PLUSEQ  shift 353
	RPAREN  shift 1308
	STAR  shift 355
	.  error

	attribute  goto 356


state 1159
	paren_module_expr : LPAREN module_expr COLON module_type . RPAREN  (35)
	paren_module_expr : LPAREN module_expr COLON module_type . error  (36)
	module_type : module_type . MINUSGREATER module_type  (79)
	module_type : module_type . WITH with_constraints  (80)
	module_type : module_type . attribute  (85)

	error  shift 1309
	LBRACKETAT  shift 185
	MINUSGREATER  shift 865
	RPAREN  shift 1310
	WITH  shift 866
	.  error

	attribute  goto 868


state 1160
	module_expr : STRUCT attributes structure error .  (28)

	.  reduce 28


state 1161
	module_expr : STRUCT attributes structure END .  (27)

	.  reduce 27


state 1162
	type_constraint : COLON core_type COLONGREATER core_type .  (399)
	core_type : core_type . attribute  (562)

	LBRACKETAT  shift 185
	error  reduce 399
	EQUAL  reduce 399
	RBRACE  reduce 399
	RPAREN  reduce 399
	SEMI  reduce 399

	attribute  goto 440


state 1163
	payload : QUESTION pattern WHEN seq_expr .  (800)

	.  reduce 800


state 1164
	expr : LET EXCEPTION ext_attributes let_exception_declaration IN seq_expr .  (229)

	.  reduce 229


state 1165
	let_exception_declaration : constr_ident generalized_constructor_arguments attributes .  (520)

	.  reduce 520


state 1166
	expr : LET MODULE ext_attributes UIDENT module_binding_body IN . seq_expr  (228)

	ASSERT  shift 9
	BACKQUOTE  shift 10
	BANG  shift 11
	BEGIN  shift 12
	CHAR  shift 13
	FALSE  shift 17
	FLOAT  shift 18
	FOR  shift 19
	FUN  shift 20
	FUNCTION  shift 21
	IF  shift 22
	INT  shift 24
	LAZY  shift 25
	LBRACE  shift 26
	LBRACELESS  shift 27
	LBRACKET  shift 28
	LBRACKETBAR  shift 29
	LBRACKETPERCENT  shift 30
	LET  shift 32
	LIDENT  shift 33
	LPAREN  shift 34
	MATCH  shift 36
	MINUS  shift 37
	MINUSDOT  shift 38
	NEW  shift 40
	OBJECT  shift 41
	PLUS  shift 43
	PLUSDOT  shift 44
	PREFIXOP  shift 45
	STRING  shift 47
	TRUE  shift 48
	TRY  shift 49
	UIDENT  shift 51
	UNDERSCORE  shift 52
	WHILE  shift 54
	.  error

	seq_expr  goto 1311
	mod_longident  goto 59
	extension  goto 60
	expr  goto 61
	let_bindings  goto 159
	label  goto 81
	simple_expr  goto 83
	expr_comma_list  goto 84
	constr_longident  goto 85
	name_tag  goto 86
	subtractive  goto 87
	additive  goto 88
	val_longident  goto 89
	constant  goto 90
	val_ident  goto 91
	let_binding  goto 92


state 1167
	expr : LET OPEN override_flag ext_attributes mod_longident IN . seq_expr  (230)

	ASSERT  shift 9
	BACKQUOTE  shift 10
	BANG  shift 11
	BEGIN  shift 12
	CHAR  shift 13
	FALSE  shift 17
	FLOAT  shift 18
	FOR  shift 19
	FUN  shift 20
	FUNCTION  shift 21
	IF  shift 22
	INT  shift 24
	LAZY  shift 25
	LBRACE  shift 26
	LBRACELESS  shift 27
	LBRACKET  shift 28
	LBRACKETBAR  shift 29
	LBRACKETPERCENT  shift 30
	LET  shift 32
	LIDENT  shift 33
	LPAREN  shift 34
	MATCH  shift 36
	MINUS  shift 37
	MINUSDOT  shift 38
	NEW  shift 40
	OBJECT  shift 41
	PLUS  shift 43
	PLUSDOT  shift 44
	PREFIXOP  shift 45
	STRING  shift 47
	TRUE  shift 48
	TRY  shift 49
	UIDENT  shift 51
	UNDERSCORE  shift 52
	WHILE  shift 54
	.  error

	seq_expr  goto 1312
	mod_longident  goto 59
	extension  goto 60
	expr  goto 61
	let_bindings  goto 159
	label  goto 81
	simple_expr  goto 83
	expr_comma_list  goto 84
	constr_longident  goto 85
	name_tag  goto 86
	subtractive  goto 87
	additive  goto 88
	val_longident  goto 89
	constant  goto 90
	val_ident  goto 91
	let_binding  goto 92


state 1168
	let_binding_body : val_ident COLON TYPE . lident_list DOT core_type EQUAL seq_expr  (362)

	LIDENT  shift 947
	.  error

	lident_list  goto 1313


state 1169
	let_binding_body : val_ident COLON typevar_list . DOT core_type EQUAL seq_expr  (361)
	typevar_list : typevar_list . QUOTE ident  (556)

	DOT  shift 1314
	QUOTE  shift 1094
	.  error


state 1170
	strict_binding : EQUAL seq_expr .  (371)

	.  reduce 371


state 1171
	strict_binding : LPAREN TYPE . lident_list RPAREN fun_binding  (373)

	LIDENT  shift 947
	.  error

	lident_list  goto 1315


state 1172
	fun_binding : type_constraint . EQUAL seq_expr  (370)

	EQUAL  shift 1316
	.  error


state 1173
	fun_binding : strict_binding .  (369)

	.  reduce 369


state 1174
	strict_binding : labeled_simple_pattern fun_binding .  (372)

	.  reduce 372


state 1175
	let_binding_body : val_ident type_constraint EQUAL . seq_expr  (360)

	ASSERT  shift 9
	BACKQUOTE  shift 10
	BANG  shift 11
	BEGIN  shift 12
	CHAR  shift 13
	FALSE  shift 17
	FLOAT  shift 18
	FOR  shift 19
	FUN  shift 20
	FUNCTION  shift 21
	IF  shift 22
	INT  shift 24
	LAZY  shift 25
	LBRACE  shift 26
	LBRACELESS  shift 27
	LBRACKET  shift 28
	LBRACKETBAR  shift 29
	LBRACKETPERCENT  shift 30
	LET  shift 32
	LIDENT  shift 33
	LPAREN  shift 34
	MATCH  shift 36
	MINUS  shift 37
	MINUSDOT  shift 38
	NEW  shift 40
	OBJECT  shift 41
	PLUS  shift 43
	PLUSDOT  shift 44
	PREFIXOP  shift 45
	STRING  shift 47
	TRUE  shift 48
	TRY  shift 49
	UIDENT  shift 51
	UNDERSCORE  shift 52
	WHILE  shift 54
	.  error

	seq_expr  goto 1317
	mod_longident  goto 59
	extension  goto 60
	expr  goto 61
	let_bindings  goto 159
	label  goto 81
	simple_expr  goto 83
	expr_comma_list  goto 84
	constr_longident  goto 85
	name_tag  goto 86
	subtractive  goto 87
	additive  goto 88
	val_longident  goto 89
	constant  goto 90
	val_ident  goto 91
	let_binding  goto 92


state 1176
	pattern_no_exn : pattern_no_exn AS error .  (416)

	.  reduce 416


state 1177
	pattern_no_exn : pattern_no_exn AS val_ident .  (415)

	.  reduce 415


state 1178
	pattern_no_exn : pattern_no_exn BAR error .  (421)

	.  reduce 421


state 1179
	pattern : pattern . AS val_ident  (405)
	pattern : pattern . AS error  (406)
	pattern : pattern . COLONCOLON pattern  (408)
	pattern : pattern . COLONCOLON error  (409)
	pattern : pattern . BAR pattern  (410)
	pattern : pattern . BAR error  (411)
	pattern : pattern . attribute  (413)
	pattern_no_exn : pattern_no_exn BAR pattern .  (420)
	pattern_comma_list : pattern . COMMA pattern  (460)
	pattern_comma_list : pattern . COMMA error  (461)

	COLONCOLON  shift 475
	COMMA  shift 476
	LBRACKETAT  shift 185
	AS  reduce 420
	BAR  reduce 420
	EQUAL  reduce 420

	attribute  goto 478


state 1180
	pattern_no_exn : pattern_no_exn COLONCOLON error .  (419)

	.  reduce 419


state 1181
	pattern : pattern . AS val_ident  (405)
	pattern : pattern . AS error  (406)
	pattern : pattern . COLONCOLON pattern  (408)
	pattern : pattern . COLONCOLON error  (409)
	pattern : pattern . BAR pattern  (410)
	pattern : pattern . BAR error  (411)
	pattern : pattern . attribute  (413)
	pattern_no_exn : pattern_no_exn COLONCOLON pattern .  (418)
	pattern_comma_list : pattern . COMMA pattern  (460)
	pattern_comma_list : pattern . COMMA error  (461)

	COLONCOLON  shift 475
	AS  reduce 418
	BAR  reduce 418
	COMMA  reduce 418
	EQUAL  reduce 418
	LBRACKETAT  reduce 418

	attribute  goto 478


state 1182
	pattern_no_exn_comma_list : pattern_no_exn COMMA error .  (464)

	.  reduce 464


state 1183
	pattern : pattern . AS val_ident  (405)
	pattern : pattern . AS error  (406)
	pattern : pattern . COLONCOLON pattern  (408)
	pattern : pattern . COLONCOLON error  (409)
	pattern : pattern . BAR pattern  (410)
	pattern : pattern . BAR error  (411)
	pattern : pattern . attribute  (413)
	pattern_comma_list : pattern . COMMA pattern  (460)
	pattern_comma_list : pattern . COMMA error  (461)
	pattern_no_exn_comma_list : pattern_no_exn COMMA pattern .  (463)

	COLONCOLON  shift 475
	LBRACKETAT  shift 185
	AS  reduce 463
	BAR  reduce 463
	COMMA  reduce 463
	EQUAL  reduce 463

	attribute  goto 478


state 1184
	let_binding_body : pattern_no_exn EQUAL seq_expr .  (363)

	.  reduce 363


state 1185
	let_binding_body : simple_pattern_not_ident COLON core_type . EQUAL seq_expr  (364)
	core_type : core_type . attribute  (562)

	EQUAL  shift 1318
	LBRACKETAT  shift 185
	.  error

	attribute  goto 440


state 1186
	pattern : pattern . AS val_ident  (405)
	pattern : pattern . AS error  (406)
	pattern : pattern . COLONCOLON pattern  (408)
	pattern : pattern . COLONCOLON error  (409)
	pattern : pattern . BAR pattern  (410)
	pattern : pattern . BAR error  (411)
	pattern : pattern . attribute  (413)
	pattern_comma_list : pattern . COMMA pattern  (460)
	pattern_comma_list : pattern . COMMA error  (461)
	pattern_no_exn_comma_list : pattern_no_exn_comma_list COMMA pattern .  (462)

	COLONCOLON  shift 475
	LBRACKETAT  shift 185
	AS  reduce 462
	BAR  reduce 462
	COMMA  reduce 462
	EQUAL  reduce 462

	attribute  goto 478


state 1187
	simple_expr : LPAREN MODULE ext_attributes module_expr COLON error .  (344)

	.  reduce 344


state 1188
	simple_expr : LPAREN MODULE ext_attributes module_expr COLON package_type . RPAREN  (343)

	RPAREN  shift 1319
	.  error


state 1189
	expr : MATCH ext_attributes seq_expr WITH opt_bar match_cases .  (234)
	match_cases : match_cases . BAR match_case  (375)

	BAR  shift 960
	error  reduce 234
	AMPERAMPER  reduce 234
	AMPERSAND  reduce 234
	AND  reduce 234
	BARBAR  reduce 234
	BARRBRACKET  reduce 234
	CLASS  reduce 234
	COLON  reduce 234
	COLONCOLON  reduce 234
	COLONEQUAL  reduce 234
	COLONGREATER  reduce 234
	COMMA  reduce 234
	CONSTRAINT  reduce 234
	DO  reduce 234
	DONE  reduce 234
	DOWNTO  reduce 234
	ELSE  reduce 234
	END  reduce 234
	EOF  reduce 234
	EQUAL  reduce 234
	EXCEPTION  reduce 234
	EXTERNAL  reduce 234
	GREATER  reduce 234
	GREATERRBRACE  reduce 234
	IN  reduce 234
	INCLUDE  reduce 234
	INFIXOP0  reduce 234
	INFIXOP1  reduce 234
	INFIXOP2  reduce 234
	INFIXOP3  reduce 234
	INFIXOP4  reduce 234
	INHERIT  reduce 234
	INITIALIZER  reduce 234
	LBRACKETPERCENTPERCENT  reduce 234
	LESS  reduce 234
	LET  reduce 234
	LBRACKETAT  reduce 234
	LBRACKETATAT  reduce 234
	LBRACKETATATAT  reduce 234
	METHOD  reduce 234
	MINUS  reduce 234
	MINUSDOT  reduce 234
	MINUSGREATER  reduce 234
	MODULE  reduce 234
	OPEN  reduce 234
	OR  reduce 234
	PERCENT  reduce 234
	PLUS  reduce 234
	PLUSDOT  reduce 234
	PLUSEQ  reduce 234
	RBRACE  reduce 234
	RBRACKET  reduce 234
	RPAREN  reduce 234
	SEMI  reduce 234
	SEMISEMI  reduce 234
	HASH  reduce 234
	STAR  reduce 234
	THEN  reduce 234
	TO  reduce 234
	TYPE  reduce 234
	VAL  reduce 234
	WITH  reduce 234


state 1190
	module_type : module_type . MINUSGREATER module_type  (79)
	module_type : module_type . WITH with_constraints  (80)
	module_type : module_type . attribute  (85)
	module_type_declaration_body : EQUAL module_type .  (116)

	LBRACKETAT  shift 185
	MINUSGREATER  shift 865
	WITH  shift 866
	error  reduce 116
	CLASS  reduce 116
	END  reduce 116
	EOF  reduce 116
	EXCEPTION  reduce 116
	EXTERNAL  reduce 116
	INCLUDE  reduce 116
	LBRACKETPERCENTPERCENT  reduce 116
	LET  reduce 116
	LBRACKETATAT  reduce 116
	LBRACKETATATAT  reduce 116
	MODULE  reduce 116
	OPEN  reduce 116
	RBRACKET  reduce 116
	SEMISEMI  reduce 116
	HASH  reduce 116
	TYPE  reduce 116
	VAL  reduce 116

	attribute  goto 868


state 1191
	module_type_declaration : MODULE TYPE ext_attributes ident module_type_declaration_body post_item_attributes .  (117)

	.  reduce 117


state 1192
	rec_module_binding : MODULE ext_attributes REC UIDENT module_binding_body post_item_attributes .  (73)

	.  reduce 73


state 1193
	module_binding_body : COLON module_type EQUAL . module_expr  (68)

	FUNCTOR  shift 516
	LBRACKETPERCENT  shift 30
	LPAREN  shift 517
	STRUCT  shift 518
	UIDENT  shift 51
	.  error

	module_expr  goto 1320
	mod_longident  goto 520
	paren_module_expr  goto 521
	extension  goto 522


state 1194
	functor_arg : LPAREN functor_arg_name COLON . module_type RPAREN  (21)

	FUNCTOR  shift 638
	LBRACKETPERCENT  shift 30
	LIDENT  shift 189
	LPAREN  shift 639
	MODULE  shift 640
	SIG  shift 641
	UIDENT  shift 642
	.  error

	module_type  goto 1321
	extension  goto 644
	mty_longident  goto 645
	ident  goto 646
	mod_ext_longident  goto 647


state 1195
	class_self_pattern : LPAREN pattern COLON core_type . RPAREN  (146)
	core_type : core_type . attribute  (562)

	LBRACKETAT  shift 185
	RPAREN  shift 1322
	.  error

	attribute  goto 440


state 1196
	class_field : CONSTRAINT attributes . constrain_field post_item_attributes  (153)

	LBRACKET  shift 135
	LBRACKETLESS  shift 136
	LBRACKETGREATER  shift 137
	LBRACKETPERCENT  shift 30
	LESS  shift 138
	LIDENT  shift 139
	LPAREN  shift 140
	OPTLABEL  shift 141
	QUESTION  shift 142
	QUOTE  shift 143
	HASH  shift 144
	UIDENT  shift 145
	UNDERSCORE  shift 146
	.  error

	core_type  goto 1323
	extension  goto 149
	constrain_field  goto 1324
	simple_core_type_or_tuple  goto 150
	simple_core_type  goto 151
	type_longident  goto 152
	core_type_no_attr  goto 153
	mod_ext_longident  goto 154
	core_type2  goto 155
	simple_core_type2  goto 156


state 1197
	class_field : INHERIT override_flag . attributes class_expr parent_binder post_item_attributes  (150)
	attributes : .  (789)

	LBRACKETAT  shift 185
	FUN  reduce 789
	LBRACKET  reduce 789
	LBRACKETPERCENT  reduce 789
	LET  reduce 789
	LIDENT  reduce 789
	LPAREN  reduce 789
	OBJECT  reduce 789
	UIDENT  reduce 789

	attributes  goto 1325
	attribute  goto 487


state 1198
	class_field : INITIALIZER attributes . seq_expr post_item_attributes  (154)

	ASSERT  shift 9
	BACKQUOTE  shift 10
	BANG  shift 11
	BEGIN  shift 12
	CHAR  shift 13
	FALSE  shift 17
	FLOAT  shift 18
	FOR  shift 19
	FUN  shift 20
	FUNCTION  shift 21
	IF  shift 22
	INT  shift 24
	LAZY  shift 25
	LBRACE  shift 26
	LBRACELESS  shift 27
	LBRACKET  shift 28
	LBRACKETBAR  shift 29
	LBRACKETPERCENT  shift 30
	LET  shift 32
	LIDENT  shift 33
	LPAREN  shift 34
	MATCH  shift 36
	MINUS  shift 37
	MINUSDOT  shift 38
	NEW  shift 40
	OBJECT  shift 41
	PLUS  shift 43
	PLUSDOT  shift 44
	PREFIXOP  shift 45
	STRING  shift 47
	TRUE  shift 48
	TRY  shift 49
	UIDENT  shift 51
	UNDERSCORE  shift 52
	WHILE  shift 54
	.  error

	seq_expr  goto 1326
	mod_longident  goto 59
	extension  goto 60
	expr  goto 61
	let_bindings  goto 159
	label  goto 81
	simple_expr  goto 83
	expr_comma_list  goto 84
	constr_longident  goto 85
	name_tag  goto 86
	subtractive  goto 87
	additive  goto 88
	val_longident  goto 89
	constant  goto 90
	val_ident  goto 91
	let_binding  goto 92


state 1199
	method_ : override_flag . attributes PRIVATE VIRTUAL label COLON poly_type  (163)
	method_ : override_flag . attributes VIRTUAL private_flag label COLON poly_type  (164)
	method_ : override_flag . attributes private_flag label strict_binding  (165)
	method_ : override_flag . attributes private_flag label COLON poly_type EQUAL seq_expr  (166)
	method_ : override_flag . attributes private_flag label COLON TYPE lident_list DOT core_type EQUAL seq_expr  (167)
	attributes : .  (789)

	LBRACKETAT  shift 185
	LIDENT  reduce 789
	PRIVATE  reduce 789
	VIRTUAL  reduce 789

	attributes  goto 1327
	attribute  goto 487


state 1200
	class_field : METHOD method_ . post_item_attributes  (152)
	post_item_attributes : .  (787)

	LBRACKETATAT  shift 326
	error  reduce 787
	CONSTRAINT  reduce 787
	END  reduce 787
	INHERIT  reduce 787
	INITIALIZER  reduce 787
	LBRACKETPERCENTPERCENT  reduce 787
	LBRACKETATATAT  reduce 787
	METHOD  reduce 787
	VAL  reduce 787

	post_item_attributes  goto 1328
	post_item_attribute  goto 328


state 1201
	value : override_flag . attributes MUTABLE VIRTUAL label COLON core_type  (159)
	value : override_flag . attributes VIRTUAL mutable_flag label COLON core_type  (160)
	value : override_flag . attributes mutable_flag label EQUAL seq_expr  (161)
	value : override_flag . attributes mutable_flag label type_constraint EQUAL seq_expr  (162)
	attributes : .  (789)

	LBRACKETAT  shift 185
	LIDENT  reduce 789
	MUTABLE  reduce 789
	VIRTUAL  reduce 789

	attributes  goto 1329
	attribute  goto 487


state 1202
	class_field : VAL value . post_item_attributes  (151)
	post_item_attributes : .  (787)

	LBRACKETATAT  shift 326
	error  reduce 787
	CONSTRAINT  reduce 787
	END  reduce 787
	INHERIT  reduce 787
	INITIALIZER  reduce 787
	LBRACKETPERCENTPERCENT  reduce 787
	LBRACKETATATAT  reduce 787
	METHOD  reduce 787
	VAL  reduce 787

	post_item_attributes  goto 1330
	post_item_attribute  goto 328


state 1203
	class_field : item_extension post_item_attributes .  (155)

	.  reduce 155


state 1204
	expr : TRY ext_attributes seq_expr WITH opt_bar match_cases .  (235)
	match_cases : match_cases . BAR match_case  (375)

	BAR  shift 960
	error  reduce 235
	AMPERAMPER  reduce 235
	AMPERSAND  reduce 235
	AND  reduce 235
	BARBAR  reduce 235
	BARRBRACKET  reduce 235
	CLASS  reduce 235
	COLON  reduce 235
	COLONCOLON  reduce 235
	COLONEQUAL  reduce 235
	COLONGREATER  reduce 235
	COMMA  reduce 235
	CONSTRAINT  reduce 235
	DO  reduce 235
	DONE  reduce 235
	DOWNTO  reduce 235
	ELSE  reduce 235
	END  reduce 235
	EOF  reduce 235
	EQUAL  reduce 235
	EXCEPTION  reduce 235
	EXTERNAL  reduce 235
	GREATER  reduce 235
	GREATERRBRACE  reduce 235
	IN  reduce 235
	INCLUDE  reduce 235
	INFIXOP0  reduce 235
	INFIXOP1  reduce 235
	INFIXOP2  reduce 235
	INFIXOP3  reduce 235
	INFIXOP4  reduce 235
	INHERIT  reduce 235
	INITIALIZER  reduce 235
	LBRACKETPERCENTPERCENT  reduce 235
	LESS  reduce 235
	LET  reduce 235
	LBRACKETAT  reduce 235
	LBRACKETATAT  reduce 235
	LBRACKETATATAT  reduce 235
	METHOD  reduce 235
	MINUS  reduce 235
	MINUSDOT  reduce 235
	MINUSGREATER  reduce 235
	MODULE  reduce 235
	OPEN  reduce 235
	OR  reduce 235
	PERCENT  reduce 235
	PLUS  reduce 235
	PLUSDOT  reduce 235
	PLUSEQ  reduce 235
	RBRACE  reduce 235
	RBRACKET  reduce 235
	RPAREN  reduce 235
	SEMI  reduce 235
	SEMISEMI  reduce 235
	HASH  reduce 235
	STAR  reduce 235
	THEN  reduce 235
	TO  reduce 235
	TYPE  reduce 235
	VAL  reduce 235
	WITH  reduce 235


state 1205
	optional_type_parameter_list : optional_type_parameter_list COMMA . optional_type_parameter  (501)
	type_variance : .  (505)

	MINUS  shift 826
	PLUS  shift 827
	QUOTE  reduce 505
	UNDERSCORE  reduce 505

	optional_type_parameter  goto 1331
	type_variance  goto 830


state 1206
	optional_type_parameters : LPAREN optional_type_parameter_list RPAREN .  (498)

	.  reduce 498


state 1207
	type_kind : EQUAL . core_type  (486)
	type_kind : EQUAL . PRIVATE core_type  (487)
	type_kind : EQUAL . constructor_declarations  (488)
	type_kind : EQUAL . PRIVATE constructor_declarations  (489)
	type_kind : EQUAL . DOTDOT  (490)
	type_kind : EQUAL . PRIVATE DOTDOT  (491)
	type_kind : EQUAL . private_flag LBRACE label_declarations RBRACE  (492)
	type_kind : EQUAL . core_type EQUAL private_flag constructor_declarations  (493)
	type_kind : EQUAL . core_type EQUAL private_flag DOTDOT  (494)
	type_kind : EQUAL . core_type EQUAL private_flag LBRACE label_declarations RBRACE  (495)
	private_flag : .  (710)

	BAR  shift 1332
	DOTDOT  shift 1333
	FALSE  shift 496
	LBRACKET  shift 1334
	LBRACKETLESS  shift 136
	LBRACKETGREATER  shift 137
	LBRACKETPERCENT  shift 30
	LESS  shift 138
	LIDENT  shift 139
	LPAREN  shift 1335
	OPTLABEL  shift 141
	PRIVATE  shift 1336
	QUESTION  shift 142
	QUOTE  shift 143
	HASH  shift 144
	TRUE  shift 499
	UIDENT  shift 1337
	UNDERSCORE  shift 146
	LBRACE  reduce 710

	core_type  goto 1338
	extension  goto 149
	private_flag  goto 1339
	simple_core_type_or_tuple  goto 150
	simple_core_type  goto 151
	type_longident  goto 152
	constructor_declarations  goto 1340
	constructor_declaration  goto 1341
	bar_constructor_declaration  goto 1342
	constr_ident  goto 1343
	core_type_no_attr  goto 153
	mod_ext_longident  goto 154
	core_type2  goto 155
	simple_core_type2  goto 156


state 1208
	type_declaration : TYPE ext_attributes nonrec_flag optional_type_parameters LIDENT type_kind . constraints post_item_attributes  (481)
	constraints : .  (484)

	.  reduce 484

	constraints  goto 1344


state 1209
	str_type_extension : TYPE ext_attributes nonrec_flag optional_type_parameters type_longident PLUSEQ . private_flag str_extension_constructors post_item_attributes  (532)
	private_flag : .  (710)

	PRIVATE  shift 1345
	BAR  reduce 710
	FALSE  reduce 710
	LBRACKET  reduce 710
	LPAREN  reduce 710
	TRUE  reduce 710
	UIDENT  reduce 710

	private_flag  goto 1346


state 1210
	optional_type_variable : QUOTE ident .  (502)

	.  reduce 502


state 1211
	value_description : VAL ext_attributes val_ident COLON core_type post_item_attributes .  (475)

	.  reduce 475


state 1212
	expr : WHILE ext_attributes seq_expr DO seq_expr DONE .  (242)

	.  reduce 242


state 1213
	simple_expr : mod_longident DOT LBRACKET expr_semi_list opt_semi error .  (330)

	.  reduce 330


state 1214
	simple_expr : mod_longident DOT LBRACKET expr_semi_list opt_semi RBRACKET .  (328)

	.  reduce 328


state 1215
	simple_expr : mod_longident DOT LBRACKETBAR expr_semi_list opt_semi error .  (325)

	.  reduce 325


state 1216
	simple_expr : mod_longident DOT LBRACKETBAR expr_semi_list opt_semi BARRBRACKET .  (323)

	.  reduce 323


state 1217
	module_expr : module_expr . paren_module_expr  (30)
	module_expr : module_expr . LPAREN RPAREN  (31)
	module_expr : module_expr . attribute  (33)
	simple_expr : mod_longident DOT LPAREN MODULE ext_attributes module_expr . COLON package_type RPAREN  (345)
	simple_expr : mod_longident DOT LPAREN MODULE ext_attributes module_expr . COLON error  (346)

	COLON  shift 1347
	LPAREN  shift 769
	LBRACKETAT  shift 185
	.  error

	paren_module_expr  goto 771
	attribute  goto 772


state 1218
	and_type_declaration : AND attributes optional_type_parameters LIDENT type_kind . constraints post_item_attributes  (482)
	constraints : .  (484)

	.  reduce 484

	constraints  goto 1348


state 1219
	and_module_binding : AND attributes UIDENT module_binding_body post_item_attributes .  (74)

	.  reduce 74


state 1220
	and_class_declaration : AND attributes virtual_flag class_type_parameters LIDENT . class_fun_binding post_item_attributes  (121)

	BACKQUOTE  shift 10
	CHAR  shift 13
	COLON  shift 1124
	EQUAL  shift 1125
	FALSE  shift 17
	FLOAT  shift 18
	INT  shift 24
	LABEL  shift 505
	LBRACE  shift 162
	LBRACKET  shift 163
	LBRACKETBAR  shift 164
	LBRACKETPERCENT  shift 30
	LIDENT  shift 165
	LPAREN  shift 166
	MINUS  shift 167
	OPTLABEL  shift 507
	PLUS  shift 168
	QUESTION  shift 508
	HASH  shift 169
	STRING  shift 47
	TILDE  shift 509
	TRUE  shift 48
	UIDENT  shift 51
	UNDERSCORE  shift 170
	.  error

	mod_longident  goto 173
	extension  goto 174
	class_fun_binding  goto 1349
	labeled_simple_pattern  goto 1127
	simple_pattern  goto 511
	constr_longident  goto 512
	name_tag  goto 513
	constant  goto 178
	val_ident  goto 179
	simple_pattern_not_ident  goto 180
	signed_constant  goto 183
	simple_delimited_pattern  goto 184


state 1221
	and_class_type_declaration : AND attributes virtual_flag class_type_parameters LIDENT . EQUAL class_signature post_item_attributes  (203)

	EQUAL  shift 1350
	.  error


state 1222
	expr : simple_expr DOT LBRACE expr RBRACE LESSMINUS . expr  (270)

	ASSERT  shift 9
	BACKQUOTE  shift 10
	BANG  shift 11
	BEGIN  shift 12
	CHAR  shift 13
	FALSE  shift 17
	FLOAT  shift 18
	FOR  shift 19
	FUN  shift 20
	FUNCTION  shift 21
	IF  shift 22
	INT  shift 24
	LAZY  shift 25
	LBRACE  shift 26
	LBRACELESS  shift 27
	LBRACKET  shift 28
	LBRACKETBAR  shift 29
	LBRACKETPERCENT  shift 30
	LET  shift 32
	LIDENT  shift 33
	LPAREN  shift 34
	MATCH  shift 36
	MINUS  shift 37
	MINUSDOT  shift 38
	NEW  shift 40
	OBJECT  shift 41
	PLUS  shift 43
	PLUSDOT  shift 44
	PREFIXOP  shift 45
	STRING  shift 47
	TRUE  shift 48
	TRY  shift 49
	UIDENT  shift 51
	UNDERSCORE  shift 52
	WHILE  shift 54
	.  error

	mod_longident  goto 59
	extension  goto 60
	expr  goto 1351
	let_bindings  goto 159
	label  goto 81
	simple_expr  goto 83
	expr_comma_list  goto 84
	constr_longident  goto 85
	name_tag  goto 86
	subtractive  goto 87
	additive  goto 88
	val_longident  goto 89
	constant  goto 90
	val_ident  goto 91
	let_binding  goto 92


state 1223
	expr : simple_expr DOT LBRACKET seq_expr RBRACKET LESSMINUS . expr  (269)

	ASSERT  shift 9
	BACKQUOTE  shift 10
	BANG  shift 11
	BEGIN  shift 12
	CHAR  shift 13
	FALSE  shift 17
	FLOAT  shift 18
	FOR  shift 19
	FUN  shift 20
	FUNCTION  shift 21
	IF  shift 22
	INT  shift 24
	LAZY  shift 25
	LBRACE  shift 26
	LBRACELESS  shift 27
	LBRACKET  shift 28
	LBRACKETBAR  shift 29
	LBRACKETPERCENT  shift 30
	LET  shift 32
	LIDENT  shift 33
	LPAREN  shift 34
	MATCH  shift 36
	MINUS  shift 37
	MINUSDOT  shift 38
	NEW  shift 40
	OBJECT  shift 41
	PLUS  shift 43
	PLUSDOT  shift 44
	PREFIXOP  shift 45
	STRING  shift 47
	TRUE  shift 48
	TRY  shift 49
	UIDENT  shift 51
	UNDERSCORE  shift 52
	WHILE  shift 54
	.  error

	mod_longident  goto 59
	extension  goto 60
	expr  goto 1352
	let_bindings  goto 159
	label  goto 81
	simple_expr  goto 83
	expr_comma_list  goto 84
	constr_longident  goto 85
	name_tag  goto 86
	subtractive  goto 87
	additive  goto 88
	val_longident  goto 89
	constant  goto 90
	val_ident  goto 91
	let_binding  goto 92


state 1224
	expr : simple_expr DOT LPAREN seq_expr RPAREN LESSMINUS . expr  (268)

	ASSERT  shift 9
	BACKQUOTE  shift 10
	BANG  shift 11
	BEGIN  shift 12
	CHAR  shift 13
	FALSE  shift 17
	FLOAT  shift 18
	FOR  shift 19
	FUN  shift 20
	FUNCTION  shift 21
	IF  shift 22
	INT  shift 24
	LAZY  shift 25
	LBRACE  shift 26
	LBRACELESS  shift 27
	LBRACKET  shift 28
	LBRACKETBAR  shift 29
	LBRACKETPERCENT  shift 30
	LET  shift 32
	LIDENT  shift 33
	LPAREN  shift 34
	MATCH  shift 36
	MINUS  shift 37
	MINUSDOT  shift 38
	NEW  shift 40
	OBJECT  shift 41
	PLUS  shift 43
	PLUSDOT  shift 44
	PREFIXOP  shift 45
	STRING  shift 47
	TRUE  shift 48
	TRY  shift 49
	UIDENT  shift 51
	UNDERSCORE  shift 52
	WHILE  shift 54
	.  error

	mod_longident  goto 59
	extension  goto 60
	expr  goto 1353
	let_bindings  goto 159
	label  goto 81
	simple_expr  goto 83
	expr_comma_list  goto 84
	constr_longident  goto 85
	name_tag  goto 86
	subtractive  goto 87
	additive  goto 88
	val_longident  goto 89
	constant  goto 90
	val_ident  goto 91
	let_binding  goto 92


state 1225
	expr : expr . COLONCOLON expr  (244)
	expr : expr . INFIXOP0 expr  (245)
	expr : expr . INFIXOP1 expr  (246)
	expr : expr . INFIXOP2 expr  (247)
	expr : expr . INFIXOP3 expr  (248)
	expr : expr . INFIXOP4 expr  (249)
	expr : expr . PLUS expr  (250)
	expr : expr . PLUSDOT expr  (251)
	expr : expr . PLUSEQ expr  (252)
	expr : expr . MINUS expr  (253)
	expr : expr . MINUSDOT expr  (254)
	expr : expr . STAR expr  (255)
	expr : expr . PERCENT expr  (256)
	expr : expr . EQUAL expr  (257)
	expr : expr . LESS expr  (258)
	expr : expr . GREATER expr  (259)
	expr : expr . OR expr  (260)
	expr : expr . BARBAR expr  (261)
	expr : expr . AMPERSAND expr  (262)
	expr : expr . AMPERAMPER expr  (263)
	expr : expr . COLONEQUAL expr  (264)
	expr : simple_expr DOT mod_longident DOTOP LBRACE expr . RBRACE LESSMINUS expr  (276)
	expr : expr . attribute  (282)
	simple_expr : simple_expr DOT mod_longident DOTOP LBRACE expr . RBRACE  (312)
	simple_expr : simple_expr DOT mod_longident DOTOP LBRACE expr . error  (313)
	expr_comma_list : expr . COMMA expr  (384)

	error  shift 1354
	AMPERAMPER  shift 333
	AMPERSAND  shift 334
	BARBAR  shift 335
	COLONCOLON  shift 336
	COLONEQUAL  shift 337
	COMMA  shift 338
	EQUAL  shift 339
	GREATER  shift 340
	INFIXOP0  shift 341
	INFIXOP1  shift 342
	INFIXOP2  shift 343
	INFIXOP3  shift 344
	INFIXOP4  shift 345
	LESS  shift 346
	LBRACKETAT  shift 185
	MINUS  shift 347
	MINUSDOT  shift 348
	OR  shift 349
	PERCENT  shift 350
	PLUS  shift 351
	PLUSDOT  shift 352
	PLUSEQ  shift 353
	RBRACE  shift 1355
	STAR  shift 355
	.  error

	attribute  goto 356


state 1226
	expr : expr . COLONCOLON expr  (244)
	expr : expr . INFIXOP0 expr  (245)
	expr : expr . INFIXOP1 expr  (246)
	expr : expr . INFIXOP2 expr  (247)
	expr : expr . INFIXOP3 expr  (248)
	expr : expr . INFIXOP4 expr  (249)
	expr : expr . PLUS expr  (250)
	expr : expr . PLUSDOT expr  (251)
	expr : expr . PLUSEQ expr  (252)
	expr : expr . MINUS expr  (253)
	expr : expr . MINUSDOT expr  (254)
	expr : expr . STAR expr  (255)
	expr : expr . PERCENT expr  (256)
	expr : expr . EQUAL expr  (257)
	expr : expr . LESS expr  (258)
	expr : expr . GREATER expr  (259)
	expr : expr . OR expr  (260)
	expr : expr . BARBAR expr  (261)
	expr : expr . AMPERSAND expr  (262)
	expr : expr . AMPERAMPER expr  (263)
	expr : expr . COLONEQUAL expr  (264)
	expr : simple_expr DOT mod_longident DOTOP LBRACKET expr . RBRACKET LESSMINUS expr  (274)
	expr : expr . attribute  (282)
	simple_expr : simple_expr DOT mod_longident DOTOP LBRACKET expr . RBRACKET  (308)
	simple_expr : simple_expr DOT mod_longident DOTOP LBRACKET expr . error  (309)
	expr_comma_list : expr . COMMA expr  (384)

	error  shift 1356
	AMPERAMPER  shift 333
	AMPERSAND  shift 334
	BARBAR  shift 335
	COLONCOLON  shift 336
	COLONEQUAL  shift 337
	COMMA  shift 338
	EQUAL  shift 339
	GREATER  shift 340
	INFIXOP0  shift 341
	INFIXOP1  shift 342
	INFIXOP2  shift 343
	INFIXOP3  shift 344
	INFIXOP4  shift 345
	LESS  shift 346
	LBRACKETAT  shift 185
	MINUS  shift 347
	MINUSDOT  shift 348
	OR  shift 349
	PERCENT  shift 350
	PLUS  shift 351
	PLUSDOT  shift 352
	PLUSEQ  shift 353
	RBRACKET  shift 1357
	STAR  shift 355
	.  error

	attribute  goto 356


state 1227
	expr : expr . COLONCOLON expr  (244)
	expr : expr . INFIXOP0 expr  (245)
	expr : expr . INFIXOP1 expr  (246)
	expr : expr . INFIXOP2 expr  (247)
	expr : expr . INFIXOP3 expr  (248)
	expr : expr . INFIXOP4 expr  (249)
	expr : expr . PLUS expr  (250)
	expr : expr . PLUSDOT expr  (251)
	expr : expr . PLUSEQ expr  (252)
	expr : expr . MINUS expr  (253)
	expr : expr . MINUSDOT expr  (254)
	expr : expr . STAR expr  (255)
	expr : expr . PERCENT expr  (256)
	expr : expr . EQUAL expr  (257)
	expr : expr . LESS expr  (258)
	expr : expr . GREATER expr  (259)
	expr : expr . OR expr  (260)
	expr : expr . BARBAR expr  (261)
	expr : expr . AMPERSAND expr  (262)
	expr : expr . AMPERAMPER expr  (263)
	expr : expr . COLONEQUAL expr  (264)
	expr : simple_expr DOT mod_longident DOTOP LPAREN expr . RPAREN LESSMINUS expr  (275)
	expr : expr . attribute  (282)
	simple_expr : simple_expr DOT mod_longident DOTOP LPAREN expr . RPAREN  (310)
	simple_expr : simple_expr DOT mod_longident DOTOP LPAREN expr . error  (311)
	expr_comma_list : expr . COMMA expr  (384)

	error  shift 1358
	AMPERAMPER  shift 333
	AMPERSAND  shift 334
	BARBAR  shift 335
	COLONCOLON  shift 336
	COLONEQUAL  shift 337
	COMMA  shift 338
	EQUAL  shift 339
	GREATER  shift 340
	INFIXOP0  shift 341
	INFIXOP1  shift 342
	INFIXOP2  shift 343
	INFIXOP3  shift 344
	INFIXOP4  shift 345
	LESS  shift 346
	LBRACKETAT  shift 185
	MINUS  shift 347
	MINUSDOT  shift 348
	OR  shift 349
	PERCENT  shift 350
	PLUS  shift 351
	PLUSDOT  shift 352
	PLUSEQ  shift 353
	RPAREN  shift 1359
	STAR  shift 355
	.  error

	attribute  goto 356


state 1228
	expr : simple_expr DOTOP LBRACE expr RBRACE LESSMINUS . expr  (273)

	ASSERT  shift 9
	BACKQUOTE  shift 10
	BANG  shift 11
	BEGIN  shift 12
	CHAR  shift 13
	FALSE  shift 17
	FLOAT  shift 18
	FOR  shift 19
	FUN  shift 20
	FUNCTION  shift 21
	IF  shift 22
	INT  shift 24
	LAZY  shift 25
	LBRACE  shift 26
	LBRACELESS  shift 27
	LBRACKET  shift 28
	LBRACKETBAR  shift 29
	LBRACKETPERCENT  shift 30
	LET  shift 32
	LIDENT  shift 33
	LPAREN  shift 34
	MATCH  shift 36
	MINUS  shift 37
	MINUSDOT  shift 38
	NEW  shift 40
	OBJECT  shift 41
	PLUS  shift 43
	PLUSDOT  shift 44
	PREFIXOP  shift 45
	STRING  shift 47
	TRUE  shift 48
	TRY  shift 49
	UIDENT  shift 51
	UNDERSCORE  shift 52
	WHILE  shift 54
	.  error

	mod_longident  goto 59
	extension  goto 60
	expr  goto 1360
	let_bindings  goto 159
	label  goto 81
	simple_expr  goto 83
	expr_comma_list  goto 84
	constr_longident  goto 85
	name_tag  goto 86
	subtractive  goto 87
	additive  goto 88
	val_longident  goto 89
	constant  goto 90
	val_ident  goto 91
	let_binding  goto 92


state 1229
	expr : simple_expr DOTOP LBRACKET expr RBRACKET LESSMINUS . expr  (271)

	ASSERT  shift 9
	BACKQUOTE  shift 10
	BANG  shift 11
	BEGIN  shift 12
	CHAR  shift 13
	FALSE  shift 17
	FLOAT  shift 18
	FOR  shift 19
	FUN  shift 20
	FUNCTION  shift 21
	IF  shift 22
	INT  shift 24
	LAZY  shift 25
	LBRACE  shift 26
	LBRACELESS  shift 27
	LBRACKET  shift 28
	LBRACKETBAR  shift 29
	LBRACKETPERCENT  shift 30
	LET  shift 32
	LIDENT  shift 33
	LPAREN  shift 34
	MATCH  shift 36
	MINUS  shift 37
	MINUSDOT  shift 38
	NEW  shift 40
	OBJECT  shift 41
	PLUS  shift 43
	PLUSDOT  shift 44
	PREFIXOP  shift 45
	STRING  shift 47
	TRUE  shift 48
	TRY  shift 49
	UIDENT  shift 51
	UNDERSCORE  shift 52
	WHILE  shift 54
	.  error

	mod_longident  goto 59
	extension  goto 60
	expr  goto 1361
	let_bindings  goto 159
	label  goto 81
	simple_expr  goto 83
	expr_comma_list  goto 84
	constr_longident  goto 85
	name_tag  goto 86
	subtractive  goto 87
	additive  goto 88
	val_longident  goto 89
	constant  goto 90
	val_ident  goto 91
	let_binding  goto 92


state 1230
	expr : simple_expr DOTOP LPAREN expr RPAREN LESSMINUS . expr  (272)

	ASSERT  shift 9
	BACKQUOTE  shift 10
	BANG  shift 11
	BEGIN  shift 12
	CHAR  shift 13
	FALSE  shift 17
	FLOAT  shift 18
	FOR  shift 19
	FUN  shift 20
	FUNCTION  shift 21
	IF  shift 22
	INT  shift 24
	LAZY  shift 25
	LBRACE  shift 26
	LBRACELESS  shift 27
	LBRACKET  shift 28
	LBRACKETBAR  shift 29
	LBRACKETPERCENT  shift 30
	LET  shift 32
	LIDENT  shift 33
	LPAREN  shift 34
	MATCH  shift 36
	MINUS  shift 37
	MINUSDOT  shift 38
	NEW  shift 40
	OBJECT  shift 41
	PLUS  shift 43
	PLUSDOT  shift 44
	PREFIXOP  shift 45
	STRING  shift 47
	TRUE  shift 48
	TRY  shift 49
	UIDENT  shift 51
	UNDERSCORE  shift 52
	WHILE  shift 54
	.  error

	mod_longident  goto 59
	extension  goto 60
	expr  goto 1362
	let_bindings  goto 159
	label  goto 81
	simple_expr  goto 83
	expr_comma_list  goto 84
	constr_longident  goto 85
	name_tag  goto 86
	subtractive  goto 87
	additive  goto 88
	val_longident  goto 89
	constant  goto 90
	val_ident  goto 91
	let_binding  goto 92


state 1231
	class_description : CLASS ext_attributes virtual_flag class_type_parameters LIDENT COLON . class_type post_item_attributes  (198)

	LBRACKET  shift 1261
	LBRACKETLESS  shift 136
	LBRACKETGREATER  shift 137
	LBRACKETPERCENT  shift 30
	LESS  shift 138
	LET  shift 1262
	LIDENT  shift 1263
	LPAREN  shift 140
	OBJECT  shift 1264
	OPTLABEL  shift 1265
	QUESTION  shift 1266
	QUOTE  shift 143
	HASH  shift 144
	UIDENT  shift 145
	UNDERSCORE  shift 146
	.  error

	extension  goto 1267
	class_type  goto 1363
	class_signature  goto 1269
	simple_core_type_or_tuple  goto 1270
	clty_longident  goto 1271
	simple_core_type  goto 151
	type_longident  goto 152
	mod_ext_longident  goto 1272
	simple_core_type2  goto 156


state 1232
	module_type : FUNCTOR attributes functor_args MINUSGREATER . module_type  (78)

	FUNCTOR  shift 638
	LBRACKETPERCENT  shift 30
	LIDENT  shift 189
	LPAREN  shift 639
	MODULE  shift 640
	SIG  shift 641
	UIDENT  shift 642
	.  error

	module_type  goto 1364
	extension  goto 644
	mty_longident  goto 645
	ident  goto 646
	mod_ext_longident  goto 647


state 1233
	module_type : MODULE TYPE OF attributes . module_expr  (81)

	FUNCTOR  shift 516
	LBRACKETPERCENT  shift 30
	LPAREN  shift 517
	STRUCT  shift 518
	UIDENT  shift 51
	.  error

	module_expr  goto 1365
	mod_longident  goto 520
	paren_module_expr  goto 521
	extension  goto 522


state 1234
	module_type : SIG attributes signature error .  (77)

	.  reduce 77


state 1235
	module_type : SIG attributes signature END .  (76)

	.  reduce 76


state 1236
	with_constraint : MODULE mod_longident . EQUAL mod_ext_longident  (551)
	with_constraint : MODULE mod_longident . COLONEQUAL mod_ext_longident  (552)
	mod_longident : mod_longident . DOT UIDENT  (686)

	COLONEQUAL  shift 1366
	DOT  shift 773
	EQUAL  shift 1367
	.  error


state 1237
	with_constraint : TYPE optional_type_parameters . label_longident with_type_binder core_type_no_attr constraints  (549)
	with_constraint : TYPE optional_type_parameters . label_longident COLONEQUAL core_type_no_attr  (550)

	LIDENT  shift 451
	UIDENT  shift 51
	.  error

	mod_longident  goto 452
	label_longident  goto 1368


state 1238
	with_constraints : with_constraints AND . with_constraint  (548)

	MODULE  shift 1071
	TYPE  shift 1072
	.  error

	with_constraint  goto 1369


state 1239
	module_type : module_type . MINUSGREATER module_type  (79)
	module_type : module_type . WITH with_constraints  (80)
	module_type : module_type . attribute  (85)
	rec_module_declaration : MODULE ext_attributes REC UIDENT COLON module_type . post_item_attributes  (113)
	post_item_attributes : .  (787)

	LBRACKETAT  shift 185
	LBRACKETATAT  shift 326
	MINUSGREATER  shift 865
	WITH  shift 866
	error  reduce 787
	AND  reduce 787
	CLASS  reduce 787
	END  reduce 787
	EOF  reduce 787
	EXCEPTION  reduce 787
	EXTERNAL  reduce 787
	INCLUDE  reduce 787
	LBRACKETPERCENTPERCENT  reduce 787
	LBRACKETATATAT  reduce 787
	MODULE  reduce 787
	OPEN  reduce 787
	RBRACKET  reduce 787
	SEMISEMI  reduce 787
	TYPE  reduce 787
	VAL  reduce 787

	post_item_attributes  goto 1370
	attribute  goto 868
	post_item_attribute  goto 328


state 1240
	module_alias : MODULE ext_attributes UIDENT EQUAL mod_longident post_item_attributes .  (110)

	.  reduce 110


state 1241
	module_declaration_body : LPAREN RPAREN module_declaration_body .  (108)

	.  reduce 108


state 1242
	module_declaration_body : LPAREN UIDENT COLON . module_type RPAREN module_declaration_body  (107)

	FUNCTOR  shift 638
	LBRACKETPERCENT  shift 30
	LIDENT  shift 189
	LPAREN  shift 639
	MODULE  shift 640
	SIG  shift 641
	UIDENT  shift 642
	.  error

	module_type  goto 1371
	extension  goto 644
	mty_longident  goto 645
	ident  goto 646
	mod_ext_longident  goto 647


state 1243
	sig_type_extension : TYPE ext_attributes nonrec_flag optional_type_parameters type_longident PLUSEQ . private_flag sig_extension_constructors post_item_attributes  (533)
	private_flag : .  (710)

	PRIVATE  shift 1345
	BAR  reduce 710
	FALSE  reduce 710
	LBRACKET  reduce 710
	LPAREN  reduce 710
	TRUE  reduce 710
	UIDENT  reduce 710

	private_flag  goto 1372


state 1244
	module_type : module_type . MINUSGREATER module_type  (79)
	module_type : module_type . WITH with_constraints  (80)
	module_type : module_type . attribute  (85)
	and_module_declaration : AND attributes UIDENT COLON module_type . post_item_attributes  (114)
	post_item_attributes : .  (787)

	LBRACKETAT  shift 185
	LBRACKETATAT  shift 326
	MINUSGREATER  shift 865
	WITH  shift 866
	error  reduce 787
	AND  reduce 787
	CLASS  reduce 787
	END  reduce 787
	EOF  reduce 787
	EXCEPTION  reduce 787
	EXTERNAL  reduce 787
	INCLUDE  reduce 787
	LBRACKETPERCENTPERCENT  reduce 787
	LBRACKETATATAT  reduce 787
	MODULE  reduce 787
	OPEN  reduce 787
	RBRACKET  reduce 787
	SEMISEMI  reduce 787
	TYPE  reduce 787
	VAL  reduce 787

	post_item_attributes  goto 1373
	attribute  goto 868
	post_item_attribute  goto 328


state 1245
	and_class_description : AND attributes virtual_flag class_type_parameters LIDENT . COLON class_type post_item_attributes  (199)

	COLON  shift 1374
	.  error


state 1246
	amper_type_list : amper_type_list AMPERSAND . core_type_no_attr  (601)

	LBRACKET  shift 135
	LBRACKETLESS  shift 136
	LBRACKETGREATER  shift 137
	LBRACKETPERCENT  shift 30
	LESS  shift 138
	LIDENT  shift 139
	LPAREN  shift 140
	OPTLABEL  shift 141
	QUESTION  shift 142
	QUOTE  shift 143
	HASH  shift 144
	UIDENT  shift 145
	UNDERSCORE  shift 146
	.  error

	extension  goto 149
	simple_core_type_or_tuple  goto 150
	simple_core_type  goto 151
	type_longident  goto 152
	core_type_no_attr  goto 1375
	mod_ext_longident  goto 154
	core_type2  goto 155
	simple_core_type2  goto 156


state 1247
	tag_field : name_tag OF opt_ampersand amper_type_list attributes .  (596)

	.  reduce 596


state 1248
	simple_core_type2 : LBRACKETLESS opt_bar row_field_list GREATER name_tag_list RBRACKET .  (588)

	.  reduce 588


state 1249
	name_tag_list : name_tag_list name_tag .  (603)

	.  reduce 603


state 1250
	poly_type_no_attr : typevar_list DOT core_type_no_attr .  (560)

	.  reduce 560


state 1251
	typevar_list : typevar_list QUOTE ident .  (556)

	.  reduce 556


state 1252
	field_semi : label COLON poly_type_no_attr attributes SEMI . attributes  (618)
	attributes : .  (789)

	LBRACKETAT  shift 185
	DOTDOT  reduce 789
	GREATER  reduce 789
	LBRACKET  reduce 789
	LBRACKETLESS  reduce 789
	LBRACKETGREATER  reduce 789
	LBRACKETPERCENT  reduce 789
	LESS  reduce 789
	LIDENT  reduce 789
	LPAREN  reduce 789
	QUOTE  reduce 789
	HASH  reduce 789
	UIDENT  reduce 789
	UNDERSCORE  reduce 789

	attributes  goto 1376
	attribute  goto 487


state 1253
	core_type2 : QUESTION LIDENT COLON core_type2 MINUSGREATER core_type2 .  (566)
	core_type2 : core_type2 . MINUSGREATER core_type2  (569)
	core_type2 : core_type2 MINUSGREATER core_type2 .  (569)

	MINUSGREATER  shift 445
	error  reduce 566
	AMPERSAND  reduce 566
	AND  reduce 566
	AS  reduce 566
	BAR  reduce 566
	CLASS  reduce 566
	COLONGREATER  reduce 566
	COMMA  reduce 566
	CONSTRAINT  reduce 566
	END  reduce 566
	EOF  reduce 566
	EQUAL  reduce 566
	EXCEPTION  reduce 566
	EXTERNAL  reduce 566
	GREATER  reduce 566
	INCLUDE  reduce 566
	INHERIT  reduce 566
	INITIALIZER  reduce 566
	LBRACKETPERCENTPERCENT  reduce 566
	LET  reduce 566
	LBRACKETAT  reduce 566
	LBRACKETATAT  reduce 566
	LBRACKETATATAT  reduce 566
	METHOD  reduce 566
	MODULE  reduce 566
	OPEN  reduce 566
	RBRACE  reduce 566
	RBRACKET  reduce 566
	RPAREN  reduce 566
	SEMI  reduce 566
	SEMISEMI  reduce 566
	HASH  reduce 566
	TYPE  reduce 566
	VAL  reduce 566
	WITH  reduce 566


state 1254
	simple_pattern_not_ident : LPAREN MODULE ext_attributes UIDENT COLON package_type . RPAREN  (449)
	simple_pattern_not_ident : LPAREN MODULE ext_attributes UIDENT COLON package_type . error  (450)

	error  shift 1377
	RPAREN  shift 1378
	.  error


state 1255
	expr : expr . COLONCOLON expr  (244)
	expr : expr . INFIXOP0 expr  (245)
	expr : expr . INFIXOP1 expr  (246)
	expr : expr . INFIXOP2 expr  (247)
	expr : expr . INFIXOP3 expr  (248)
	expr : expr . INFIXOP4 expr  (249)
	expr : expr . PLUS expr  (250)
	expr : expr . PLUSDOT expr  (251)
	expr : expr . PLUSEQ expr  (252)
	expr : expr . MINUS expr  (253)
	expr : expr . MINUSDOT expr  (254)
	expr : expr . STAR expr  (255)
	expr : expr . PERCENT expr  (256)
	expr : expr . EQUAL expr  (257)
	expr : expr . LESS expr  (258)
	expr : expr . GREATER expr  (259)
	expr : expr . OR expr  (260)
	expr : expr . BARBAR expr  (261)
	expr : expr . AMPERSAND expr  (262)
	expr : expr . AMPERAMPER expr  (263)
	expr : expr . COLONEQUAL expr  (264)
	expr : expr . attribute  (282)
	simple_expr : simple_expr DOT mod_longident DOTOP LBRACE expr . RBRACE  (312)
	simple_expr : simple_expr DOT mod_longident DOTOP LBRACE expr . error  (313)
	expr_comma_list : expr . COMMA expr  (384)

	error  shift 1354
	AMPERAMPER  shift 333
	AMPERSAND  shift 334
	BARBAR  shift 335
	COLONCOLON  shift 336
	COLONEQUAL  shift 337
	COMMA  shift 338
	EQUAL  shift 339
	GREATER  shift 340
	INFIXOP0  shift 341
	INFIXOP1  shift 342
	INFIXOP2  shift 343
	INFIXOP3  shift 344
	INFIXOP4  shift 345
	LESS  shift 346
	LBRACKETAT  shift 185
	MINUS  shift 347
	MINUSDOT  shift 348
	OR  shift 349
	PERCENT  shift 350
	PLUS  shift 351
	PLUSDOT  shift 352
	PLUSEQ  shift 353
	RBRACE  shift 1379
	STAR  shift 355
	.  error

	attribute  goto 356


state 1256
	expr : expr . COLONCOLON expr  (244)
	expr : expr . INFIXOP0 expr  (245)
	expr : expr . INFIXOP1 expr  (246)
	expr : expr . INFIXOP2 expr  (247)
	expr : expr . INFIXOP3 expr  (248)
	expr : expr . INFIXOP4 expr  (249)
	expr : expr . PLUS expr  (250)
	expr : expr . PLUSDOT expr  (251)
	expr : expr . PLUSEQ expr  (252)
	expr : expr . MINUS expr  (253)
	expr : expr . MINUSDOT expr  (254)
	expr : expr . STAR expr  (255)
	expr : expr . PERCENT expr  (256)
	expr : expr . EQUAL expr  (257)
	expr : expr . LESS expr  (258)
	expr : expr . GREATER expr  (259)
	expr : expr . OR expr  (260)
	expr : expr . BARBAR expr  (261)
	expr : expr . AMPERSAND expr  (262)
	expr : expr . AMPERAMPER expr  (263)
	expr : expr . COLONEQUAL expr  (264)
	expr : expr . attribute  (282)
	simple_expr : simple_expr DOT mod_longident DOTOP LBRACKET expr . RBRACKET  (308)
	simple_expr : simple_expr DOT mod_longident DOTOP LBRACKET expr . error  (309)
	expr_comma_list : expr . COMMA expr  (384)

	error  shift 1356
	AMPERAMPER  shift 333
	AMPERSAND  shift 334
	BARBAR  shift 335
	COLONCOLON  shift 336
	COLONEQUAL  shift 337
	COMMA  shift 338
	EQUAL  shift 339
	GREATER  shift 340
	INFIXOP0  shift 341
	INFIXOP1  shift 342
	INFIXOP2  shift 343
	INFIXOP3  shift 344
	INFIXOP4  shift 345
	LESS  shift 346
	LBRACKETAT  shift 185
	MINUS  shift 347
	MINUSDOT  shift 348
	OR  shift 349
	PERCENT  shift 350
	PLUS  shift 351
	PLUSDOT  shift 352
	PLUSEQ  shift 353
	RBRACKET  shift 1380
	STAR  shift 355
	.  error

	attribute  goto 356


state 1257
	expr : expr . COLONCOLON expr  (244)
	expr : expr . INFIXOP0 expr  (245)
	expr : expr . INFIXOP1 expr  (246)
	expr : expr . INFIXOP2 expr  (247)
	expr : expr . INFIXOP3 expr  (248)
	expr : expr . INFIXOP4 expr  (249)
	expr : expr . PLUS expr  (250)
	expr : expr . PLUSDOT expr  (251)
	expr : expr . PLUSEQ expr  (252)
	expr : expr . MINUS expr  (253)
	expr : expr . MINUSDOT expr  (254)
	expr : expr . STAR expr  (255)
	expr : expr . PERCENT expr  (256)
	expr : expr . EQUAL expr  (257)
	expr : expr . LESS expr  (258)
	expr : expr . GREATER expr  (259)
	expr : expr . OR expr  (260)
	expr : expr . BARBAR expr  (261)
	expr : expr . AMPERSAND expr  (262)
	expr : expr . AMPERAMPER expr  (263)
	expr : expr . COLONEQUAL expr  (264)
	expr : expr . attribute  (282)
	simple_expr : simple_expr DOT mod_longident DOTOP LPAREN expr . RPAREN  (310)
	simple_expr : simple_expr DOT mod_longident DOTOP LPAREN expr . error  (311)
	expr_comma_list : expr . COMMA expr  (384)

	error  shift 1358
	AMPERAMPER  shift 333
	AMPERSAND  shift 334
	BARBAR  shift 335
	COLONCOLON  shift 336
	COLONEQUAL  shift 337
	COMMA  shift 338
	EQUAL  shift 339
	GREATER  shift 340
	INFIXOP0  shift 341
	INFIXOP1  shift 342
	INFIXOP2  shift 343
	INFIXOP3  shift 344
	INFIXOP4  shift 345
	LESS  shift 346
	LBRACKETAT  shift 185
	MINUS  shift 347
	MINUSDOT  shift 348
	OR  shift 349
	PERCENT  shift 350
	PLUS  shift 351
	PLUSDOT  shift 352
	PLUSEQ  shift 353
	RPAREN  shift 1381
	STAR  shift 355
	.  error

	attribute  goto 356


state 1258
	class_type_declaration : CLASS TYPE ext_attributes virtual_flag class_type_parameters LIDENT EQUAL . class_signature post_item_attributes  (202)

	LBRACKET  shift 1382
	LBRACKETPERCENT  shift 30
	LET  shift 1262
	LIDENT  shift 1383
	OBJECT  shift 1264
	UIDENT  shift 145
	.  error

	extension  goto 1384
	class_signature  goto 1385
	clty_longident  goto 1271
	mod_ext_longident  goto 1386


state 1259
	type_parameter_list : type_parameter_list COMMA type_parameter .  (510)

	.  reduce 510


state 1260
	type_variable : QUOTE ident .  (508)

	.  reduce 508


state 1261
	class_signature : LBRACKET . core_type_comma_list RBRACKET clty_longident  (173)
	simple_core_type2 : LBRACKET . tag_field RBRACKET  (582)
	simple_core_type2 : LBRACKET . BAR row_field_list RBRACKET  (583)
	simple_core_type2 : LBRACKET . row_field BAR row_field_list RBRACKET  (584)

	BACKQUOTE  shift 10
	BAR  shift 410
	LBRACKET  shift 135
	LBRACKETLESS  shift 136
	LBRACKETGREATER  shift 137
	LBRACKETPERCENT  shift 30
	LESS  shift 138
	LIDENT  shift 139
	LPAREN  shift 140
	OPTLABEL  shift 141
	QUESTION  shift 142
	QUOTE  shift 143
	HASH  shift 144
	UIDENT  shift 145
	UNDERSCORE  shift 146
	.  error

	core_type  goto 431
	extension  goto 149
	core_type_comma_list  goto 1387
	simple_core_type_or_tuple  goto 150
	name_tag  goto 412
	simple_core_type  goto 1388
	type_longident  goto 152
	core_type_no_attr  goto 153
	mod_ext_longident  goto 154
	core_type2  goto 155
	simple_core_type2  goto 156
	tag_field  goto 414
	row_field  goto 415


state 1262
	class_signature : LET . OPEN override_flag attributes mod_longident IN class_signature  (179)

	OPEN  shift 1389
	.  error


state 1263
	class_type : LIDENT . COLON simple_core_type_or_tuple MINUSGREATER class_type  (171)
	type_longident : LIDENT .  (683)
	clty_longident : LIDENT .  (692)

	COLON  shift 1390
	error  reduce 692
	AND  reduce 692
	CLASS  reduce 692
	END  reduce 692
	EOF  reduce 692
	EQUAL  reduce 692
	EXCEPTION  reduce 692
	EXTERNAL  reduce 692
	INCLUDE  reduce 692
	LBRACKETPERCENTPERCENT  reduce 692
	LIDENT  reduce 683
	LBRACKETAT  reduce 692
	LBRACKETATAT  reduce 692
	LBRACKETATATAT  reduce 692
	MINUSGREATER  reduce 683
	MODULE  reduce 692
	OPEN  reduce 692
	RBRACKET  reduce 692
	RPAREN  reduce 692
	SEMISEMI  reduce 692
	HASH  reduce 683
	STAR  reduce 683
	TYPE  reduce 692
	UIDENT  reduce 683
	VAL  reduce 692


state 1264
	class_signature : OBJECT . attributes class_sig_body END  (175)
	class_signature : OBJECT . attributes class_sig_body error  (176)
	attributes : .  (789)

	LBRACKETAT  shift 185
	error  reduce 789
	CONSTRAINT  reduce 789
	END  reduce 789
	INHERIT  reduce 789
	LBRACKETPERCENTPERCENT  reduce 789
	LPAREN  reduce 789
	LBRACKETATATAT  reduce 789
	METHOD  reduce 789
	VAL  reduce 789

	attributes  goto 1391
	attribute  goto 487


state 1265
	class_type : OPTLABEL . simple_core_type_or_tuple MINUSGREATER class_type  (170)

	LBRACKET  shift 135
	LBRACKETLESS  shift 136
	LBRACKETGREATER  shift 137
	LBRACKETPERCENT  shift 30
	LESS  shift 138
	LIDENT  shift 411
	LPAREN  shift 140
	QUOTE  shift 143
	HASH  shift 144
	UIDENT  shift 145
	UNDERSCORE  shift 146
	.  error

	extension  goto 149
	simple_core_type_or_tuple  goto 1392
	simple_core_type  goto 151
	type_longident  goto 152
	mod_ext_longident  goto 154
	simple_core_type2  goto 156


state 1266
	class_type : QUESTION . LIDENT COLON simple_core_type_or_tuple MINUSGREATER class_type  (169)

	LIDENT  shift 1393
	.  error


state 1267
	class_signature : extension .  (178)
	simple_core_type2 : extension .  (590)

	error  reduce 178
	AND  reduce 178
	CLASS  reduce 178
	END  reduce 178
	EOF  reduce 178
	EQUAL  reduce 178
	EXCEPTION  reduce 178
	EXTERNAL  reduce 178
	INCLUDE  reduce 178
	LBRACKETPERCENTPERCENT  reduce 178
	LIDENT  reduce 590
	LBRACKETAT  reduce 178
	LBRACKETATAT  reduce 178
	LBRACKETATATAT  reduce 178
	MINUSGREATER  reduce 590
	MODULE  reduce 178
	OPEN  reduce 178
	RBRACKET  reduce 178
	RPAREN  reduce 178
	SEMISEMI  reduce 178
	HASH  reduce 590
	STAR  reduce 590
	TYPE  reduce 178
	UIDENT  reduce 590
	VAL  reduce 178


state 1268
	class_fun_binding : COLON class_type . EQUAL class_expr  (123)

	EQUAL  shift 1394
	.  error


state 1269
	class_type : class_signature .  (168)
	class_signature : class_signature . attribute  (177)

	LBRACKETAT  shift 185
	error  reduce 168
	AND  reduce 168
	CLASS  reduce 168
	END  reduce 168
	EOF  reduce 168
	EQUAL  reduce 168
	EXCEPTION  reduce 168
	EXTERNAL  reduce 168
	INCLUDE  reduce 168
	LBRACKETPERCENTPERCENT  reduce 168
	LBRACKETATAT  reduce 168
	LBRACKETATATAT  reduce 168
	MODULE  reduce 168
	OPEN  reduce 168
	RBRACKET  reduce 168
	RPAREN  reduce 168
	SEMISEMI  reduce 168
	TYPE  reduce 168
	VAL  reduce 168

	attribute  goto 1395


state 1270
	class_type : simple_core_type_or_tuple . MINUSGREATER class_type  (172)

	MINUSGREATER  shift 1396
	.  error


state 1271
	class_signature : clty_longident .  (174)

	.  reduce 174


state 1272
	type_longident : mod_ext_longident . DOT LIDENT  (684)
	mod_ext_longident : mod_ext_longident . DOT UIDENT  (688)
	mod_ext_longident : mod_ext_longident . LPAREN mod_ext_longident RPAREN  (689)
	clty_longident : mod_ext_longident . DOT LIDENT  (693)

	DOT  shift 1397
	LPAREN  shift 443
	.  error


state 1273
	class_expr : FUN . attributes class_fun_def  (130)
	attributes : .  (789)

	LBRACKETAT  shift 185
	BACKQUOTE  reduce 789
	CHAR  reduce 789
	FALSE  reduce 789
	FLOAT  reduce 789
	INT  reduce 789
	LABEL  reduce 789
	LBRACE  reduce 789
	LBRACKET  reduce 789
	LBRACKETBAR  reduce 789
	LBRACKETPERCENT  reduce 789
	LIDENT  reduce 789
	LPAREN  reduce 789
	MINUS  reduce 789
	OPTLABEL  reduce 789
	PLUS  reduce 789
	QUESTION  reduce 789
	HASH  reduce 789
	STRING  reduce 789
	TILDE  reduce 789
	TRUE  reduce 789
	UIDENT  reduce 789
	UNDERSCORE  reduce 789

	attributes  goto 1398
	attribute  goto 487


state 1274
	class_simple_expr : LBRACKET . core_type_comma_list RBRACKET class_longident  (136)

	LBRACKET  shift 135
	LBRACKETLESS  shift 136
	LBRACKETGREATER  shift 137
	LBRACKETPERCENT  shift 30
	LESS  shift 138
	LIDENT  shift 139
	LPAREN  shift 140
	OPTLABEL  shift 141
	QUESTION  shift 142
	QUOTE  shift 143
	HASH  shift 144
	UIDENT  shift 145
	UNDERSCORE  shift 146
	.  error

	core_type  goto 431
	extension  goto 149
	core_type_comma_list  goto 1399
	simple_core_type_or_tuple  goto 150
	simple_core_type  goto 151
	type_longident  goto 152
	core_type_no_attr  goto 153
	mod_ext_longident  goto 154
	core_type2  goto 155
	simple_core_type2  goto 156


state 1275
	class_expr : LET . OPEN override_flag attributes mod_longident IN class_expr  (133)
	let_binding : LET . ext_attributes rec_flag let_binding_body post_item_attributes  (367)
	ext_attributes : .  (791)

	LBRACKETAT  shift 185
	OPEN  shift 1400
	PERCENT  shift 186
	BACKQUOTE  reduce 791
	CHAR  reduce 791
	FALSE  reduce 791
	FLOAT  reduce 791
	INT  reduce 791
	LAZY  reduce 791
	LBRACE  reduce 791
	LBRACKET  reduce 791
	LBRACKETBAR  reduce 791
	LBRACKETPERCENT  reduce 791
	LIDENT  reduce 791
	LPAREN  reduce 791
	MINUS  reduce 791
	PLUS  reduce 791
	REC  reduce 791
	HASH  reduce 791
	STRING  reduce 791
	TRUE  reduce 791
	UIDENT  reduce 791
	UNDERSCORE  reduce 791

	attribute  goto 187
	ext_attributes  goto 280


state 1276
	class_simple_expr : LPAREN . class_expr COLON class_type RPAREN  (140)
	class_simple_expr : LPAREN . class_expr COLON class_type error  (141)
	class_simple_expr : LPAREN . class_expr RPAREN  (142)
	class_simple_expr : LPAREN . class_expr error  (143)

	FUN  shift 1273
	LBRACKET  shift 1274
	LBRACKETPERCENT  shift 30
	LET  shift 1275
	LIDENT  shift 436
	LPAREN  shift 1276
	OBJECT  shift 1277
	UIDENT  shift 51
	.  error

	mod_longident  goto 437
	extension  goto 1278
	let_bindings  goto 1279
	class_expr  goto 1401
	class_simple_expr  goto 1281
	class_longident  goto 1282
	let_binding  goto 92


state 1277
	class_simple_expr : OBJECT . attributes class_structure END  (138)
	class_simple_expr : OBJECT . attributes class_structure error  (139)
	attributes : .  (789)

	LBRACKETAT  shift 185
	error  reduce 789
	CONSTRAINT  reduce 789
	END  reduce 789
	INHERIT  reduce 789
	INITIALIZER  reduce 789
	LBRACKETPERCENTPERCENT  reduce 789
	LPAREN  reduce 789
	LBRACKETATATAT  reduce 789
	METHOD  reduce 789
	VAL  reduce 789

	attributes  goto 1402
	attribute  goto 487


state 1278
	class_expr : extension .  (135)

	.  reduce 135


state 1279
	class_expr : let_bindings . IN class_expr  (132)
	let_bindings : let_bindings . and_let_binding  (366)

	AND  shift 357
	IN  shift 1403
	.  error

	and_let_binding  goto 359


state 1280
	class_fun_binding : EQUAL class_expr .  (122)
	class_expr : class_expr . attribute  (134)

	LBRACKETAT  shift 185
	error  reduce 122
	AND  reduce 122
	CLASS  reduce 122
	END  reduce 122
	EOF  reduce 122
	EXCEPTION  reduce 122
	EXTERNAL  reduce 122
	INCLUDE  reduce 122
	LBRACKETPERCENTPERCENT  reduce 122
	LET  reduce 122
	LBRACKETATAT  reduce 122
	LBRACKETATATAT  reduce 122
	MODULE  reduce 122
	OPEN  reduce 122
	RBRACKET  reduce 122
	SEMISEMI  reduce 122
	HASH  reduce 122
	TYPE  reduce 122
	VAL  reduce 122

	attribute  goto 1404


state 1281
	class_expr : class_simple_expr .  (129)
	class_expr : class_simple_expr . simple_labeled_expr_list  (131)

	BACKQUOTE  shift 10
	BANG  shift 11
	BEGIN  shift 12
	CHAR  shift 13
	FALSE  shift 17
	FLOAT  shift 18
	INT  shift 24
	LABEL  shift 372
	LBRACE  shift 26
	LBRACELESS  shift 27
	LBRACKET  shift 28
	LBRACKETBAR  shift 29
	LBRACKETPERCENT  shift 30
	LIDENT  shift 165
	LPAREN  shift 34
	NEW  shift 40
	OPTLABEL  shift 373
	PREFIXOP  shift 45
	QUESTION  shift 374
	STRING  shift 47
	TILDE  shift 377
	TRUE  shift 48
	UIDENT  shift 51
	error  reduce 129
	AND  reduce 129
	AS  reduce 129
	CLASS  reduce 129
	COLON  reduce 129
	CONSTRAINT  reduce 129
	END  reduce 129
	EOF  reduce 129
	EXCEPTION  reduce 129
	EXTERNAL  reduce 129
	INCLUDE  reduce 129
	INHERIT  reduce 129
	INITIALIZER  reduce 129
	LBRACKETPERCENTPERCENT  reduce 129
	LET  reduce 129
	LBRACKETAT  reduce 129
	LBRACKETATAT  reduce 129
	LBRACKETATATAT  reduce 129
	METHOD  reduce 129
	MODULE  reduce 129
	OPEN  reduce 129
	RBRACKET  reduce 129
	RPAREN  reduce 129
	SEMISEMI  reduce 129
	HASH  reduce 129
	TYPE  reduce 129
	VAL  reduce 129

	mod_longident  goto 59
	extension  goto 60
	simple_labeled_expr_list  goto 1405
	simple_expr  goto 379
	constr_longident  goto 193
	name_tag  goto 194
	val_longident  goto 89
	constant  goto 90
	labeled_simple_expr  goto 380
	label_expr  goto 381
	val_ident  goto 91


state 1282
	class_simple_expr : class_longident .  (137)

	.  reduce 137


state 1283
	class_declaration : CLASS ext_attributes virtual_flag class_type_parameters LIDENT class_fun_binding post_item_attributes .  (120)

	.  reduce 120


state 1284
	class_fun_binding : labeled_simple_pattern class_fun_binding .  (124)

	.  reduce 124


state 1285
	label_declaration : mutable_flag label . COLON poly_type_no_attr attributes  (530)
	label_declaration_semi : mutable_flag label . COLON poly_type_no_attr attributes SEMI attributes  (531)

	COLON  shift 1406
	.  error


state 1286
	constructor_arguments : LBRACE label_declarations RBRACE .  (526)

	.  reduce 526


state 1287
	label_declarations : label_declaration_semi label_declarations .  (529)

	.  reduce 529


state 1288
	generalized_constructor_arguments : COLON constructor_arguments MINUSGREATER simple_core_type .  (523)

	.  reduce 523


state 1289
	constr_longident : mod_longident DOT LPAREN . COLONCOLON RPAREN  (675)

	COLONCOLON  shift 841
	.  error


state 1290
	str_exception_declaration : EXCEPTION ext_attributes constr_ident EQUAL constr_longident attributes post_item_attributes .  (518)

	.  reduce 518


state 1291
	primitive_declaration_body : STRING .  (476)
	primitive_declaration_body : STRING . primitive_declaration_body  (477)

	STRING  shift 1291
	error  reduce 476
	CLASS  reduce 476
	END  reduce 476
	EOF  reduce 476
	EXCEPTION  reduce 476
	EXTERNAL  reduce 476
	INCLUDE  reduce 476
	LBRACKETPERCENTPERCENT  reduce 476
	LET  reduce 476
	LBRACKETATAT  reduce 476
	LBRACKETATATAT  reduce 476
	MODULE  reduce 476
	OPEN  reduce 476
	RBRACKET  reduce 476
	SEMISEMI  reduce 476
	HASH  reduce 476
	TYPE  reduce 476
	VAL  reduce 476

	primitive_declaration_body  goto 1407


state 1292
	primitive_declaration : EXTERNAL ext_attributes val_ident COLON core_type EQUAL primitive_declaration_body . post_item_attributes  (478)
	post_item_attributes : .  (787)

	LBRACKETATAT  shift 326
	error  reduce 787
	CLASS  reduce 787
	END  reduce 787
	EOF  reduce 787
	EXCEPTION  reduce 787
	EXTERNAL  reduce 787
	INCLUDE  reduce 787
	LBRACKETPERCENTPERCENT  reduce 787
	LET  reduce 787
	LBRACKETATATAT  reduce 787
	MODULE  reduce 787
	OPEN  reduce 787
	RBRACKET  reduce 787
	SEMISEMI  reduce 787
	HASH  reduce 787
	TYPE  reduce 787
	VAL  reduce 787

	post_item_attributes  goto 1408
	post_item_attribute  goto 328


state 1293
	expr : FOR ext_attributes pattern EQUAL seq_expr direction_flag seq_expr . DO seq_expr DONE  (243)

	DO  shift 1409
	.  error


state 1294
	expr : FUN ext_attributes LPAREN TYPE lident_list RPAREN fun_def .  (233)

	.  reduce 233


state 1295
	let_pattern : pattern COLON core_type .  (224)
	core_type : core_type . attribute  (562)

	LBRACKETAT  shift 185
	EQUAL  reduce 224
	RPAREN  reduce 224

	attribute  goto 440


state 1296
	opt_default : EQUAL seq_expr .  (219)

	.  reduce 219


state 1297
	labeled_simple_pattern : OPTLABEL LPAREN let_pattern opt_default RPAREN .  (210)

	.  reduce 210


state 1298
	labeled_simple_pattern : QUESTION LPAREN label_let_pattern opt_default RPAREN .  (208)

	.  reduce 208


state 1299
	label_let_pattern : label_var COLON core_type .  (221)
	core_type : core_type . attribute  (562)

	LBRACKETAT  shift 185
	EQUAL  reduce 221
	RPAREN  reduce 221

	attribute  goto 440


state 1300
	fun_def : COLON simple_core_type MINUSGREATER seq_expr .  (380)

	.  reduce 380


state 1301
	fun_def : LPAREN TYPE lident_list RPAREN . fun_def  (382)

	BACKQUOTE  shift 10
	CHAR  shift 13
	COLON  shift 756
	FALSE  shift 17
	FLOAT  shift 18
	INT  shift 24
	LABEL  shift 505
	LBRACE  shift 162
	LBRACKET  shift 163
	LBRACKETBAR  shift 164
	LBRACKETPERCENT  shift 30
	LIDENT  shift 165
	LPAREN  shift 757
	MINUS  shift 167
	MINUSGREATER  shift 758
	OPTLABEL  shift 507
	PLUS  shift 168
	QUESTION  shift 508
	HASH  shift 169
	STRING  shift 47
	TILDE  shift 509
	TRUE  shift 48
	UIDENT  shift 51
	UNDERSCORE  shift 170
	.  error

	mod_longident  goto 173
	extension  goto 174
	labeled_simple_pattern  goto 759
	simple_pattern  goto 511
	fun_def  goto 1410
	constr_longident  goto 512
	name_tag  goto 513
	constant  goto 178
	val_ident  goto 179
	simple_pattern_not_ident  goto 180
	signed_constant  goto 183
	simple_delimited_pattern  goto 184


state 1302
	match_case : pattern WHEN seq_expr MINUSGREATER . seq_expr  (377)

	ASSERT  shift 9
	BACKQUOTE  shift 10
	BANG  shift 11
	BEGIN  shift 12
	CHAR  shift 13
	FALSE  shift 17
	FLOAT  shift 18
	FOR  shift 19
	FUN  shift 20
	FUNCTION  shift 21
	IF  shift 22
	INT  shift 24
	LAZY  shift 25
	LBRACE  shift 26
	LBRACELESS  shift 27
	LBRACKET  shift 28
	LBRACKETBAR  shift 29
	LBRACKETPERCENT  shift 30
	LET  shift 32
	LIDENT  shift 33
	LPAREN  shift 34
	MATCH  shift 36
	MINUS  shift 37
	MINUSDOT  shift 38
	NEW  shift 40
	OBJECT  shift 41
	PLUS  shift 43
	PLUSDOT  shift 44
	PREFIXOP  shift 45
	STRING  shift 47
	TRUE  shift 48
	TRY  shift 49
	UIDENT  shift 51
	UNDERSCORE  shift 52
	WHILE  shift 54
	.  error

	seq_expr  goto 1411
	mod_longident  goto 59
	extension  goto 60
	expr  goto 61
	let_bindings  goto 159
	label  goto 81
	simple_expr  goto 83
	expr_comma_list  goto 84
	constr_longident  goto 85
	name_tag  goto 86
	subtractive  goto 87
	additive  goto 88
	val_longident  goto 89
	constant  goto 90
	val_ident  goto 91
	let_binding  goto 92


state 1303
	expr : IF ext_attributes seq_expr THEN expr ELSE expr .  (240)
	expr : expr . COLONCOLON expr  (244)
	expr : expr . INFIXOP0 expr  (245)
	expr : expr . INFIXOP1 expr  (246)
	expr : expr . INFIXOP2 expr  (247)
	expr : expr . INFIXOP3 expr  (248)
	expr : expr . INFIXOP4 expr  (249)
	expr : expr . PLUS expr  (250)
	expr : expr . PLUSDOT expr  (251)
	expr : expr . PLUSEQ expr  (252)
	expr : expr . MINUS expr  (253)
	expr : expr . MINUSDOT expr  (254)
	expr : expr . STAR expr  (255)
	expr : expr . PERCENT expr  (256)
	expr : expr . EQUAL expr  (257)
	expr : expr . LESS expr  (258)
	expr : expr . GREATER expr  (259)
	expr : expr . OR expr  (260)
	expr : expr . BARBAR expr  (261)
	expr : expr . AMPERSAND expr  (262)
	expr : expr . AMPERAMPER expr  (263)
	expr : expr . COLONEQUAL expr  (264)
	expr : expr . attribute  (282)
	expr_comma_list : expr . COMMA expr  (384)

	AMPERAMPER  shift 333
	AMPERSAND  shift 334
	BARBAR  shift 335
	COLONCOLON  shift 336
	COLONEQUAL  shift 337
	COMMA  shift 338
	EQUAL  shift 339
	GREATER  shift 340
	INFIXOP0  shift 341
	INFIXOP1  shift 342
	INFIXOP2  shift 343
	INFIXOP3  shift 344
	INFIXOP4  shift 345
	LESS  shift 346
	LBRACKETAT  shift 185
	MINUS  shift 347
	MINUSDOT  shift 348
	OR  shift 349
	PERCENT  shift 350
	PLUS  shift 351
	PLUSDOT  shift 352
	PLUSEQ  shift 353
	STAR  shift 355
	error  reduce 240
	AND  reduce 240
	BAR  reduce 240
	BARRBRACKET  reduce 240
	CLASS  reduce 240
	COLON  reduce 240
	COLONGREATER  reduce 240
	CONSTRAINT  reduce 240
	DO  reduce 240
	DONE  reduce 240
	DOWNTO  reduce 240
	ELSE  reduce 240
	END  reduce 240
	EOF  reduce 240
	EXCEPTION  reduce 240
	EXTERNAL  reduce 240
	GREATERRBRACE  reduce 240
	IN  reduce 240
	INCLUDE  reduce 240
	INHERIT  reduce 240
	INITIALIZER  reduce 240
	LBRACKETPERCENTPERCENT  reduce 240
	LET  reduce 240
	LBRACKETATAT  reduce 240
	LBRACKETATATAT  reduce 240
	METHOD  reduce 240
	MINUSGREATER  reduce 240
	MODULE  reduce 240
	OPEN  reduce 240
	RBRACE  reduce 240
	RBRACKET  reduce 240
	RPAREN  reduce 240
	SEMI  reduce 240
	SEMISEMI  reduce 240
	HASH  reduce 240
	THEN  reduce 240
	TO  reduce 240
	TYPE  reduce 240
	VAL  reduce 240
	WITH  reduce 240

	attribute  goto 356


state 1304
	module_expr : FUNCTOR attributes functor_args MINUSGREATER module_expr .  (29)
	module_expr : module_expr . paren_module_expr  (30)
	module_expr : module_expr . LPAREN RPAREN  (31)
	module_expr : module_expr . attribute  (33)

	LPAREN  shift 769
	LBRACKETAT  shift 185
	error  reduce 29
	AND  reduce 29
	CLASS  reduce 29
	COLON  reduce 29
	COLONGREATER  reduce 29
	END  reduce 29
	EOF  reduce 29
	EQUAL  reduce 29
	EXCEPTION  reduce 29
	EXTERNAL  reduce 29
	IN  reduce 29
	INCLUDE  reduce 29
	LBRACKETPERCENTPERCENT  reduce 29
	LET  reduce 29
	LBRACKETATAT  reduce 29
	LBRACKETATATAT  reduce 29
	MINUSGREATER  reduce 29
	MODULE  reduce 29
	OPEN  reduce 29
	RBRACKET  reduce 29
	RPAREN  reduce 29
	SEMISEMI  reduce 29
	HASH  reduce 29
	TYPE  reduce 29
	VAL  reduce 29
	WITH  reduce 29

	paren_module_expr  goto 771
	attribute  goto 772


state 1305
	paren_module_expr : LPAREN VAL attributes expr error .  (45)

	.  reduce 45


state 1306
	paren_module_expr : LPAREN VAL attributes expr COLON . package_type RPAREN  (40)
	paren_module_expr : LPAREN VAL attributes expr COLON . package_type COLONGREATER package_type RPAREN  (41)
	paren_module_expr : LPAREN VAL attributes expr COLON . error  (43)

	error  shift 1412
	FUNCTOR  shift 638
	LBRACKETPERCENT  shift 30
	LIDENT  shift 189
	LPAREN  shift 639
	MODULE  shift 640
	SIG  shift 641
	UIDENT  shift 642
	.  error

	module_type  goto 892
	extension  goto 644
	package_type  goto 1413
	mty_longident  goto 645
	ident  goto 646
	mod_ext_longident  goto 647


state 1307
	paren_module_expr : LPAREN VAL attributes expr COLONGREATER . package_type RPAREN  (42)
	paren_module_expr : LPAREN VAL attributes expr COLONGREATER . error  (44)

	error  shift 1414
	FUNCTOR  shift 638
	LBRACKETPERCENT  shift 30
	LIDENT  shift 189
	LPAREN  shift 639
	MODULE  shift 640
	SIG  shift 641
	UIDENT  shift 642
	.  error

	module_type  goto 892
	extension  goto 644
	package_type  goto 1415
	mty_longident  goto 645
	ident  goto 646
	mod_ext_longident  goto 647


state 1308
	paren_module_expr : LPAREN VAL attributes expr RPAREN .  (39)

	.  reduce 39


state 1309
	paren_module_expr : LPAREN module_expr COLON module_type error .  (36)

	.  reduce 36


state 1310
	paren_module_expr : LPAREN module_expr COLON module_type RPAREN .  (35)

	.  reduce 35


state 1311
	expr : LET MODULE ext_attributes UIDENT module_binding_body IN seq_expr .  (228)

	.  reduce 228


state 1312
	expr : LET OPEN override_flag ext_attributes mod_longident IN seq_expr .  (230)

	.  reduce 230


state 1313
	let_binding_body : val_ident COLON TYPE lident_list . DOT core_type EQUAL seq_expr  (362)

	DOT  shift 1416
	.  error


state 1314
	let_binding_body : val_ident COLON typevar_list DOT . core_type EQUAL seq_expr  (361)

	LBRACKET  shift 135
	LBRACKETLESS  shift 136
	LBRACKETGREATER  shift 137
	LBRACKETPERCENT  shift 30
	LESS  shift 138
	LIDENT  shift 139
	LPAREN  shift 140
	OPTLABEL  shift 141
	QUESTION  shift 142
	QUOTE  shift 143
	HASH  shift 144
	UIDENT  shift 145
	UNDERSCORE  shift 146
	.  error

	core_type  goto 1417
	extension  goto 149
	simple_core_type_or_tuple  goto 150
	simple_core_type  goto 151
	type_longident  goto 152
	core_type_no_attr  goto 153
	mod_ext_longident  goto 154
	core_type2  goto 155
	simple_core_type2  goto 156


state 1315
	strict_binding : LPAREN TYPE lident_list . RPAREN fun_binding  (373)

	RPAREN  shift 1418
	.  error


state 1316
	fun_binding : type_constraint EQUAL . seq_expr  (370)

	ASSERT  shift 9
	BACKQUOTE  shift 10
	BANG  shift 11
	BEGIN  shift 12
	CHAR  shift 13
	FALSE  shift 17
	FLOAT  shift 18
	FOR  shift 19
	FUN  shift 20
	FUNCTION  shift 21
	IF  shift 22
	INT  shift 24
	LAZY  shift 25
	LBRACE  shift 26
	LBRACELESS  shift 27
	LBRACKET  shift 28
	LBRACKETBAR  shift 29
	LBRACKETPERCENT  shift 30
	LET  shift 32
	LIDENT  shift 33
	LPAREN  shift 34
	MATCH  shift 36
	MINUS  shift 37
	MINUSDOT  shift 38
	NEW  shift 40
	OBJECT  shift 41
	PLUS  shift 43
	PLUSDOT  shift 44
	PREFIXOP  shift 45
	STRING  shift 47
	TRUE  shift 48
	TRY  shift 49
	UIDENT  shift 51
	UNDERSCORE  shift 52
	WHILE  shift 54
	.  error

	seq_expr  goto 1419
	mod_longident  goto 59
	extension  goto 60
	expr  goto 61
	let_bindings  goto 159
	label  goto 81
	simple_expr  goto 83
	expr_comma_list  goto 84
	constr_longident  goto 85
	name_tag  goto 86
	subtractive  goto 87
	additive  goto 88
	val_longident  goto 89
	constant  goto 90
	val_ident  goto 91
	let_binding  goto 92


state 1317
	let_binding_body : val_ident type_constraint EQUAL seq_expr .  (360)

	.  reduce 360


state 1318
	let_binding_body : simple_pattern_not_ident COLON core_type EQUAL . seq_expr  (364)

	ASSERT  shift 9
	BACKQUOTE  shift 10
	BANG  shift 11
	BEGIN  shift 12
	CHAR  shift 13
	FALSE  shift 17
	FLOAT  shift 18
	FOR  shift 19
	FUN  shift 20
	FUNCTION  shift 21
	IF  shift 22
	INT  shift 24
	LAZY  shift 25
	LBRACE  shift 26
	LBRACELESS  shift 27
	LBRACKET  shift 28
	LBRACKETBAR  shift 29
	LBRACKETPERCENT  shift 30
	LET  shift 32
	LIDENT  shift 33
	LPAREN  shift 34
	MATCH  shift 36
	MINUS  shift 37
	MINUSDOT  shift 38
	NEW  shift 40
	OBJECT  shift 41
	PLUS  shift 43
	PLUSDOT  shift 44
	PREFIXOP  shift 45
	STRING  shift 47
	TRUE  shift 48
	TRY  shift 49
	UIDENT  shift 51
	UNDERSCORE  shift 52
	WHILE  shift 54
	.  error

	seq_expr  goto 1420
	mod_longident  goto 59
	extension  goto 60
	expr  goto 61
	let_bindings  goto 159
	label  goto 81
	simple_expr  goto 83
	expr_comma_list  goto 84
	constr_longident  goto 85
	name_tag  goto 86
	subtractive  goto 87
	additive  goto 88
	val_longident  goto 89
	constant  goto 90
	val_ident  goto 91
	let_binding  goto 92


state 1319
	simple_expr : LPAREN MODULE ext_attributes module_expr COLON package_type RPAREN .  (343)

	.  reduce 343


state 1320
	module_expr : module_expr . paren_module_expr  (30)
	module_expr : module_expr . LPAREN RPAREN  (31)
	module_expr : module_expr . attribute  (33)
	module_binding_body : COLON module_type EQUAL module_expr .  (68)

	LPAREN  shift 769
	LBRACKETAT  shift 185
	error  reduce 68
	AND  reduce 68
	CLASS  reduce 68
	END  reduce 68
	EOF  reduce 68
	EXCEPTION  reduce 68
	EXTERNAL  reduce 68
	IN  reduce 68
	INCLUDE  reduce 68
	LBRACKETPERCENTPERCENT  reduce 68
	LET  reduce 68
	LBRACKETATAT  reduce 68
	LBRACKETATATAT  reduce 68
	MODULE  reduce 68
	OPEN  reduce 68
	RBRACKET  reduce 68
	SEMISEMI  reduce 68
	HASH  reduce 68
	TYPE  reduce 68
	VAL  reduce 68

	paren_module_expr  goto 771
	attribute  goto 772


state 1321
	functor_arg : LPAREN functor_arg_name COLON module_type . RPAREN  (21)
	module_type : module_type . MINUSGREATER module_type  (79)
	module_type : module_type . WITH with_constraints  (80)
	module_type : module_type . attribute  (85)

	LBRACKETAT  shift 185
	MINUSGREATER  shift 865
	RPAREN  shift 1421
	WITH  shift 866
	.  error

	attribute  goto 868


state 1322
	class_self_pattern : LPAREN pattern COLON core_type RPAREN .  (146)

	.  reduce 146


state 1323
	constrain_field : core_type . EQUAL core_type  (195)
	core_type : core_type . attribute  (562)

	EQUAL  shift 1422
	LBRACKETAT  shift 185
	.  error

	attribute  goto 440


state 1324
	class_field : CONSTRAINT attributes constrain_field . post_item_attributes  (153)
	post_item_attributes : .  (787)

	LBRACKETATAT  shift 326
	error  reduce 787
	CONSTRAINT  reduce 787
	END  reduce 787
	INHERIT  reduce 787
	INITIALIZER  reduce 787
	LBRACKETPERCENTPERCENT  reduce 787
	LBRACKETATATAT  reduce 787
	METHOD  reduce 787
	VAL  reduce 787

	post_item_attributes  goto 1423
	post_item_attribute  goto 328


state 1325
	class_field : INHERIT override_flag attributes . class_expr parent_binder post_item_attributes  (150)

	FUN  shift 1273
	LBRACKET  shift 1274
	LBRACKETPERCENT  shift 30
	LET  shift 1275
	LIDENT  shift 436
	LPAREN  shift 1276
	OBJECT  shift 1277
	UIDENT  shift 51
	.  error

	mod_longident  goto 437
	extension  goto 1278
	let_bindings  goto 1279
	class_expr  goto 1424
	class_simple_expr  goto 1281
	class_longident  goto 1282
	let_binding  goto 92


state 1326
	class_field : INITIALIZER attributes seq_expr . post_item_attributes  (154)
	post_item_attributes : .  (787)

	LBRACKETATAT  shift 326
	error  reduce 787
	CONSTRAINT  reduce 787
	END  reduce 787
	INHERIT  reduce 787
	INITIALIZER  reduce 787
	LBRACKETPERCENTPERCENT  reduce 787
	LBRACKETATATAT  reduce 787
	METHOD  reduce 787
	VAL  reduce 787

	post_item_attributes  goto 1425
	post_item_attribute  goto 328


state 1327
	method_ : override_flag attributes . PRIVATE VIRTUAL label COLON poly_type  (163)
	method_ : override_flag attributes . VIRTUAL private_flag label COLON poly_type  (164)
	method_ : override_flag attributes . private_flag label strict_binding  (165)
	method_ : override_flag attributes . private_flag label COLON poly_type EQUAL seq_expr  (166)
	method_ : override_flag attributes . private_flag label COLON TYPE lident_list DOT core_type EQUAL seq_expr  (167)
	private_flag : .  (710)

	PRIVATE  shift 1426
	VIRTUAL  shift 1427
	LIDENT  reduce 710

	private_flag  goto 1428


state 1328
	class_field : METHOD method_ post_item_attributes .  (152)

	.  reduce 152


state 1329
	value : override_flag attributes . MUTABLE VIRTUAL label COLON core_type  (159)
	value : override_flag attributes . VIRTUAL mutable_flag label COLON core_type  (160)
	value : override_flag attributes . mutable_flag label EQUAL seq_expr  (161)
	value : override_flag attributes . mutable_flag label type_constraint EQUAL seq_expr  (162)
	mutable_flag : .  (712)

	MUTABLE  shift 1429
	VIRTUAL  shift 1430
	LIDENT  reduce 712

	mutable_flag  goto 1431


state 1330
	class_field : VAL value post_item_attributes .  (151)

	.  reduce 151


state 1331
	optional_type_parameter_list : optional_type_parameter_list COMMA optional_type_parameter .  (501)

	.  reduce 501


state 1332
	constructor_declarations : BAR .  (511)
	bar_constructor_declaration : BAR . constr_ident generalized_constructor_arguments attributes  (516)

	FALSE  shift 496
	LBRACKET  shift 497
	LPAREN  shift 498
	TRUE  shift 499
	UIDENT  shift 500
	error  reduce 511
	AND  reduce 511
	BAR  reduce 511
	CLASS  reduce 511
	CONSTRAINT  reduce 511
	END  reduce 511
	EOF  reduce 511
	EXCEPTION  reduce 511
	EXTERNAL  reduce 511
	INCLUDE  reduce 511
	LBRACKETPERCENTPERCENT  reduce 511
	LET  reduce 511
	LBRACKETATAT  reduce 511
	LBRACKETATATAT  reduce 511
	MODULE  reduce 511
	OPEN  reduce 511
	RBRACKET  reduce 511
	SEMISEMI  reduce 511
	HASH  reduce 511
	TYPE  reduce 511
	VAL  reduce 511

	constr_ident  goto 1432


state 1333
	type_kind : EQUAL DOTDOT .  (490)

	.  reduce 490


state 1334
	simple_core_type2 : LBRACKET . tag_field RBRACKET  (582)
	simple_core_type2 : LBRACKET . BAR row_field_list RBRACKET  (583)
	simple_core_type2 : LBRACKET . row_field BAR row_field_list RBRACKET  (584)
	constr_ident : LBRACKET . RBRACKET  (667)

	BACKQUOTE  shift 10
	BAR  shift 410
	LBRACKET  shift 135
	LBRACKETLESS  shift 136
	LBRACKETGREATER  shift 137
	LBRACKETPERCENT  shift 30
	LESS  shift 138
	LIDENT  shift 411
	LPAREN  shift 140
	QUOTE  shift 143
	RBRACKET  shift 733
	HASH  shift 144
	UIDENT  shift 145
	UNDERSCORE  shift 146
	.  error

	extension  goto 149
	name_tag  goto 412
	simple_core_type  goto 413
	type_longident  goto 152
	mod_ext_longident  goto 154
	simple_core_type2  goto 156
	tag_field  goto 414
	row_field  goto 415


state 1335
	simple_core_type : LPAREN . core_type_comma_list RPAREN  (571)
	simple_core_type2 : LPAREN . core_type_comma_list RPAREN type_longident  (576)
	simple_core_type2 : LPAREN . core_type_comma_list RPAREN HASH class_longident  (581)
	simple_core_type2 : LPAREN . MODULE ext_attributes package_type RPAREN  (589)
	constr_ident : LPAREN . RPAREN  (668)
	constr_ident : LPAREN . COLONCOLON RPAREN  (669)

	COLONCOLON  shift 734
	LBRACKET  shift 135
	LBRACKETLESS  shift 136
	LBRACKETGREATER  shift 137
	LBRACKETPERCENT  shift 30
	LESS  shift 138
	LIDENT  shift 139
	LPAREN  shift 140
	MODULE  shift 430
	OPTLABEL  shift 141
	QUESTION  shift 142
	QUOTE  shift 143
	RPAREN  shift 735
	HASH  shift 144
	UIDENT  shift 145
	UNDERSCORE  shift 146
	.  error

	core_type  goto 431
	extension  goto 149
	core_type_comma_list  goto 432
	simple_core_type_or_tuple  goto 150
	simple_core_type  goto 151
	type_longident  goto 152
	core_type_no_attr  goto 153
	mod_ext_longident  goto 154
	core_type2  goto 155
	simple_core_type2  goto 156


state 1336
	type_kind : EQUAL PRIVATE . core_type  (487)
	type_kind : EQUAL PRIVATE . constructor_declarations  (489)
	type_kind : EQUAL PRIVATE . DOTDOT  (491)
	private_flag : PRIVATE .  (711)

	BAR  shift 1332
	DOTDOT  shift 1433
	FALSE  shift 496
	LBRACKET  shift 1334
	LBRACKETLESS  shift 136
	LBRACKETGREATER  shift 137
	LBRACKETPERCENT  shift 30
	LESS  shift 138
	LIDENT  shift 139
	LPAREN  shift 1335
	OPTLABEL  shift 141
	QUESTION  shift 142
	QUOTE  shift 143
	HASH  shift 144
	TRUE  shift 499
	UIDENT  shift 1337
	UNDERSCORE  shift 146
	LBRACE  reduce 711

	core_type  goto 1434
	extension  goto 149
	simple_core_type_or_tuple  goto 150
	simple_core_type  goto 151
	type_longident  goto 152
	constructor_declarations  goto 1435
	constructor_declaration  goto 1341
	bar_constructor_declaration  goto 1342
	constr_ident  goto 1343
	core_type_no_attr  goto 153
	mod_ext_longident  goto 154
	core_type2  goto 155
	simple_core_type2  goto 156


state 1337
	constr_ident : UIDENT .  (666)
	mod_ext_longident : UIDENT .  (687)

	error  reduce 666
	AND  reduce 666
	BAR  reduce 666
	CLASS  reduce 666
	COLON  reduce 666
	CONSTRAINT  reduce 666
	DOT  reduce 687
	END  reduce 666
	EOF  reduce 666
	EXCEPTION  reduce 666
	EXTERNAL  reduce 666
	INCLUDE  reduce 666
	LBRACKETPERCENTPERCENT  reduce 666
	LET  reduce 666
	LPAREN  reduce 687
	LBRACKETAT  reduce 666
	LBRACKETATAT  reduce 666
	LBRACKETATATAT  reduce 666
	MODULE  reduce 666
	OF  reduce 666
	OPEN  reduce 666
	RBRACKET  reduce 666
	SEMISEMI  reduce 666
	HASH  reduce 666
	TYPE  reduce 666
	VAL  reduce 666


state 1338
	type_kind : EQUAL core_type .  (486)
	type_kind : EQUAL core_type . EQUAL private_flag constructor_declarations  (493)
	type_kind : EQUAL core_type . EQUAL private_flag DOTDOT  (494)
	type_kind : EQUAL core_type . EQUAL private_flag LBRACE label_declarations RBRACE  (495)
	core_type : core_type . attribute  (562)

	EQUAL  shift 1436
	LBRACKETAT  shift 185
	error  reduce 486
	AND  reduce 486
	CLASS  reduce 486
	CONSTRAINT  reduce 486
	END  reduce 486
	EOF  reduce 486
	EXCEPTION  reduce 486
	EXTERNAL  reduce 486
	INCLUDE  reduce 486
	LBRACKETPERCENTPERCENT  reduce 486
	LET  reduce 486
	LBRACKETATAT  reduce 486
	LBRACKETATATAT  reduce 486
	MODULE  reduce 486
	OPEN  reduce 486
	RBRACKET  reduce 486
	SEMISEMI  reduce 486
	HASH  reduce 486
	TYPE  reduce 486
	VAL  reduce 486

	attribute  goto 440


state 1339
	type_kind : EQUAL private_flag . LBRACE label_declarations RBRACE  (492)

	LBRACE  shift 1437
	.  error


state 1340
	type_kind : EQUAL constructor_declarations .  (488)
	constructor_declarations : constructor_declarations . bar_constructor_declaration  (514)

	BAR  shift 1438
	error  reduce 488
	AND  reduce 488
	CLASS  reduce 488
	CONSTRAINT  reduce 488
	END  reduce 488
	EOF  reduce 488
	EXCEPTION  reduce 488
	EXTERNAL  reduce 488
	INCLUDE  reduce 488
	LBRACKETPERCENTPERCENT  reduce 488
	LET  reduce 488
	LBRACKETATAT  reduce 488
	LBRACKETATATAT  reduce 488
	MODULE  reduce 488
	OPEN  reduce 488
	RBRACKET  reduce 488
	SEMISEMI  reduce 488
	HASH  reduce 488
	TYPE  reduce 488
	VAL  reduce 488

	bar_constructor_declaration  goto 1439


state 1341
	constructor_declarations : constructor_declaration .  (512)

	.  reduce 512


state 1342
	constructor_declarations : bar_constructor_declaration .  (513)

	.  reduce 513


state 1343
	constructor_declaration : constr_ident . generalized_constructor_arguments attributes  (515)
	generalized_constructor_arguments : .  (521)

	COLON  shift 736
	OF  shift 738
	error  reduce 521
	AND  reduce 521
	BAR  reduce 521
	CLASS  reduce 521
	CONSTRAINT  reduce 521
	END  reduce 521
	EOF  reduce 521
	EXCEPTION  reduce 521
	EXTERNAL  reduce 521
	INCLUDE  reduce 521
	LBRACKETPERCENTPERCENT  reduce 521
	LET  reduce 521
	LBRACKETAT  reduce 521
	LBRACKETATAT  reduce 521
	LBRACKETATATAT  reduce 521
	MODULE  reduce 521
	OPEN  reduce 521
	RBRACKET  reduce 521
	SEMISEMI  reduce 521
	HASH  reduce 521
	TYPE  reduce 521
	VAL  reduce 521

	generalized_constructor_arguments  goto 1440


state 1344
	type_declaration : TYPE ext_attributes nonrec_flag optional_type_parameters LIDENT type_kind constraints . post_item_attributes  (481)
	constraints : constraints . CONSTRAINT constrain  (483)
	post_item_attributes : .  (787)

	CONSTRAINT  shift 1441
	LBRACKETATAT  shift 326
	error  reduce 787
	AND  reduce 787
	CLASS  reduce 787
	END  reduce 787
	EOF  reduce 787
	EXCEPTION  reduce 787
	EXTERNAL  reduce 787
	INCLUDE  reduce 787
	LBRACKETPERCENTPERCENT  reduce 787
	LET  reduce 787
	LBRACKETATATAT  reduce 787
	MODULE  reduce 787
	OPEN  reduce 787
	RBRACKET  reduce 787
	SEMISEMI  reduce 787
	HASH  reduce 787
	TYPE  reduce 787
	VAL  reduce 787

	post_item_attributes  goto 1442
	post_item_attribute  goto 328


state 1345
	private_flag : PRIVATE .  (711)

	.  reduce 711


state 1346
	str_type_extension : TYPE ext_attributes nonrec_flag optional_type_parameters type_longident PLUSEQ private_flag . str_extension_constructors post_item_attributes  (532)

	BAR  shift 1443
	FALSE  shift 496
	LBRACKET  shift 497
	LPAREN  shift 498
	TRUE  shift 499
	UIDENT  shift 500
	.  error

	constr_ident  goto 1444
	str_extension_constructors  goto 1445
	extension_constructor_declaration  goto 1446
	bar_extension_constructor_declaration  goto 1447
	extension_constructor_rebind  goto 1448
	bar_extension_constructor_rebind  goto 1449


state 1347
	simple_expr : mod_longident DOT LPAREN MODULE ext_attributes module_expr COLON . package_type RPAREN  (345)
	simple_expr : mod_longident DOT LPAREN MODULE ext_attributes module_expr COLON . error  (346)

	error  shift 1450
	FUNCTOR  shift 638
	LBRACKETPERCENT  shift 30
	LIDENT  shift 189
	LPAREN  shift 639
	MODULE  shift 640
	SIG  shift 641
	UIDENT  shift 642
	.  error

	module_type  goto 892
	extension  goto 644
	package_type  goto 1451
	mty_longident  goto 645
	ident  goto 646
	mod_ext_longident  goto 647


state 1348
	and_type_declaration : AND attributes optional_type_parameters LIDENT type_kind constraints . post_item_attributes  (482)
	constraints : constraints . CONSTRAINT constrain  (483)
	post_item_attributes : .  (787)

	CONSTRAINT  shift 1441
	LBRACKETATAT  shift 326
	error  reduce 787
	AND  reduce 787
	CLASS  reduce 787
	END  reduce 787
	EOF  reduce 787
	EXCEPTION  reduce 787
	EXTERNAL  reduce 787
	INCLUDE  reduce 787
	LBRACKETPERCENTPERCENT  reduce 787
	LET  reduce 787
	LBRACKETATATAT  reduce 787
	MODULE  reduce 787
	OPEN  reduce 787
	RBRACKET  reduce 787
	SEMISEMI  reduce 787
	HASH  reduce 787
	TYPE  reduce 787
	VAL  reduce 787

	post_item_attributes  goto 1452
	post_item_attribute  goto 328


state 1349
	and_class_declaration : AND attributes virtual_flag class_type_parameters LIDENT class_fun_binding . post_item_attributes  (121)
	post_item_attributes : .  (787)

	LBRACKETATAT  shift 326
	error  reduce 787
	AND  reduce 787
	CLASS  reduce 787
	END  reduce 787
	EOF  reduce 787
	EXCEPTION  reduce 787
	EXTERNAL  reduce 787
	INCLUDE  reduce 787
	LBRACKETPERCENTPERCENT  reduce 787
	LET  reduce 787
	LBRACKETATATAT  reduce 787
	MODULE  reduce 787
	OPEN  reduce 787
	RBRACKET  reduce 787
	SEMISEMI  reduce 787
	HASH  reduce 787
	TYPE  reduce 787
	VAL  reduce 787

	post_item_attributes  goto 1453
	post_item_attribute  goto 328


state 1350
	and_class_type_declaration : AND attributes virtual_flag class_type_parameters LIDENT EQUAL . class_signature post_item_attributes  (203)

	LBRACKET  shift 1382
	LBRACKETPERCENT  shift 30
	LET  shift 1262
	LIDENT  shift 1383
	OBJECT  shift 1264
	UIDENT  shift 145
	.  error

	extension  goto 1384
	class_signature  goto 1454
	clty_longident  goto 1271
	mod_ext_longident  goto 1386


state 1351
	expr : expr . COLONCOLON expr  (244)
	expr : expr . INFIXOP0 expr  (245)
	expr : expr . INFIXOP1 expr  (246)
	expr : expr . INFIXOP2 expr  (247)
	expr : expr . INFIXOP3 expr  (248)
	expr : expr . INFIXOP4 expr  (249)
	expr : expr . PLUS expr  (250)
	expr : expr . PLUSDOT expr  (251)
	expr : expr . PLUSEQ expr  (252)
	expr : expr . MINUS expr  (253)
	expr : expr . MINUSDOT expr  (254)
	expr : expr . STAR expr  (255)
	expr : expr . PERCENT expr  (256)
	expr : expr . EQUAL expr  (257)
	expr : expr . LESS expr  (258)
	expr : expr . GREATER expr  (259)
	expr : expr . OR expr  (260)
	expr : expr . BARBAR expr  (261)
	expr : expr . AMPERSAND expr  (262)
	expr : expr . AMPERAMPER expr  (263)
	expr : expr . COLONEQUAL expr  (264)
	expr : simple_expr DOT LBRACE expr RBRACE LESSMINUS expr .  (270)
	expr : expr . attribute  (282)
	expr_comma_list : expr . COMMA expr  (384)

	AMPERAMPER  shift 333
	AMPERSAND  shift 334
	BARBAR  shift 335
	COLONCOLON  shift 336
	COLONEQUAL  shift 337
	COMMA  shift 338
	EQUAL  shift 339
	GREATER  shift 340
	INFIXOP0  shift 341
	INFIXOP1  shift 342
	INFIXOP2  shift 343
	INFIXOP3  shift 344
	INFIXOP4  shift 345
	LESS  shift 346
	LBRACKETAT  shift 185
	MINUS  shift 347
	MINUSDOT  shift 348
	OR  shift 349
	PERCENT  shift 350
	PLUS  shift 351
	PLUSDOT  shift 352
	PLUSEQ  shift 353
	STAR  shift 355
	error  reduce 270
	AND  reduce 270
	BAR  reduce 270
	BARRBRACKET  reduce 270
	CLASS  reduce 270
	COLON  reduce 270
	COLONGREATER  reduce 270
	CONSTRAINT  reduce 270
	DO  reduce 270
	DONE  reduce 270
	DOWNTO  reduce 270
	ELSE  reduce 270
	END  reduce 270
	EOF  reduce 270
	EXCEPTION  reduce 270
	EXTERNAL  reduce 270
	GREATERRBRACE  reduce 270
	IN  reduce 270
	INCLUDE  reduce 270
	INHERIT  reduce 270
	INITIALIZER  reduce 270
	LBRACKETPERCENTPERCENT  reduce 270
	LET  reduce 270
	LBRACKETATAT  reduce 270
	LBRACKETATATAT  reduce 270
	METHOD  reduce 270
	MINUSGREATER  reduce 270
	MODULE  reduce 270
	OPEN  reduce 270
	RBRACE  reduce 270
	RBRACKET  reduce 270
	RPAREN  reduce 270
	SEMI  reduce 270
	SEMISEMI  reduce 270
	HASH  reduce 270
	THEN  reduce 270
	TO  reduce 270
	TYPE  reduce 270
	VAL  reduce 270
	WITH  reduce 270

	attribute  goto 356


state 1352
	expr : expr . COLONCOLON expr  (244)
	expr : expr . INFIXOP0 expr  (245)
	expr : expr . INFIXOP1 expr  (246)
	expr : expr . INFIXOP2 expr  (247)
	expr : expr . INFIXOP3 expr  (248)
	expr : expr . INFIXOP4 expr  (249)
	expr : expr . PLUS expr  (250)
	expr : expr . PLUSDOT expr  (251)
	expr : expr . PLUSEQ expr  (252)
	expr : expr . MINUS expr  (253)
	expr : expr . MINUSDOT expr  (254)
	expr : expr . STAR expr  (255)
	expr : expr . PERCENT expr  (256)
	expr : expr . EQUAL expr  (257)
	expr : expr . LESS expr  (258)
	expr : expr . GREATER expr  (259)
	expr : expr . OR expr  (260)
	expr : expr . BARBAR expr  (261)
	expr : expr . AMPERSAND expr  (262)
	expr : expr . AMPERAMPER expr  (263)
	expr : expr . COLONEQUAL expr  (264)
	expr : simple_expr DOT LBRACKET seq_expr RBRACKET LESSMINUS expr .  (269)
	expr : expr . attribute  (282)
	expr_comma_list : expr . COMMA expr  (384)

	AMPERAMPER  shift 333
	AMPERSAND  shift 334
	BARBAR  shift 335
	COLONCOLON  shift 336
	COLONEQUAL  shift 337
	COMMA  shift 338
	EQUAL  shift 339
	GREATER  shift 340
	INFIXOP0  shift 341
	INFIXOP1  shift 342
	INFIXOP2  shift 343
	INFIXOP3  shift 344
	INFIXOP4  shift 345
	LESS  shift 346
	LBRACKETAT  shift 185
	MINUS  shift 347
	MINUSDOT  shift 348
	OR  shift 349
	PERCENT  shift 350
	PLUS  shift 351
	PLUSDOT  shift 352
	PLUSEQ  shift 353
	STAR  shift 355
	error  reduce 269
	AND  reduce 269
	BAR  reduce 269
	BARRBRACKET  reduce 269
	CLASS  reduce 269
	COLON  reduce 269
	COLONGREATER  reduce 269
	CONSTRAINT  reduce 269
	DO  reduce 269
	DONE  reduce 269
	DOWNTO  reduce 269
	ELSE  reduce 269
	END  reduce 269
	EOF  reduce 269
	EXCEPTION  reduce 269
	EXTERNAL  reduce 269
	GREATERRBRACE  reduce 269
	IN  reduce 269
	INCLUDE  reduce 269
	INHERIT  reduce 269
	INITIALIZER  reduce 269
	LBRACKETPERCENTPERCENT  reduce 269
	LET  reduce 269
	LBRACKETATAT  reduce 269
	LBRACKETATATAT  reduce 269
	METHOD  reduce 269
	MINUSGREATER  reduce 269
	MODULE  reduce 269
	OPEN  reduce 269
	RBRACE  reduce 269
	RBRACKET  reduce 269
	RPAREN  reduce 269
	SEMI  reduce 269
	SEMISEMI  reduce 269
	HASH  reduce 269
	THEN  reduce 269
	TO  reduce 269
	TYPE  reduce 269
	VAL  reduce 269
	WITH  reduce 269

	attribute  goto 356


state 1353
	expr : expr . COLONCOLON expr  (244)
	expr : expr . INFIXOP0 expr  (245)
	expr : expr . INFIXOP1 expr  (246)
	expr : expr . INFIXOP2 expr  (247)
	expr : expr . INFIXOP3 expr  (248)
	expr : expr . INFIXOP4 expr  (249)
	expr : expr . PLUS expr  (250)
	expr : expr . PLUSDOT expr  (251)
	expr : expr . PLUSEQ expr  (252)
	expr : expr . MINUS expr  (253)
	expr : expr . MINUSDOT expr  (254)
	expr : expr . STAR expr  (255)
	expr : expr . PERCENT expr  (256)
	expr : expr . EQUAL expr  (257)
	expr : expr . LESS expr  (258)
	expr : expr . GREATER expr  (259)
	expr : expr . OR expr  (260)
	expr : expr . BARBAR expr  (261)
	expr : expr . AMPERSAND expr  (262)
	expr : expr . AMPERAMPER expr  (263)
	expr : expr . COLONEQUAL expr  (264)
	expr : simple_expr DOT LPAREN seq_expr RPAREN LESSMINUS expr .  (268)
	expr : expr . attribute  (282)
	expr_comma_list : expr . COMMA expr  (384)

	AMPERAMPER  shift 333
	AMPERSAND  shift 334
	BARBAR  shift 335
	COLONCOLON  shift 336
	COLONEQUAL  shift 337
	COMMA  shift 338
	EQUAL  shift 339
	GREATER  shift 340
	INFIXOP0  shift 341
	INFIXOP1  shift 342
	INFIXOP2  shift 343
	INFIXOP3  shift 344
	INFIXOP4  shift 345
	LESS  shift 346
	LBRACKETAT  shift 185
	MINUS  shift 347
	MINUSDOT  shift 348
	OR  shift 349
	PERCENT  shift 350
	PLUS  shift 351
	PLUSDOT  shift 352
	PLUSEQ  shift 353
	STAR  shift 355
	error  reduce 268
	AND  reduce 268
	BAR  reduce 268
	BARRBRACKET  reduce 268
	CLASS  reduce 268
	COLON  reduce 268
	COLONGREATER  reduce 268
	CONSTRAINT  reduce 268
	DO  reduce 268
	DONE  reduce 268
	DOWNTO  reduce 268
	ELSE  reduce 268
	END  reduce 268
	EOF  reduce 268
	EXCEPTION  reduce 268
	EXTERNAL  reduce 268
	GREATERRBRACE  reduce 268
	IN  reduce 268
	INCLUDE  reduce 268
	INHERIT  reduce 268
	INITIALIZER  reduce 268
	LBRACKETPERCENTPERCENT  reduce 268
	LET  reduce 268
	LBRACKETATAT  reduce 268
	LBRACKETATATAT  reduce 268
	METHOD  reduce 268
	MINUSGREATER  reduce 268
	MODULE  reduce 268
	OPEN  reduce 268
	RBRACE  reduce 268
	RBRACKET  reduce 268
	RPAREN  reduce 268
	SEMI  reduce 268
	SEMISEMI  reduce 268
	HASH  reduce 268
	THEN  reduce 268
	TO  reduce 268
	TYPE  reduce 268
	VAL  reduce 268
	WITH  reduce 268

	attribute  goto 356


state 1354
	simple_expr : simple_expr DOT mod_longident DOTOP LBRACE expr error .  (313)

	.  reduce 313


state 1355
	expr : simple_expr DOT mod_longident DOTOP LBRACE expr RBRACE . LESSMINUS expr  (276)
	simple_expr : simple_expr DOT mod_longident DOTOP LBRACE expr RBRACE .  (312)

	LESSMINUS  shift 1455
	error  reduce 312
	AMPERAMPER  reduce 312
	AMPERSAND  reduce 312
	AND  reduce 312
	BACKQUOTE  reduce 312
	BANG  reduce 312
	BAR  reduce 312
	BARBAR  reduce 312
	BARRBRACKET  reduce 312
	BEGIN  reduce 312
	CHAR  reduce 312
	CLASS  reduce 312
	COLON  reduce 312
	COLONCOLON  reduce 312
	COLONEQUAL  reduce 312
	COLONGREATER  reduce 312
	COMMA  reduce 312
	CONSTRAINT  reduce 312
	DO  reduce 312
	DONE  reduce 312
	DOT  reduce 312
	DOWNTO  reduce 312
	ELSE  reduce 312
	END  reduce 312
	EOF  reduce 312
	EQUAL  reduce 312
	EXCEPTION  reduce 312
	EXTERNAL  reduce 312
	FALSE  reduce 312
	FLOAT  reduce 312
	GREATER  reduce 312
	GREATERRBRACE  reduce 312
	IN  reduce 312
	INCLUDE  reduce 312
	INFIXOP0  reduce 312
	INFIXOP1  reduce 312
	INFIXOP2  reduce 312
	INFIXOP3  reduce 312
	INFIXOP4  reduce 312
	DOTOP  reduce 312
	INHERIT  reduce 312
	INITIALIZER  reduce 312
	INT  reduce 312
	LABEL  reduce 312
	LBRACE  reduce 312
	LBRACELESS  reduce 312
	LBRACKET  reduce 312
	LBRACKETBAR  reduce 312
	LBRACKETPERCENT  reduce 312
	LBRACKETPERCENTPERCENT  reduce 312
	LESS  reduce 312
	LET  reduce 312
	LIDENT  reduce 312
	LPAREN  reduce 312
	LBRACKETAT  reduce 312
	LBRACKETATAT  reduce 312
	LBRACKETATATAT  reduce 312
	METHOD  reduce 312
	MINUS  reduce 312
	MINUSDOT  reduce 312
	MINUSGREATER  reduce 312
	MODULE  reduce 312
	NEW  reduce 312
	OPEN  reduce 312
	OPTLABEL  reduce 312
	OR  reduce 312
	PERCENT  reduce 312
	PLUS  reduce 312
	PLUSDOT  reduce 312
	PLUSEQ  reduce 312
	PREFIXOP  reduce 312
	QUESTION  reduce 312
	RBRACE  reduce 312
	RBRACKET  reduce 312
	RPAREN  reduce 312
	SEMI  reduce 312
	SEMISEMI  reduce 312
	HASH  reduce 312
	HASHOP  reduce 312
	STAR  reduce 312
	STRING  reduce 312
	THEN  reduce 312
	TILDE  reduce 312
	TO  reduce 312
	TRUE  reduce 312
	TYPE  reduce 312
	UIDENT  reduce 312
	VAL  reduce 312
	WITH  reduce 312


state 1356
	simple_expr : simple_expr DOT mod_longident DOTOP LBRACKET expr error .  (309)

	.  reduce 309


state 1357
	expr : simple_expr DOT mod_longident DOTOP LBRACKET expr RBRACKET . LESSMINUS expr  (274)
	simple_expr : simple_expr DOT mod_longident DOTOP LBRACKET expr RBRACKET .  (308)

	LESSMINUS  shift 1456
	error  reduce 308
	AMPERAMPER  reduce 308
	AMPERSAND  reduce 308
	AND  reduce 308
	BACKQUOTE  reduce 308
	BANG  reduce 308
	BAR  reduce 308
	BARBAR  reduce 308
	BARRBRACKET  reduce 308
	BEGIN  reduce 308
	CHAR  reduce 308
	CLASS  reduce 308
	COLON  reduce 308
	COLONCOLON  reduce 308
	COLONEQUAL  reduce 308
	COLONGREATER  reduce 308
	COMMA  reduce 308
	CONSTRAINT  reduce 308
	DO  reduce 308
	DONE  reduce 308
	DOT  reduce 308
	DOWNTO  reduce 308
	ELSE  reduce 308
	END  reduce 308
	EOF  reduce 308
	EQUAL  reduce 308
	EXCEPTION  reduce 308
	EXTERNAL  reduce 308
	FALSE  reduce 308
	FLOAT  reduce 308
	GREATER  reduce 308
	GREATERRBRACE  reduce 308
	IN  reduce 308
	INCLUDE  reduce 308
	INFIXOP0  reduce 308
	INFIXOP1  reduce 308
	INFIXOP2  reduce 308
	INFIXOP3  reduce 308
	INFIXOP4  reduce 308
	DOTOP  reduce 308
	INHERIT  reduce 308
	INITIALIZER  reduce 308
	INT  reduce 308
	LABEL  reduce 308
	LBRACE  reduce 308
	LBRACELESS  reduce 308
	LBRACKET  reduce 308
	LBRACKETBAR  reduce 308
	LBRACKETPERCENT  reduce 308
	LBRACKETPERCENTPERCENT  reduce 308
	LESS  reduce 308
	LET  reduce 308
	LIDENT  reduce 308
	LPAREN  reduce 308
	LBRACKETAT  reduce 308
	LBRACKETATAT  reduce 308
	LBRACKETATATAT  reduce 308
	METHOD  reduce 308
	MINUS  reduce 308
	MINUSDOT  reduce 308
	MINUSGREATER  reduce 308
	MODULE  reduce 308
	NEW  reduce 308
	OPEN  reduce 308
	OPTLABEL  reduce 308
	OR  reduce 308
	PERCENT  reduce 308
	PLUS  reduce 308
	PLUSDOT  reduce 308
	PLUSEQ  reduce 308
	PREFIXOP  reduce 308
	QUESTION  reduce 308
	RBRACE  reduce 308
	RBRACKET  reduce 308
	RPAREN  reduce 308
	SEMI  reduce 308
	SEMISEMI  reduce 308
	HASH  reduce 308
	HASHOP  reduce 308
	STAR  reduce 308
	STRING  reduce 308
	THEN  reduce 308
	TILDE  reduce 308
	TO  reduce 308
	TRUE  reduce 308
	TYPE  reduce 308
	UIDENT  reduce 308
	VAL  reduce 308
	WITH  reduce 308


state 1358
	simple_expr : simple_expr DOT mod_longident DOTOP LPAREN expr error .  (311)

	.  reduce 311


state 1359
	expr : simple_expr DOT mod_longident DOTOP LPAREN expr RPAREN . LESSMINUS expr  (275)
	simple_expr : simple_expr DOT mod_longident DOTOP LPAREN expr RPAREN .  (310)

	LESSMINUS  shift 1457
	error  reduce 310
	AMPERAMPER  reduce 310
	AMPERSAND  reduce 310
	AND  reduce 310
	BACKQUOTE  reduce 310
	BANG  reduce 310
	BAR  reduce 310
	BARBAR  reduce 310
	BARRBRACKET  reduce 310
	BEGIN  reduce 310
	CHAR  reduce 310
	CLASS  reduce 310
	COLON  reduce 310
	COLONCOLON  reduce 310
	COLONEQUAL  reduce 310
	COLONGREATER  reduce 310
	COMMA  reduce 310
	CONSTRAINT  reduce 310
	DO  reduce 310
	DONE  reduce 310
	DOT  reduce 310
	DOWNTO  reduce 310
	ELSE  reduce 310
	END  reduce 310
	EOF  reduce 310
	EQUAL  reduce 310
	EXCEPTION  reduce 310
	EXTERNAL  reduce 310
	FALSE  reduce 310
	FLOAT  reduce 310
	GREATER  reduce 310
	GREATERRBRACE  reduce 310
	IN  reduce 310
	INCLUDE  reduce 310
	INFIXOP0  reduce 310
	INFIXOP1  reduce 310
	INFIXOP2  reduce 310
	INFIXOP3  reduce 310
	INFIXOP4  reduce 310
	DOTOP  reduce 310
	INHERIT  reduce 310
	INITIALIZER  reduce 310
	INT  reduce 310
	LABEL  reduce 310
	LBRACE  reduce 310
	LBRACELESS  reduce 310
	LBRACKET  reduce 310
	LBRACKETBAR  reduce 310
	LBRACKETPERCENT  reduce 310
	LBRACKETPERCENTPERCENT  reduce 310
	LESS  reduce 310
	LET  reduce 310
	LIDENT  reduce 310
	LPAREN  reduce 310
	LBRACKETAT  reduce 310
	LBRACKETATAT  reduce 310
	LBRACKETATATAT  reduce 310
	METHOD  reduce 310
	MINUS  reduce 310
	MINUSDOT  reduce 310
	MINUSGREATER  reduce 310
	MODULE  reduce 310
	NEW  reduce 310
	OPEN  reduce 310
	OPTLABEL  reduce 310
	OR  reduce 310
	PERCENT  reduce 310
	PLUS  reduce 310
	PLUSDOT  reduce 310
	PLUSEQ  reduce 310
	PREFIXOP  reduce 310
	QUESTION  reduce 310
	RBRACE  reduce 310
	RBRACKET  reduce 310
	RPAREN  reduce 310
	SEMI  reduce 310
	SEMISEMI  reduce 310
	HASH  reduce 310
	HASHOP  reduce 310
	STAR  reduce 310
	STRING  reduce 310
	THEN  reduce 310
	TILDE  reduce 310
	TO  reduce 310
	TRUE  reduce 310
	TYPE  reduce 310
	UIDENT  reduce 310
	VAL  reduce 310
	WITH  reduce 310


state 1360
	expr : expr . COLONCOLON expr  (244)
	expr : expr . INFIXOP0 expr  (245)
	expr : expr . INFIXOP1 expr  (246)
	expr : expr . INFIXOP2 expr  (247)
	expr : expr . INFIXOP3 expr  (248)
	expr : expr . INFIXOP4 expr  (249)
	expr : expr . PLUS expr  (250)
	expr : expr . PLUSDOT expr  (251)
	expr : expr . PLUSEQ expr  (252)
	expr : expr . MINUS expr  (253)
	expr : expr . MINUSDOT expr  (254)
	expr : expr . STAR expr  (255)
	expr : expr . PERCENT expr  (256)
	expr : expr . EQUAL expr  (257)
	expr : expr . LESS expr  (258)
	expr : expr . GREATER expr  (259)
	expr : expr . OR expr  (260)
	expr : expr . BARBAR expr  (261)
	expr : expr . AMPERSAND expr  (262)
	expr : expr . AMPERAMPER expr  (263)
	expr : expr . COLONEQUAL expr  (264)
	expr : simple_expr DOTOP LBRACE expr RBRACE LESSMINUS expr .  (273)
	expr : expr . attribute  (282)
	expr_comma_list : expr . COMMA expr  (384)

	AMPERAMPER  shift 333
	AMPERSAND  shift 334
	BARBAR  shift 335
	COLONCOLON  shift 336
	COLONEQUAL  shift 337
	COMMA  shift 338
	EQUAL  shift 339
	GREATER  shift 340
	INFIXOP0  shift 341
	INFIXOP1  shift 342
	INFIXOP2  shift 343
	INFIXOP3  shift 344
	INFIXOP4  shift 345
	LESS  shift 346
	LBRACKETAT  shift 185
	MINUS  shift 347
	MINUSDOT  shift 348
	OR  shift 349
	PERCENT  shift 350
	PLUS  shift 351
	PLUSDOT  shift 352
	PLUSEQ  shift 353
	STAR  shift 355
	error  reduce 273
	AND  reduce 273
	BAR  reduce 273
	BARRBRACKET  reduce 273
	CLASS  reduce 273
	COLON  reduce 273
	COLONGREATER  reduce 273
	CONSTRAINT  reduce 273
	DO  reduce 273
	DONE  reduce 273
	DOWNTO  reduce 273
	ELSE  reduce 273
	END  reduce 273
	EOF  reduce 273
	EXCEPTION  reduce 273
	EXTERNAL  reduce 273
	GREATERRBRACE  reduce 273
	IN  reduce 273
	INCLUDE  reduce 273
	INHERIT  reduce 273
	INITIALIZER  reduce 273
	LBRACKETPERCENTPERCENT  reduce 273
	LET  reduce 273
	LBRACKETATAT  reduce 273
	LBRACKETATATAT  reduce 273
	METHOD  reduce 273
	MINUSGREATER  reduce 273
	MODULE  reduce 273
	OPEN  reduce 273
	RBRACE  reduce 273
	RBRACKET  reduce 273
	RPAREN  reduce 273
	SEMI  reduce 273
	SEMISEMI  reduce 273
	HASH  reduce 273
	THEN  reduce 273
	TO  reduce 273
	TYPE  reduce 273
	VAL  reduce 273
	WITH  reduce 273

	attribute  goto 356


state 1361
	expr : expr . COLONCOLON expr  (244)
	expr : expr . INFIXOP0 expr  (245)
	expr : expr . INFIXOP1 expr  (246)
	expr : expr . INFIXOP2 expr  (247)
	expr : expr . INFIXOP3 expr  (248)
	expr : expr . INFIXOP4 expr  (249)
	expr : expr . PLUS expr  (250)
	expr : expr . PLUSDOT expr  (251)
	expr : expr . PLUSEQ expr  (252)
	expr : expr . MINUS expr  (253)
	expr : expr . MINUSDOT expr  (254)
	expr : expr . STAR expr  (255)
	expr : expr . PERCENT expr  (256)
	expr : expr . EQUAL expr  (257)
	expr : expr . LESS expr  (258)
	expr : expr . GREATER expr  (259)
	expr : expr . OR expr  (260)
	expr : expr . BARBAR expr  (261)
	expr : expr . AMPERSAND expr  (262)
	expr : expr . AMPERAMPER expr  (263)
	expr : expr . COLONEQUAL expr  (264)
	expr : simple_expr DOTOP LBRACKET expr RBRACKET LESSMINUS expr .  (271)
	expr : expr . attribute  (282)
	expr_comma_list : expr . COMMA expr  (384)

	AMPERAMPER  shift 333
	AMPERSAND  shift 334
	BARBAR  shift 335
	COLONCOLON  shift 336
	COLONEQUAL  shift 337
	COMMA  shift 338
	EQUAL  shift 339
	GREATER  shift 340
	INFIXOP0  shift 341
	INFIXOP1  shift 342
	INFIXOP2  shift 343
	INFIXOP3  shift 344
	INFIXOP4  shift 345
	LESS  shift 346
	LBRACKETAT  shift 185
	MINUS  shift 347
	MINUSDOT  shift 348
	OR  shift 349
	PERCENT  shift 350
	PLUS  shift 351
	PLUSDOT  shift 352
	PLUSEQ  shift 353
	STAR  shift 355
	error  reduce 271
	AND  reduce 271
	BAR  reduce 271
	BARRBRACKET  reduce 271
	CLASS  reduce 271
	COLON  reduce 271
	COLONGREATER  reduce 271
	CONSTRAINT  reduce 271
	DO  reduce 271
	DONE  reduce 271
	DOWNTO  reduce 271
	ELSE  reduce 271
	END  reduce 271
	EOF  reduce 271
	EXCEPTION  reduce 271
	EXTERNAL  reduce 271
	GREATERRBRACE  reduce 271
	IN  reduce 271
	INCLUDE  reduce 271
	INHERIT  reduce 271
	INITIALIZER  reduce 271
	LBRACKETPERCENTPERCENT  reduce 271
	LET  reduce 271
	LBRACKETATAT  reduce 271
	LBRACKETATATAT  reduce 271
	METHOD  reduce 271
	MINUSGREATER  reduce 271
	MODULE  reduce 271
	OPEN  reduce 271
	RBRACE  reduce 271
	RBRACKET  reduce 271
	RPAREN  reduce 271
	SEMI  reduce 271
	SEMISEMI  reduce 271
	HASH  reduce 271
	THEN  reduce 271
	TO  reduce 271
	TYPE  reduce 271
	VAL  reduce 271
	WITH  reduce 271

	attribute  goto 356


state 1362
	expr : expr . COLONCOLON expr  (244)
	expr : expr . INFIXOP0 expr  (245)
	expr : expr . INFIXOP1 expr  (246)
	expr : expr . INFIXOP2 expr  (247)
	expr : expr . INFIXOP3 expr  (248)
	expr : expr . INFIXOP4 expr  (249)
	expr : expr . PLUS expr  (250)
	expr : expr . PLUSDOT expr  (251)
	expr : expr . PLUSEQ expr  (252)
	expr : expr . MINUS expr  (253)
	expr : expr . MINUSDOT expr  (254)
	expr : expr . STAR expr  (255)
	expr : expr . PERCENT expr  (256)
	expr : expr . EQUAL expr  (257)
	expr : expr . LESS expr  (258)
	expr : expr . GREATER expr  (259)
	expr : expr . OR expr  (260)
	expr : expr . BARBAR expr  (261)
	expr : expr . AMPERSAND expr  (262)
	expr : expr . AMPERAMPER expr  (263)
	expr : expr . COLONEQUAL expr  (264)
	expr : simple_expr DOTOP LPAREN expr RPAREN LESSMINUS expr .  (272)
	expr : expr . attribute  (282)
	expr_comma_list : expr . COMMA expr  (384)

	AMPERAMPER  shift 333
	AMPERSAND  shift 334
	BARBAR  shift 335
	COLONCOLON  shift 336
	COLONEQUAL  shift 337
	COMMA  shift 338
	EQUAL  shift 339
	GREATER  shift 340
	INFIXOP0  shift 341
	INFIXOP1  shift 342
	INFIXOP2  shift 343
	INFIXOP3  shift 344
	INFIXOP4  shift 345
	LESS  shift 346
	LBRACKETAT  shift 185
	MINUS  shift 347
	MINUSDOT  shift 348
	OR  shift 349
	PERCENT  shift 350
	PLUS  shift 351
	PLUSDOT  shift 352
	PLUSEQ  shift 353
	STAR  shift 355
	error  reduce 272
	AND  reduce 272
	BAR  reduce 272
	BARRBRACKET  reduce 272
	CLASS  reduce 272
	COLON  reduce 272
	COLONGREATER  reduce 272
	CONSTRAINT  reduce 272
	DO  reduce 272
	DONE  reduce 272
	DOWNTO  reduce 272
	ELSE  reduce 272
	END  reduce 272
	EOF  reduce 272
	EXCEPTION  reduce 272
	EXTERNAL  reduce 272
	GREATERRBRACE  reduce 272
	IN  reduce 272
	INCLUDE  reduce 272
	INHERIT  reduce 272
	INITIALIZER  reduce 272
	LBRACKETPERCENTPERCENT  reduce 272
	LET  reduce 272
	LBRACKETATAT  reduce 272
	LBRACKETATATAT  reduce 272
	METHOD  reduce 272
	MINUSGREATER  reduce 272
	MODULE  reduce 272
	OPEN  reduce 272
	RBRACE  reduce 272
	RBRACKET  reduce 272
	RPAREN  reduce 272
	SEMI  reduce 272
	SEMISEMI  reduce 272
	HASH  reduce 272
	THEN  reduce 272
	TO  reduce 272
	TYPE  reduce 272
	VAL  reduce 272
	WITH  reduce 272

	attribute  goto 356


state 1363
	class_description : CLASS ext_attributes virtual_flag class_type_parameters LIDENT COLON class_type . post_item_attributes  (198)
	post_item_attributes : .  (787)

	LBRACKETATAT  shift 326
	error  reduce 787
	AND  reduce 787
	CLASS  reduce 787
	END  reduce 787
	EOF  reduce 787
	EXCEPTION  reduce 787
	EXTERNAL  reduce 787
	INCLUDE  reduce 787
	LBRACKETPERCENTPERCENT  reduce 787
	LBRACKETATATAT  reduce 787
	MODULE  reduce 787
	OPEN  reduce 787
	RBRACKET  reduce 787
	SEMISEMI  reduce 787
	TYPE  reduce 787
	VAL  reduce 787

	post_item_attributes  goto 1458
	post_item_attribute  goto 328


state 1364
	module_type : FUNCTOR attributes functor_args MINUSGREATER module_type .  (78)
	module_type : module_type . MINUSGREATER module_type  (79)
	module_type : module_type . WITH with_constraints  (80)
	module_type : module_type . attribute  (85)

	LBRACKETAT  shift 185
	MINUSGREATER  shift 865
	WITH  shift 866
	error  reduce 78
	AND  reduce 78
	CLASS  reduce 78
	COLONGREATER  reduce 78
	END  reduce 78
	EOF  reduce 78
	EQUAL  reduce 78
	EXCEPTION  reduce 78
	EXTERNAL  reduce 78
	INCLUDE  reduce 78
	LBRACKETPERCENTPERCENT  reduce 78
	LET  reduce 78
	LBRACKETATAT  reduce 78
	LBRACKETATATAT  reduce 78
	MODULE  reduce 78
	OPEN  reduce 78
	RBRACKET  reduce 78
	RPAREN  reduce 78
	SEMISEMI  reduce 78
	HASH  reduce 78
	TYPE  reduce 78
	VAL  reduce 78

	attribute  goto 868


state 1365
	module_expr : module_expr . paren_module_expr  (30)
	module_expr : module_expr . LPAREN RPAREN  (31)
	module_expr : module_expr . attribute  (33)
	module_type : MODULE TYPE OF attributes module_expr .  (81)

	LPAREN  shift 769
	LBRACKETAT  shift 185
	error  reduce 81
	AND  reduce 81
	CLASS  reduce 81
	COLONGREATER  reduce 81
	END  reduce 81
	EOF  reduce 81
	EQUAL  reduce 81
	EXCEPTION  reduce 81
	EXTERNAL  reduce 81
	INCLUDE  reduce 81
	LBRACKETPERCENTPERCENT  reduce 81
	LET  reduce 81
	LBRACKETATAT  reduce 81
	LBRACKETATATAT  reduce 81
	MINUSGREATER  reduce 81
	MODULE  reduce 81
	OPEN  reduce 81
	RBRACKET  reduce 81
	RPAREN  reduce 81
	SEMISEMI  reduce 81
	HASH  reduce 81
	TYPE  reduce 81
	VAL  reduce 81
	WITH  reduce 81

	paren_module_expr  goto 771
	attribute  goto 772


state 1366
	with_constraint : MODULE mod_longident COLONEQUAL . mod_ext_longident  (552)

	UIDENT  shift 145
	.  error

	mod_ext_longident  goto 1459


state 1367
	with_constraint : MODULE mod_longident EQUAL . mod_ext_longident  (551)

	UIDENT  shift 145
	.  error

	mod_ext_longident  goto 1460


state 1368
	with_constraint : TYPE optional_type_parameters label_longident . with_type_binder core_type_no_attr constraints  (549)
	with_constraint : TYPE optional_type_parameters label_longident . COLONEQUAL core_type_no_attr  (550)

	COLONEQUAL  shift 1461
	EQUAL  shift 1462
	.  error

	with_type_binder  goto 1463


state 1369
	with_constraints : with_constraints AND with_constraint .  (548)

	.  reduce 548


state 1370
	rec_module_declaration : MODULE ext_attributes REC UIDENT COLON module_type post_item_attributes .  (113)

	.  reduce 113


state 1371
	module_type : module_type . MINUSGREATER module_type  (79)
	module_type : module_type . WITH with_constraints  (80)
	module_type : module_type . attribute  (85)
	module_declaration_body : LPAREN UIDENT COLON module_type . RPAREN module_declaration_body  (107)

	LBRACKETAT  shift 185
	MINUSGREATER  shift 865
	RPAREN  shift 1464
	WITH  shift 866
	.  error

	attribute  goto 868


state 1372
	sig_type_extension : TYPE ext_attributes nonrec_flag optional_type_parameters type_longident PLUSEQ private_flag . sig_extension_constructors post_item_attributes  (533)

	BAR  shift 1465
	FALSE  shift 496
	LBRACKET  shift 497
	LPAREN  shift 498
	TRUE  shift 499
	UIDENT  shift 500
	.  error

	constr_ident  goto 1466
	sig_extension_constructors  goto 1467
	extension_constructor_declaration  goto 1468
	bar_extension_constructor_declaration  goto 1469


state 1373
	and_module_declaration : AND attributes UIDENT COLON module_type post_item_attributes .  (114)

	.  reduce 114


state 1374
	and_class_description : AND attributes virtual_flag class_type_parameters LIDENT COLON . class_type post_item_attributes  (199)

	LBRACKET  shift 1261
	LBRACKETLESS  shift 136
	LBRACKETGREATER  shift 137
	LBRACKETPERCENT  shift 30
	LESS  shift 138
	LET  shift 1262
	LIDENT  shift 1263
	LPAREN  shift 140
	OBJECT  shift 1264
	OPTLABEL  shift 1265
	QUESTION  shift 1266
	QUOTE  shift 143
	HASH  shift 144
	UIDENT  shift 145
	UNDERSCORE  shift 146
	.  error

	extension  goto 1267
	class_type  goto 1470
	class_signature  goto 1269
	simple_core_type_or_tuple  goto 1270
	clty_longident  goto 1271
	simple_core_type  goto 151
	type_longident  goto 152
	mod_ext_longident  goto 1272
	simple_core_type2  goto 156


state 1375
	amper_type_list : amper_type_list AMPERSAND core_type_no_attr .  (601)

	.  reduce 601


state 1376
	field_semi : label COLON poly_type_no_attr attributes SEMI attributes .  (618)

	.  reduce 618


state 1377
	simple_pattern_not_ident : LPAREN MODULE ext_attributes UIDENT COLON package_type error .  (450)

	.  reduce 450


state 1378
	simple_pattern_not_ident : LPAREN MODULE ext_attributes UIDENT COLON package_type RPAREN .  (449)

	.  reduce 449


state 1379
	simple_expr : simple_expr DOT mod_longident DOTOP LBRACE expr RBRACE .  (312)

	.  reduce 312


state 1380
	simple_expr : simple_expr DOT mod_longident DOTOP LBRACKET expr RBRACKET .  (308)

	.  reduce 308


state 1381
	simple_expr : simple_expr DOT mod_longident DOTOP LPAREN expr RPAREN .  (310)

	.  reduce 310


state 1382
	class_signature : LBRACKET . core_type_comma_list RBRACKET clty_longident  (173)

	LBRACKET  shift 135
	LBRACKETLESS  shift 136
	LBRACKETGREATER  shift 137
	LBRACKETPERCENT  shift 30
	LESS  shift 138
	LIDENT  shift 139
	LPAREN  shift 140
	OPTLABEL  shift 141
	QUESTION  shift 142
	QUOTE  shift 143
	HASH  shift 144
	UIDENT  shift 145
	UNDERSCORE  shift 146
	.  error

	core_type  goto 431
	extension  goto 149
	core_type_comma_list  goto 1387
	simple_core_type_or_tuple  goto 150
	simple_core_type  goto 151
	type_longident  goto 152
	core_type_no_attr  goto 153
	mod_ext_longident  goto 154
	core_type2  goto 155
	simple_core_type2  goto 156


state 1383
	clty_longident : LIDENT .  (692)

	.  reduce 692


state 1384
	class_signature : extension .  (178)

	.  reduce 178


state 1385
	class_signature : class_signature . attribute  (177)
	class_type_declaration : CLASS TYPE ext_attributes virtual_flag class_type_parameters LIDENT EQUAL class_signature . post_item_attributes  (202)
	post_item_attributes : .  (787)

	LBRACKETAT  shift 185
	LBRACKETATAT  shift 326
	error  reduce 787
	AND  reduce 787
	CLASS  reduce 787
	END  reduce 787
	EOF  reduce 787
	EXCEPTION  reduce 787
	EXTERNAL  reduce 787
	INCLUDE  reduce 787
	LBRACKETPERCENTPERCENT  reduce 787
	LET  reduce 787
	LBRACKETATATAT  reduce 787
	MODULE  reduce 787
	OPEN  reduce 787
	RBRACKET  reduce 787
	SEMISEMI  reduce 787
	HASH  reduce 787
	TYPE  reduce 787
	VAL  reduce 787

	post_item_attributes  goto 1471
	attribute  goto 1395
	post_item_attribute  goto 328


state 1386
	mod_ext_longident : mod_ext_longident . DOT UIDENT  (688)
	mod_ext_longident : mod_ext_longident . LPAREN mod_ext_longident RPAREN  (689)
	clty_longident : mod_ext_longident . DOT LIDENT  (693)

	DOT  shift 1472
	LPAREN  shift 443
	.  error


state 1387
	class_signature : LBRACKET core_type_comma_list . RBRACKET clty_longident  (173)
	core_type_comma_list : core_type_comma_list . COMMA core_type  (607)

	COMMA  shift 676
	RBRACKET  shift 1473
	.  error


state 1388
	row_field : simple_core_type .  (595)
	simple_core_type_or_tuple : simple_core_type .  (604)
	simple_core_type_or_tuple : simple_core_type . STAR core_type_list  (605)

	STAR  shift 441
	AS  reduce 604
	BAR  reduce 595
	COMMA  reduce 604
	LBRACKETAT  reduce 604
	MINUSGREATER  reduce 604
	RBRACKET  reduce 604


state 1389
	class_signature : LET OPEN . override_flag attributes mod_longident IN class_signature  (179)
	override_flag : .  (721)

	BANG  shift 317
	LBRACKETAT  reduce 721
	UIDENT  reduce 721

	override_flag  goto 1474


state 1390
	class_type : LIDENT COLON . simple_core_type_or_tuple MINUSGREATER class_type  (171)

	LBRACKET  shift 135
	LBRACKETLESS  shift 136
	LBRACKETGREATER  shift 137
	LBRACKETPERCENT  shift 30
	LESS  shift 138
	LIDENT  shift 411
	LPAREN  shift 140
	QUOTE  shift 143
	HASH  shift 144
	UIDENT  shift 145
	UNDERSCORE  shift 146
	.  error

	extension  goto 149
	simple_core_type_or_tuple  goto 1475
	simple_core_type  goto 151
	type_longident  goto 152
	mod_ext_longident  goto 154
	simple_core_type2  goto 156


state 1391
	class_signature : OBJECT attributes . class_sig_body END  (175)
	class_signature : OBJECT attributes . class_sig_body error  (176)
	class_self_type : .  (182)

	LPAREN  shift 1476
	error  reduce 182
	CONSTRAINT  reduce 182
	END  reduce 182
	INHERIT  reduce 182
	LBRACKETPERCENTPERCENT  reduce 182
	LBRACKETATATAT  reduce 182
	METHOD  reduce 182
	VAL  reduce 182

	class_sig_body  goto 1477
	class_self_type  goto 1478


state 1392
	class_type : OPTLABEL simple_core_type_or_tuple . MINUSGREATER class_type  (170)

	MINUSGREATER  shift 1479
	.  error


state 1393
	class_type : QUESTION LIDENT . COLON simple_core_type_or_tuple MINUSGREATER class_type  (169)

	COLON  shift 1480
	.  error


state 1394
	class_fun_binding : COLON class_type EQUAL . class_expr  (123)

	FUN  shift 1273
	LBRACKET  shift 1274
	LBRACKETPERCENT  shift 30
	LET  shift 1275
	LIDENT  shift 436
	LPAREN  shift 1276
	OBJECT  shift 1277
	UIDENT  shift 51
	.  error

	mod_longident  goto 437
	extension  goto 1278
	let_bindings  goto 1279
	class_expr  goto 1481
	class_simple_expr  goto 1281
	class_longident  goto 1282
	let_binding  goto 92


state 1395
	class_signature : class_signature attribute .  (177)

	.  reduce 177


state 1396
	class_type : simple_core_type_or_tuple MINUSGREATER . class_type  (172)

	LBRACKET  shift 1261
	LBRACKETLESS  shift 136
	LBRACKETGREATER  shift 137
	LBRACKETPERCENT  shift 30
	LESS  shift 138
	LET  shift 1262
	LIDENT  shift 1263
	LPAREN  shift 140
	OBJECT  shift 1264
	OPTLABEL  shift 1265
	QUESTION  shift 1266
	QUOTE  shift 143
	HASH  shift 144
	UIDENT  shift 145
	UNDERSCORE  shift 146
	.  error

	extension  goto 1267
	class_type  goto 1482
	class_signature  goto 1269
	simple_core_type_or_tuple  goto 1270
	clty_longident  goto 1271
	simple_core_type  goto 151
	type_longident  goto 152
	mod_ext_longident  goto 1272
	simple_core_type2  goto 156


state 1397
	type_longident : mod_ext_longident DOT . LIDENT  (684)
	mod_ext_longident : mod_ext_longident DOT . UIDENT  (688)
	clty_longident : mod_ext_longident DOT . LIDENT  (693)

	LIDENT  shift 1483
	UIDENT  shift 684
	.  error


state 1398
	class_expr : FUN attributes . class_fun_def  (130)

	BACKQUOTE  shift 10
	CHAR  shift 13
	FALSE  shift 17
	FLOAT  shift 18
	INT  shift 24
	LABEL  shift 505
	LBRACE  shift 162
	LBRACKET  shift 163
	LBRACKETBAR  shift 164
	LBRACKETPERCENT  shift 30
	LIDENT  shift 165
	LPAREN  shift 166
	MINUS  shift 167
	OPTLABEL  shift 507
	PLUS  shift 168
	QUESTION  shift 508
	HASH  shift 169
	STRING  shift 47
	TILDE  shift 509
	TRUE  shift 48
	UIDENT  shift 51
	UNDERSCORE  shift 170
	.  error

	mod_longident  goto 173
	extension  goto 174
	labeled_simple_pattern  goto 1484
	class_fun_def  goto 1485
	simple_pattern  goto 511
	constr_longident  goto 512
	name_tag  goto 513
	constant  goto 178
	val_ident  goto 179
	simple_pattern_not_ident  goto 180
	signed_constant  goto 183
	simple_delimited_pattern  goto 184


state 1399
	class_simple_expr : LBRACKET core_type_comma_list . RBRACKET class_longident  (136)
	core_type_comma_list : core_type_comma_list . COMMA core_type  (607)

	COMMA  shift 676
	RBRACKET  shift 1486
	.  error


state 1400
	class_expr : LET OPEN . override_flag attributes mod_longident IN class_expr  (133)
	override_flag : .  (721)

	BANG  shift 317
	LBRACKETAT  reduce 721
	UIDENT  reduce 721

	override_flag  goto 1487


state 1401
	class_expr : class_expr . attribute  (134)
	class_simple_expr : LPAREN class_expr . COLON class_type RPAREN  (140)
	class_simple_expr : LPAREN class_expr . COLON class_type error  (141)
	class_simple_expr : LPAREN class_expr . RPAREN  (142)
	class_simple_expr : LPAREN class_expr . error  (143)

	error  shift 1488
	COLON  shift 1489
	LBRACKETAT  shift 185
	RPAREN  shift 1490
	.  error

	attribute  goto 1404


state 1402
	class_simple_expr : OBJECT attributes . class_structure END  (138)
	class_simple_expr : OBJECT attributes . class_structure error  (139)
	class_self_pattern : .  (147)

	LPAREN  shift 569
	error  reduce 147
	CONSTRAINT  reduce 147
	END  reduce 147
	INHERIT  reduce 147
	INITIALIZER  reduce 147
	LBRACKETPERCENTPERCENT  reduce 147
	LBRACKETATATAT  reduce 147
	METHOD  reduce 147
	VAL  reduce 147

	class_structure  goto 1491
	class_self_pattern  goto 571


state 1403
	class_expr : let_bindings IN . class_expr  (132)

	FUN  shift 1273
	LBRACKET  shift 1274
	LBRACKETPERCENT  shift 30
	LET  shift 1275
	LIDENT  shift 436
	LPAREN  shift 1276
	OBJECT  shift 1277
	UIDENT  shift 51
	.  error

	mod_longident  goto 437
	extension  goto 1278
	let_bindings  goto 1279
	class_expr  goto 1492
	class_simple_expr  goto 1281
	class_longident  goto 1282
	let_binding  goto 92


state 1404
	class_expr : class_expr attribute .  (134)

	.  reduce 134


state 1405
	class_expr : class_simple_expr simple_labeled_expr_list .  (131)
	simple_labeled_expr_list : simple_labeled_expr_list . labeled_simple_expr  (349)

	BACKQUOTE  shift 10
	BANG  shift 11
	BEGIN  shift 12
	CHAR  shift 13
	FALSE  shift 17
	FLOAT  shift 18
	INT  shift 24
	LABEL  shift 372
	LBRACE  shift 26
	LBRACELESS  shift 27
	LBRACKET  shift 28
	LBRACKETBAR  shift 29
	LBRACKETPERCENT  shift 30
	LIDENT  shift 165
	LPAREN  shift 34
	NEW  shift 40
	OPTLABEL  shift 373
	PREFIXOP  shift 45
	QUESTION  shift 374
	STRING  shift 47
	TILDE  shift 377
	TRUE  shift 48
	UIDENT  shift 51
	error  reduce 131
	AND  reduce 131
	AS  reduce 131
	CLASS  reduce 131
	COLON  reduce 131
	CONSTRAINT  reduce 131
	END  reduce 131
	EOF  reduce 131
	EXCEPTION  reduce 131
	EXTERNAL  reduce 131
	INCLUDE  reduce 131
	INHERIT  reduce 131
	INITIALIZER  reduce 131
	LBRACKETPERCENTPERCENT  reduce 131
	LET  reduce 131
	LBRACKETAT  reduce 131
	LBRACKETATAT  reduce 131
	LBRACKETATATAT  reduce 131
	METHOD  reduce 131
	MODULE  reduce 131
	OPEN  reduce 131
	RBRACKET  reduce 131
	RPAREN  reduce 131
	SEMISEMI  reduce 131
	HASH  reduce 131
	TYPE  reduce 131
	VAL  reduce 131

	mod_longident  goto 59
	extension  goto 60
	simple_expr  goto 379
	constr_longident  goto 193
	name_tag  goto 194
	val_longident  goto 89
	constant  goto 90
	labeled_simple_expr  goto 634
	label_expr  goto 381
	val_ident  goto 91


state 1406
	label_declaration : mutable_flag label COLON . poly_type_no_attr attributes  (530)
	label_declaration_semi : mutable_flag label COLON . poly_type_no_attr attributes SEMI attributes  (531)

	LBRACKET  shift 135
	LBRACKETLESS  shift 136
	LBRACKETGREATER  shift 137
	LBRACKETPERCENT  shift 30
	LESS  shift 138
	LIDENT  shift 139
	LPAREN  shift 140
	OPTLABEL  shift 141
	QUESTION  shift 142
	QUOTE  shift 887
	HASH  shift 144
	UIDENT  shift 145
	UNDERSCORE  shift 146
	.  error

	extension  goto 149
	simple_core_type_or_tuple  goto 150
	typevar_list  goto 888
	simple_core_type  goto 151
	type_longident  goto 152
	poly_type_no_attr  goto 1493
	core_type_no_attr  goto 890
	mod_ext_longident  goto 154
	core_type2  goto 155
	simple_core_type2  goto 156


state 1407
	primitive_declaration_body : STRING primitive_declaration_body .  (477)

	.  reduce 477


state 1408
	primitive_declaration : EXTERNAL ext_attributes val_ident COLON core_type EQUAL primitive_declaration_body post_item_attributes .  (478)

	.  reduce 478


state 1409
	expr : FOR ext_attributes pattern EQUAL seq_expr direction_flag seq_expr DO . seq_expr DONE  (243)

	ASSERT  shift 9
	BACKQUOTE  shift 10
	BANG  shift 11
	BEGIN  shift 12
	CHAR  shift 13
	FALSE  shift 17
	FLOAT  shift 18
	FOR  shift 19
	FUN  shift 20
	FUNCTION  shift 21
	IF  shift 22
	INT  shift 24
	LAZY  shift 25
	LBRACE  shift 26
	LBRACELESS  shift 27
	LBRACKET  shift 28
	LBRACKETBAR  shift 29
	LBRACKETPERCENT  shift 30
	LET  shift 32
	LIDENT  shift 33
	LPAREN  shift 34
	MATCH  shift 36
	MINUS  shift 37
	MINUSDOT  shift 38
	NEW  shift 40
	OBJECT  shift 41
	PLUS  shift 43
	PLUSDOT  shift 44
	PREFIXOP  shift 45
	STRING  shift 47
	TRUE  shift 48
	TRY  shift 49
	UIDENT  shift 51
	UNDERSCORE  shift 52
	WHILE  shift 54
	.  error

	seq_expr  goto 1494
	mod_longident  goto 59
	extension  goto 60
	expr  goto 61
	let_bindings  goto 159
	label  goto 81
	simple_expr  goto 83
	expr_comma_list  goto 84
	constr_longident  goto 85
	name_tag  goto 86
	subtractive  goto 87
	additive  goto 88
	val_longident  goto 89
	constant  goto 90
	val_ident  goto 91
	let_binding  goto 92


state 1410
	fun_def : LPAREN TYPE lident_list RPAREN fun_def .  (382)

	.  reduce 382


state 1411
	match_case : pattern WHEN seq_expr MINUSGREATER seq_expr .  (377)

	.  reduce 377


state 1412
	paren_module_expr : LPAREN VAL attributes expr COLON error .  (43)

	.  reduce 43


state 1413
	paren_module_expr : LPAREN VAL attributes expr COLON package_type . RPAREN  (40)
	paren_module_expr : LPAREN VAL attributes expr COLON package_type . COLONGREATER package_type RPAREN  (41)

	COLONGREATER  shift 1495
	RPAREN  shift 1496
	.  error


state 1414
	paren_module_expr : LPAREN VAL attributes expr COLONGREATER error .  (44)

	.  reduce 44


state 1415
	paren_module_expr : LPAREN VAL attributes expr COLONGREATER package_type . RPAREN  (42)

	RPAREN  shift 1497
	.  error


state 1416
	let_binding_body : val_ident COLON TYPE lident_list DOT . core_type EQUAL seq_expr  (362)

	LBRACKET  shift 135
	LBRACKETLESS  shift 136
	LBRACKETGREATER  shift 137
	LBRACKETPERCENT  shift 30
	LESS  shift 138
	LIDENT  shift 139
	LPAREN  shift 140
	OPTLABEL  shift 141
	QUESTION  shift 142
	QUOTE  shift 143
	HASH  shift 144
	UIDENT  shift 145
	UNDERSCORE  shift 146
	.  error

	core_type  goto 1498
	extension  goto 149
	simple_core_type_or_tuple  goto 150
	simple_core_type  goto 151
	type_longident  goto 152
	core_type_no_attr  goto 153
	mod_ext_longident  goto 154
	core_type2  goto 155
	simple_core_type2  goto 156


state 1417
	let_binding_body : val_ident COLON typevar_list DOT core_type . EQUAL seq_expr  (361)
	core_type : core_type . attribute  (562)

	EQUAL  shift 1499
	LBRACKETAT  shift 185
	.  error

	attribute  goto 440


state 1418
	strict_binding : LPAREN TYPE lident_list RPAREN . fun_binding  (373)

	BACKQUOTE  shift 10
	CHAR  shift 13
	COLON  shift 526
	COLONGREATER  shift 527
	EQUAL  shift 979
	FALSE  shift 17
	FLOAT  shift 18
	INT  shift 24
	LABEL  shift 505
	LBRACE  shift 162
	LBRACKET  shift 163
	LBRACKETBAR  shift 164
	LBRACKETPERCENT  shift 30
	LIDENT  shift 165
	LPAREN  shift 980
	MINUS  shift 167
	OPTLABEL  shift 507
	PLUS  shift 168
	QUESTION  shift 508
	HASH  shift 169
	STRING  shift 47
	TILDE  shift 509
	TRUE  shift 48
	UIDENT  shift 51
	UNDERSCORE  shift 170
	.  error

	mod_longident  goto 173
	extension  goto 174
	labeled_simple_pattern  goto 981
	type_constraint  goto 1172
	strict_binding  goto 1173
	simple_pattern  goto 511
	constr_longident  goto 512
	name_tag  goto 513
	constant  goto 178
	val_ident  goto 179
	simple_pattern_not_ident  goto 180
	fun_binding  goto 1500
	signed_constant  goto 183
	simple_delimited_pattern  goto 184


state 1419
	fun_binding : type_constraint EQUAL seq_expr .  (370)

	.  reduce 370


state 1420
	let_binding_body : simple_pattern_not_ident COLON core_type EQUAL seq_expr .  (364)

	.  reduce 364


state 1421
	functor_arg : LPAREN functor_arg_name COLON module_type RPAREN .  (21)

	.  reduce 21


state 1422
	constrain_field : core_type EQUAL . core_type  (195)

	LBRACKET  shift 135
	LBRACKETLESS  shift 136
	LBRACKETGREATER  shift 137
	LBRACKETPERCENT  shift 30
	LESS  shift 138
	LIDENT  shift 139
	LPAREN  shift 140
	OPTLABEL  shift 141
	QUESTION  shift 142
	QUOTE  shift 143
	HASH  shift 144
	UIDENT  shift 145
	UNDERSCORE  shift 146
	.  error

	core_type  goto 1501
	extension  goto 149
	simple_core_type_or_tuple  goto 150
	simple_core_type  goto 151
	type_longident  goto 152
	core_type_no_attr  goto 153
	mod_ext_longident  goto 154
	core_type2  goto 155
	simple_core_type2  goto 156


state 1423
	class_field : CONSTRAINT attributes constrain_field post_item_attributes .  (153)

	.  reduce 153


state 1424
	class_expr : class_expr . attribute  (134)
	class_field : INHERIT override_flag attributes class_expr . parent_binder post_item_attributes  (150)
	parent_binder : .  (158)

	AS  shift 1502
	LBRACKETAT  shift 185
	error  reduce 158
	CONSTRAINT  reduce 158
	END  reduce 158
	INHERIT  reduce 158
	INITIALIZER  reduce 158
	LBRACKETPERCENTPERCENT  reduce 158
	LBRACKETATAT  reduce 158
	LBRACKETATATAT  reduce 158
	METHOD  reduce 158
	VAL  reduce 158

	attribute  goto 1404
	parent_binder  goto 1503


state 1425
	class_field : INITIALIZER attributes seq_expr post_item_attributes .  (154)

	.  reduce 154


state 1426
	method_ : override_flag attributes PRIVATE . VIRTUAL label COLON poly_type  (163)
	private_flag : PRIVATE .  (711)

	VIRTUAL  shift 1504
	LIDENT  reduce 711


state 1427
	method_ : override_flag attributes VIRTUAL . private_flag label COLON poly_type  (164)
	private_flag : .  (710)

	PRIVATE  shift 1345
	LIDENT  reduce 710

	private_flag  goto 1505


state 1428
	method_ : override_flag attributes private_flag . label strict_binding  (165)
	method_ : override_flag attributes private_flag . label COLON poly_type EQUAL seq_expr  (166)
	method_ : override_flag attributes private_flag . label COLON TYPE lident_list DOT core_type EQUAL seq_expr  (167)

	LIDENT  shift 214
	.  error

	label  goto 1506


state 1429
	value : override_flag attributes MUTABLE . VIRTUAL label COLON core_type  (159)
	mutable_flag : MUTABLE .  (713)

	VIRTUAL  shift 1507
	LIDENT  reduce 713


state 1430
	value : override_flag attributes VIRTUAL . mutable_flag label COLON core_type  (160)
	mutable_flag : .  (712)

	MUTABLE  shift 1128
	LIDENT  reduce 712

	mutable_flag  goto 1508


state 1431
	value : override_flag attributes mutable_flag . label EQUAL seq_expr  (161)
	value : override_flag attributes mutable_flag . label type_constraint EQUAL seq_expr  (162)

	LIDENT  shift 214
	.  error

	label  goto 1509


state 1432
	bar_constructor_declaration : BAR constr_ident . generalized_constructor_arguments attributes  (516)
	generalized_constructor_arguments : .  (521)

	COLON  shift 736
	OF  shift 738
	error  reduce 521
	AND  reduce 521
	BAR  reduce 521
	CLASS  reduce 521
	CONSTRAINT  reduce 521
	END  reduce 521
	EOF  reduce 521
	EXCEPTION  reduce 521
	EXTERNAL  reduce 521
	INCLUDE  reduce 521
	LBRACKETPERCENTPERCENT  reduce 521
	LET  reduce 521
	LBRACKETAT  reduce 521
	LBRACKETATAT  reduce 521
	LBRACKETATATAT  reduce 521
	MODULE  reduce 521
	OPEN  reduce 521
	RBRACKET  reduce 521
	SEMISEMI  reduce 521
	HASH  reduce 521
	TYPE  reduce 521
	VAL  reduce 521

	generalized_constructor_arguments  goto 1510


state 1433
	type_kind : EQUAL PRIVATE DOTDOT .  (491)

	.  reduce 491


state 1434
	type_kind : EQUAL PRIVATE core_type .  (487)
	core_type : core_type . attribute  (562)

	LBRACKETAT  shift 185
	error  reduce 487
	AND  reduce 487
	CLASS  reduce 487
	CONSTRAINT  reduce 487
	END  reduce 487
	EOF  reduce 487
	EXCEPTION  reduce 487
	EXTERNAL  reduce 487
	INCLUDE  reduce 487
	LBRACKETPERCENTPERCENT  reduce 487
	LET  reduce 487
	LBRACKETATAT  reduce 487
	LBRACKETATATAT  reduce 487
	MODULE  reduce 487
	OPEN  reduce 487
	RBRACKET  reduce 487
	SEMISEMI  reduce 487
	HASH  reduce 487
	TYPE  reduce 487
	VAL  reduce 487

	attribute  goto 440


state 1435
	type_kind : EQUAL PRIVATE constructor_declarations .  (489)
	constructor_declarations : constructor_declarations . bar_constructor_declaration  (514)

	BAR  shift 1438
	error  reduce 489
	AND  reduce 489
	CLASS  reduce 489
	CONSTRAINT  reduce 489
	END  reduce 489
	EOF  reduce 489
	EXCEPTION  reduce 489
	EXTERNAL  reduce 489
	INCLUDE  reduce 489
	LBRACKETPERCENTPERCENT  reduce 489
	LET  reduce 489
	LBRACKETATAT  reduce 489
	LBRACKETATATAT  reduce 489
	MODULE  reduce 489
	OPEN  reduce 489
	RBRACKET  reduce 489
	SEMISEMI  reduce 489
	HASH  reduce 489
	TYPE  reduce 489
	VAL  reduce 489

	bar_constructor_declaration  goto 1439


state 1436
	type_kind : EQUAL core_type EQUAL . private_flag constructor_declarations  (493)
	type_kind : EQUAL core_type EQUAL . private_flag DOTDOT  (494)
	type_kind : EQUAL core_type EQUAL . private_flag LBRACE label_declarations RBRACE  (495)
	private_flag : .  (710)

	PRIVATE  shift 1345
	BAR  reduce 710
	DOTDOT  reduce 710
	FALSE  reduce 710
	LBRACE  reduce 710
	LBRACKET  reduce 710
	LPAREN  reduce 710
	TRUE  reduce 710
	UIDENT  reduce 710

	private_flag  goto 1511


state 1437
	type_kind : EQUAL private_flag LBRACE . label_declarations RBRACE  (492)
	mutable_flag : .  (712)

	MUTABLE  shift 1128
	LIDENT  reduce 712

	mutable_flag  goto 1129
	label_declarations  goto 1512
	label_declaration  goto 1131
	label_declaration_semi  goto 1132


state 1438
	bar_constructor_declaration : BAR . constr_ident generalized_constructor_arguments attributes  (516)

	FALSE  shift 496
	LBRACKET  shift 497
	LPAREN  shift 498
	TRUE  shift 499
	UIDENT  shift 500
	.  error

	constr_ident  goto 1432


state 1439
	constructor_declarations : constructor_declarations bar_constructor_declaration .  (514)

	.  reduce 514


state 1440
	constructor_declaration : constr_ident generalized_constructor_arguments . attributes  (515)
	attributes : .  (789)

	LBRACKETAT  shift 185
	error  reduce 789
	AND  reduce 789
	BAR  reduce 789
	CLASS  reduce 789
	CONSTRAINT  reduce 789
	END  reduce 789
	EOF  reduce 789
	EXCEPTION  reduce 789
	EXTERNAL  reduce 789
	INCLUDE  reduce 789
	LBRACKETPERCENTPERCENT  reduce 789
	LET  reduce 789
	LBRACKETATAT  reduce 789
	LBRACKETATATAT  reduce 789
	MODULE  reduce 789
	OPEN  reduce 789
	RBRACKET  reduce 789
	SEMISEMI  reduce 789
	HASH  reduce 789
	TYPE  reduce 789
	VAL  reduce 789

	attributes  goto 1513
	attribute  goto 487


state 1441
	constraints : constraints CONSTRAINT . constrain  (483)

	LBRACKET  shift 135
	LBRACKETLESS  shift 136
	LBRACKETGREATER  shift 137
	LBRACKETPERCENT  shift 30
	LESS  shift 138
	LIDENT  shift 139
	LPAREN  shift 140
	OPTLABEL  shift 141
	QUESTION  shift 142
	QUOTE  shift 143
	HASH  shift 144
	UIDENT  shift 145
	UNDERSCORE  shift 146
	.  error

	core_type  goto 1514
	extension  goto 149
	simple_core_type_or_tuple  goto 150
	constrain  goto 1515
	simple_core_type  goto 151
	type_longident  goto 152
	core_type_no_attr  goto 153
	mod_ext_longident  goto 154
	core_type2  goto 155
	simple_core_type2  goto 156


state 1442
	type_declaration : TYPE ext_attributes nonrec_flag optional_type_parameters LIDENT type_kind constraints post_item_attributes .  (481)

	.  reduce 481


state 1443
	bar_extension_constructor_declaration : BAR . constr_ident generalized_constructor_arguments attributes  (544)
	bar_extension_constructor_rebind : BAR . constr_ident EQUAL constr_longident attributes  (546)

	FALSE  shift 496
	LBRACKET  shift 497
	LPAREN  shift 498
	TRUE  shift 499
	UIDENT  shift 500
	.  error

	constr_ident  goto 1516


state 1444
	extension_constructor_declaration : constr_ident . generalized_constructor_arguments attributes  (543)
	extension_constructor_rebind : constr_ident . EQUAL constr_longident attributes  (545)
	generalized_constructor_arguments : .  (521)

	COLON  shift 736
	EQUAL  shift 1517
	OF  shift 738
	error  reduce 521
	BAR  reduce 521
	CLASS  reduce 521
	END  reduce 521
	EOF  reduce 521
	EXCEPTION  reduce 521
	EXTERNAL  reduce 521
	INCLUDE  reduce 521
	LBRACKETPERCENTPERCENT  reduce 521
	LET  reduce 521
	LBRACKETAT  reduce 521
	LBRACKETATAT  reduce 521
	LBRACKETATATAT  reduce 521
	MODULE  reduce 521
	OPEN  reduce 521
	RBRACKET  reduce 521
	SEMISEMI  reduce 521
	HASH  reduce 521
	TYPE  reduce 521
	VAL  reduce 521

	generalized_constructor_arguments  goto 1518


state 1445
	str_type_extension : TYPE ext_attributes nonrec_flag optional_type_parameters type_longident PLUSEQ private_flag str_extension_constructors . post_item_attributes  (532)
	str_extension_constructors : str_extension_constructors . bar_extension_constructor_declaration  (538)
	str_extension_constructors : str_extension_constructors . bar_extension_constructor_rebind  (539)
	post_item_attributes : .  (787)

	BAR  shift 1443
	LBRACKETATAT  shift 326
	error  reduce 787
	CLASS  reduce 787
	END  reduce 787
	EOF  reduce 787
	EXCEPTION  reduce 787
	EXTERNAL  reduce 787
	INCLUDE  reduce 787
	LBRACKETPERCENTPERCENT  reduce 787
	LET  reduce 787
	LBRACKETATATAT  reduce 787
	MODULE  reduce 787
	OPEN  reduce 787
	RBRACKET  reduce 787
	SEMISEMI  reduce 787
	HASH  reduce 787
	TYPE  reduce 787
	VAL  reduce 787

	post_item_attributes  goto 1519
	bar_extension_constructor_declaration  goto 1520
	bar_extension_constructor_rebind  goto 1521
	post_item_attribute  goto 328


state 1446
	str_extension_constructors : extension_constructor_declaration .  (534)

	.  reduce 534


state 1447
	str_extension_constructors : bar_extension_constructor_declaration .  (535)

	.  reduce 535


state 1448
	str_extension_constructors : extension_constructor_rebind .  (536)

	.  reduce 536


state 1449
	str_extension_constructors : bar_extension_constructor_rebind .  (537)

	.  reduce 537


state 1450
	simple_expr : mod_longident DOT LPAREN MODULE ext_attributes module_expr COLON error .  (346)

	.  reduce 346


state 1451
	simple_expr : mod_longident DOT LPAREN MODULE ext_attributes module_expr COLON package_type . RPAREN  (345)

	RPAREN  shift 1522
	.  error


state 1452
	and_type_declaration : AND attributes optional_type_parameters LIDENT type_kind constraints post_item_attributes .  (482)

	.  reduce 482


state 1453
	and_class_declaration : AND attributes virtual_flag class_type_parameters LIDENT class_fun_binding post_item_attributes .  (121)

	.  reduce 121


state 1454
	class_signature : class_signature . attribute  (177)
	and_class_type_declaration : AND attributes virtual_flag class_type_parameters LIDENT EQUAL class_signature . post_item_attributes  (203)
	post_item_attributes : .  (787)

	LBRACKETAT  shift 185
	LBRACKETATAT  shift 326
	error  reduce 787
	AND  reduce 787
	CLASS  reduce 787
	END  reduce 787
	EOF  reduce 787
	EXCEPTION  reduce 787
	EXTERNAL  reduce 787
	INCLUDE  reduce 787
	LBRACKETPERCENTPERCENT  reduce 787
	LET  reduce 787
	LBRACKETATATAT  reduce 787
	MODULE  reduce 787
	OPEN  reduce 787
	RBRACKET  reduce 787
	SEMISEMI  reduce 787
	HASH  reduce 787
	TYPE  reduce 787
	VAL  reduce 787

	post_item_attributes  goto 1523
	attribute  goto 1395
	post_item_attribute  goto 328


state 1455
	expr : simple_expr DOT mod_longident DOTOP LBRACE expr RBRACE LESSMINUS . expr  (276)

	ASSERT  shift 9
	BACKQUOTE  shift 10
	BANG  shift 11
	BEGIN  shift 12
	CHAR  shift 13
	FALSE  shift 17
	FLOAT  shift 18
	FOR  shift 19
	FUN  shift 20
	FUNCTION  shift 21
	IF  shift 22
	INT  shift 24
	LAZY  shift 25
	LBRACE  shift 26
	LBRACELESS  shift 27
	LBRACKET  shift 28
	LBRACKETBAR  shift 29
	LBRACKETPERCENT  shift 30
	LET  shift 32
	LIDENT  shift 33
	LPAREN  shift 34
	MATCH  shift 36
	MINUS  shift 37
	MINUSDOT  shift 38
	NEW  shift 40
	OBJECT  shift 41
	PLUS  shift 43
	PLUSDOT  shift 44
	PREFIXOP  shift 45
	STRING  shift 47
	TRUE  shift 48
	TRY  shift 49
	UIDENT  shift 51
	UNDERSCORE  shift 52
	WHILE  shift 54
	.  error

	mod_longident  goto 59
	extension  goto 60
	expr  goto 1524
	let_bindings  goto 159
	label  goto 81
	simple_expr  goto 83
	expr_comma_list  goto 84
	constr_longident  goto 85
	name_tag  goto 86
	subtractive  goto 87
	additive  goto 88
	val_longident  goto 89
	constant  goto 90
	val_ident  goto 91
	let_binding  goto 92


state 1456
	expr : simple_expr DOT mod_longident DOTOP LBRACKET expr RBRACKET LESSMINUS . expr  (274)

	ASSERT  shift 9
	BACKQUOTE  shift 10
	BANG  shift 11
	BEGIN  shift 12
	CHAR  shift 13
	FALSE  shift 17
	FLOAT  shift 18
	FOR  shift 19
	FUN  shift 20
	FUNCTION  shift 21
	IF  shift 22
	INT  shift 24
	LAZY  shift 25
	LBRACE  shift 26
	LBRACELESS  shift 27
	LBRACKET  shift 28
	LBRACKETBAR  shift 29
	LBRACKETPERCENT  shift 30
	LET  shift 32
	LIDENT  shift 33
	LPAREN  shift 34
	MATCH  shift 36
	MINUS  shift 37
	MINUSDOT  shift 38
	NEW  shift 40
	OBJECT  shift 41
	PLUS  shift 43
	PLUSDOT  shift 44
	PREFIXOP  shift 45
	STRING  shift 47
	TRUE  shift 48
	TRY  shift 49
	UIDENT  shift 51
	UNDERSCORE  shift 52
	WHILE  shift 54
	.  error

	mod_longident  goto 59
	extension  goto 60
	expr  goto 1525
	let_bindings  goto 159
	label  goto 81
	simple_expr  goto 83
	expr_comma_list  goto 84
	constr_longident  goto 85
	name_tag  goto 86
	subtractive  goto 87
	additive  goto 88
	val_longident  goto 89
	constant  goto 90
	val_ident  goto 91
	let_binding  goto 92


state 1457
	expr : simple_expr DOT mod_longident DOTOP LPAREN expr RPAREN LESSMINUS . expr  (275)

	ASSERT  shift 9
	BACKQUOTE  shift 10
	BANG  shift 11
	BEGIN  shift 12
	CHAR  shift 13
	FALSE  shift 17
	FLOAT  shift 18
	FOR  shift 19
	FUN  shift 20
	FUNCTION  shift 21
	IF  shift 22
	INT  shift 24
	LAZY  shift 25
	LBRACE  shift 26
	LBRACELESS  shift 27
	LBRACKET  shift 28
	LBRACKETBAR  shift 29
	LBRACKETPERCENT  shift 30
	LET  shift 32
	LIDENT  shift 33
	LPAREN  shift 34
	MATCH  shift 36
	MINUS  shift 37
	MINUSDOT  shift 38
	NEW  shift 40
	OBJECT  shift 41
	PLUS  shift 43
	PLUSDOT  shift 44
	PREFIXOP  shift 45
	STRING  shift 47
	TRUE  shift 48
	TRY  shift 49
	UIDENT  shift 51
	UNDERSCORE  shift 52
	WHILE  shift 54
	.  error

	mod_longident  goto 59
	extension  goto 60
	expr  goto 1526
	let_bindings  goto 159
	label  goto 81
	simple_expr  goto 83
	expr_comma_list  goto 84
	constr_longident  goto 85
	name_tag  goto 86
	subtractive  goto 87
	additive  goto 88
	val_longident  goto 89
	constant  goto 90
	val_ident  goto 91
	let_binding  goto 92


state 1458
	class_description : CLASS ext_attributes virtual_flag class_type_parameters LIDENT COLON class_type post_item_attributes .  (198)

	.  reduce 198


state 1459
	with_constraint : MODULE mod_longident COLONEQUAL mod_ext_longident .  (552)
	mod_ext_longident : mod_ext_longident . DOT UIDENT  (688)
	mod_ext_longident : mod_ext_longident . LPAREN mod_ext_longident RPAREN  (689)

	DOT  shift 901
	LPAREN  shift 443
	error  reduce 552
	AND  reduce 552
	CLASS  reduce 552
	COLONGREATER  reduce 552
	END  reduce 552
	EOF  reduce 552
	EQUAL  reduce 552
	EXCEPTION  reduce 552
	EXTERNAL  reduce 552
	INCLUDE  reduce 552
	LBRACKETPERCENTPERCENT  reduce 552
	LET  reduce 552
	LBRACKETAT  reduce 552
	LBRACKETATAT  reduce 552
	LBRACKETATATAT  reduce 552
	MINUSGREATER  reduce 552
	MODULE  reduce 552
	OPEN  reduce 552
	RBRACKET  reduce 552
	RPAREN  reduce 552
	SEMISEMI  reduce 552
	HASH  reduce 552
	TYPE  reduce 552
	VAL  reduce 552
	WITH  reduce 552


state 1460
	with_constraint : MODULE mod_longident EQUAL mod_ext_longident .  (551)
	mod_ext_longident : mod_ext_longident . DOT UIDENT  (688)
	mod_ext_longident : mod_ext_longident . LPAREN mod_ext_longident RPAREN  (689)

	DOT  shift 901
	LPAREN  shift 443
	error  reduce 551
	AND  reduce 551
	CLASS  reduce 551
	COLONGREATER  reduce 551
	END  reduce 551
	EOF  reduce 551
	EQUAL  reduce 551
	EXCEPTION  reduce 551
	EXTERNAL  reduce 551
	INCLUDE  reduce 551
	LBRACKETPERCENTPERCENT  reduce 551
	LET  reduce 551
	LBRACKETAT  reduce 551
	LBRACKETATAT  reduce 551
	LBRACKETATATAT  reduce 551
	MINUSGREATER  reduce 551
	MODULE  reduce 551
	OPEN  reduce 551
	RBRACKET  reduce 551
	RPAREN  reduce 551
	SEMISEMI  reduce 551
	HASH  reduce 551
	TYPE  reduce 551
	VAL  reduce 551
	WITH  reduce 551


state 1461
	with_constraint : TYPE optional_type_parameters label_longident COLONEQUAL . core_type_no_attr  (550)

	LBRACKET  shift 135
	LBRACKETLESS  shift 136
	LBRACKETGREATER  shift 137
	LBRACKETPERCENT  shift 30
	LESS  shift 138
	LIDENT  shift 139
	LPAREN  shift 140
	OPTLABEL  shift 141
	QUESTION  shift 142
	QUOTE  shift 143
	HASH  shift 144
	UIDENT  shift 145
	UNDERSCORE  shift 146
	.  error

	extension  goto 149
	simple_core_type_or_tuple  goto 150
	simple_core_type  goto 151
	type_longident  goto 152
	core_type_no_attr  goto 1527
	mod_ext_longident  goto 154
	core_type2  goto 155
	simple_core_type2  goto 156


state 1462
	with_type_binder : EQUAL .  (553)
	with_type_binder : EQUAL . PRIVATE  (554)

	PRIVATE  shift 1528
	LBRACKET  reduce 553
	LBRACKETLESS  reduce 553
	LBRACKETGREATER  reduce 553
	LBRACKETPERCENT  reduce 553
	LESS  reduce 553
	LIDENT  reduce 553
	LPAREN  reduce 553
	OPTLABEL  reduce 553
	QUESTION  reduce 553
	QUOTE  reduce 553
	HASH  reduce 553
	UIDENT  reduce 553
	UNDERSCORE  reduce 553


state 1463
	with_constraint : TYPE optional_type_parameters label_longident with_type_binder . core_type_no_attr constraints  (549)

	LBRACKET  shift 135
	LBRACKETLESS  shift 136
	LBRACKETGREATER  shift 137
	LBRACKETPERCENT  shift 30
	LESS  shift 138
	LIDENT  shift 139
	LPAREN  shift 140
	OPTLABEL  shift 141
	QUESTION  shift 142
	QUOTE  shift 143
	HASH  shift 144
	UIDENT  shift 145
	UNDERSCORE  shift 146
	.  error

	extension  goto 149
	simple_core_type_or_tuple  goto 150
	simple_core_type  goto 151
	type_longident  goto 152
	core_type_no_attr  goto 1529
	mod_ext_longident  goto 154
	core_type2  goto 155
	simple_core_type2  goto 156


state 1464
	module_declaration_body : LPAREN UIDENT COLON module_type RPAREN . module_declaration_body  (107)

	COLON  shift 871
	LPAREN  shift 873
	.  error

	module_declaration_body  goto 1530


state 1465
	bar_extension_constructor_declaration : BAR . constr_ident generalized_constructor_arguments attributes  (544)

	FALSE  shift 496
	LBRACKET  shift 497
	LPAREN  shift 498
	TRUE  shift 499
	UIDENT  shift 500
	.  error

	constr_ident  goto 1531


state 1466
	extension_constructor_declaration : constr_ident . generalized_constructor_arguments attributes  (543)
	generalized_constructor_arguments : .  (521)

	COLON  shift 736
	OF  shift 738
	error  reduce 521
	BAR  reduce 521
	CLASS  reduce 521
	END  reduce 521
	EOF  reduce 521
	EXCEPTION  reduce 521
	EXTERNAL  reduce 521
	INCLUDE  reduce 521
	LBRACKETPERCENTPERCENT  reduce 521
	LBRACKETAT  reduce 521
	LBRACKETATAT  reduce 521
	LBRACKETATATAT  reduce 521
	MODULE  reduce 521
	OPEN  reduce 521
	RBRACKET  reduce 521
	SEMISEMI  reduce 521
	TYPE  reduce 521
	VAL  reduce 521

	generalized_constructor_arguments  goto 1518


state 1467
	sig_type_extension : TYPE ext_attributes nonrec_flag optional_type_parameters type_longident PLUSEQ private_flag sig_extension_constructors . post_item_attributes  (533)
	sig_extension_constructors : sig_extension_constructors . bar_extension_constructor_declaration  (542)
	post_item_attributes : .  (787)

	BAR  shift 1465
	LBRACKETATAT  shift 326
	error  reduce 787
	CLASS  reduce 787
	END  reduce 787
	EOF  reduce 787
	EXCEPTION  reduce 787
	EXTERNAL  reduce 787
	INCLUDE  reduce 787
	LBRACKETPERCENTPERCENT  reduce 787
	LBRACKETATATAT  reduce 787
	MODULE  reduce 787
	OPEN  reduce 787
	RBRACKET  reduce 787
	SEMISEMI  reduce 787
	TYPE  reduce 787
	VAL  reduce 787

	post_item_attributes  goto 1532
	bar_extension_constructor_declaration  goto 1533
	post_item_attribute  goto 328


state 1468
	sig_extension_constructors : extension_constructor_declaration .  (540)

	.  reduce 540


state 1469
	sig_extension_constructors : bar_extension_constructor_declaration .  (541)

	.  reduce 541


state 1470
	and_class_description : AND attributes virtual_flag class_type_parameters LIDENT COLON class_type . post_item_attributes  (199)
	post_item_attributes : .  (787)

	LBRACKETATAT  shift 326
	error  reduce 787
	AND  reduce 787
	CLASS  reduce 787
	END  reduce 787
	EOF  reduce 787
	EXCEPTION  reduce 787
	EXTERNAL  reduce 787
	INCLUDE  reduce 787
	LBRACKETPERCENTPERCENT  reduce 787
	LBRACKETATATAT  reduce 787
	MODULE  reduce 787
	OPEN  reduce 787
	RBRACKET  reduce 787
	SEMISEMI  reduce 787
	TYPE  reduce 787
	VAL  reduce 787

	post_item_attributes  goto 1534
	post_item_attribute  goto 328


state 1471
	class_type_declaration : CLASS TYPE ext_attributes virtual_flag class_type_parameters LIDENT EQUAL class_signature post_item_attributes .  (202)

	.  reduce 202


state 1472
	mod_ext_longident : mod_ext_longident DOT . UIDENT  (688)
	clty_longident : mod_ext_longident DOT . LIDENT  (693)

	LIDENT  shift 1535
	UIDENT  shift 684
	.  error


state 1473
	class_signature : LBRACKET core_type_comma_list RBRACKET . clty_longident  (173)

	LIDENT  shift 1383
	UIDENT  shift 145
	.  error

	clty_longident  goto 1536
	mod_ext_longident  goto 1386


state 1474
	class_signature : LET OPEN override_flag . attributes mod_longident IN class_signature  (179)
	attributes : .  (789)

	LBRACKETAT  shift 185
	UIDENT  reduce 789

	attributes  goto 1537
	attribute  goto 487


state 1475
	class_type : LIDENT COLON simple_core_type_or_tuple . MINUSGREATER class_type  (171)

	MINUSGREATER  shift 1538
	.  error


state 1476
	class_self_type : LPAREN . core_type RPAREN  (181)

	LBRACKET  shift 135
	LBRACKETLESS  shift 136
	LBRACKETGREATER  shift 137
	LBRACKETPERCENT  shift 30
	LESS  shift 138
	LIDENT  shift 139
	LPAREN  shift 140
	OPTLABEL  shift 141
	QUESTION  shift 142
	QUOTE  shift 143
	HASH  shift 144
	UIDENT  shift 145
	UNDERSCORE  shift 146
	.  error

	core_type  goto 1539
	extension  goto 149
	simple_core_type_or_tuple  goto 150
	simple_core_type  goto 151
	type_longident  goto 152
	core_type_no_attr  goto 153
	mod_ext_longident  goto 154
	core_type2  goto 155
	simple_core_type2  goto 156


state 1477
	class_signature : OBJECT attributes class_sig_body . END  (175)
	class_signature : OBJECT attributes class_sig_body . error  (176)

	error  shift 1540
	END  shift 1541
	.  error


state 1478
	class_sig_body : class_self_type . class_sig_fields  (180)
	class_sig_fields : .  (183)

	.  reduce 183

	class_sig_fields  goto 1542


state 1479
	class_type : OPTLABEL simple_core_type_or_tuple MINUSGREATER . class_type  (170)

	LBRACKET  shift 1261
	LBRACKETLESS  shift 136
	LBRACKETGREATER  shift 137
	LBRACKETPERCENT  shift 30
	LESS  shift 138
	LET  shift 1262
	LIDENT  shift 1263
	LPAREN  shift 140
	OBJECT  shift 1264
	OPTLABEL  shift 1265
	QUESTION  shift 1266
	QUOTE  shift 143
	HASH  shift 144
	UIDENT  shift 145
	UNDERSCORE  shift 146
	.  error

	extension  goto 1267
	class_type  goto 1543
	class_signature  goto 1269
	simple_core_type_or_tuple  goto 1270
	clty_longident  goto 1271
	simple_core_type  goto 151
	type_longident  goto 152
	mod_ext_longident  goto 1272
	simple_core_type2  goto 156


state 1480
	class_type : QUESTION LIDENT COLON . simple_core_type_or_tuple MINUSGREATER class_type  (169)

	LBRACKET  shift 135
	LBRACKETLESS  shift 136
	LBRACKETGREATER  shift 137
	LBRACKETPERCENT  shift 30
	LESS  shift 138
	LIDENT  shift 411
	LPAREN  shift 140
	QUOTE  shift 143
	HASH  shift 144
	UIDENT  shift 145
	UNDERSCORE  shift 146
	.  error

	extension  goto 149
	simple_core_type_or_tuple  goto 1544
	simple_core_type  goto 151
	type_longident  goto 152
	mod_ext_longident  goto 154
	simple_core_type2  goto 156


state 1481
	class_fun_binding : COLON class_type EQUAL class_expr .  (123)
	class_expr : class_expr . attribute  (134)

	LBRACKETAT  shift 185
	error  reduce 123
	AND  reduce 123
	CLASS  reduce 123
	END  reduce 123
	EOF  reduce 123
	EXCEPTION  reduce 123
	EXTERNAL  reduce 123
	INCLUDE  reduce 123
	LBRACKETPERCENTPERCENT  reduce 123
	LET  reduce 123
	LBRACKETATAT  reduce 123
	LBRACKETATATAT  reduce 123
	MODULE  reduce 123
	OPEN  reduce 123
	RBRACKET  reduce 123
	SEMISEMI  reduce 123
	HASH  reduce 123
	TYPE  reduce 123
	VAL  reduce 123

	attribute  goto 1404


state 1482
	class_type : simple_core_type_or_tuple MINUSGREATER class_type .  (172)

	.  reduce 172


state 1483
	type_longident : mod_ext_longident DOT LIDENT .  (684)
	clty_longident : mod_ext_longident DOT LIDENT .  (693)

	error  reduce 693
	AND  reduce 693
	CLASS  reduce 693
	END  reduce 693
	EOF  reduce 693
	EQUAL  reduce 693
	EXCEPTION  reduce 693
	EXTERNAL  reduce 693
	INCLUDE  reduce 693
	LBRACKETPERCENTPERCENT  reduce 693
	LIDENT  reduce 684
	LBRACKETAT  reduce 693
	LBRACKETATAT  reduce 693
	LBRACKETATATAT  reduce 693
	MINUSGREATER  reduce 684
	MODULE  reduce 693
	OPEN  reduce 693
	RBRACKET  reduce 693
	RPAREN  reduce 693
	SEMISEMI  reduce 693
	HASH  reduce 684
	STAR  reduce 684
	TYPE  reduce 693
	UIDENT  reduce 684
	VAL  reduce 693


state 1484
	class_fun_def : labeled_simple_pattern . MINUSGREATER class_expr  (127)
	class_fun_def : labeled_simple_pattern . class_fun_def  (128)

	BACKQUOTE  shift 10
	CHAR  shift 13
	FALSE  shift 17
	FLOAT  shift 18
	INT  shift 24
	LABEL  shift 505
	LBRACE  shift 162
	LBRACKET  shift 163
	LBRACKETBAR  shift 164
	LBRACKETPERCENT  shift 30
	LIDENT  shift 165
	LPAREN  shift 166
	MINUS  shift 167
	MINUSGREATER  shift 1545
	OPTLABEL  shift 507
	PLUS  shift 168
	QUESTION  shift 508
	HASH  shift 169
	STRING  shift 47
	TILDE  shift 509
	TRUE  shift 48
	UIDENT  shift 51
	UNDERSCORE  shift 170
	.  error

	mod_longident  goto 173
	extension  goto 174
	labeled_simple_pattern  goto 1484
	class_fun_def  goto 1546
	simple_pattern  goto 511
	constr_longident  goto 512
	name_tag  goto 513
	constant  goto 178
	val_ident  goto 179
	simple_pattern_not_ident  goto 180
	signed_constant  goto 183
	simple_delimited_pattern  goto 184


state 1485
	class_expr : FUN attributes class_fun_def .  (130)

	.  reduce 130


state 1486
	class_simple_expr : LBRACKET core_type_comma_list RBRACKET . class_longident  (136)

	LIDENT  shift 436
	UIDENT  shift 51
	.  error

	mod_longident  goto 437
	class_longident  goto 1547


state 1487
	class_expr : LET OPEN override_flag . attributes mod_longident IN class_expr  (133)
	attributes : .  (789)

	LBRACKETAT  shift 185
	UIDENT  reduce 789

	attributes  goto 1548
	attribute  goto 487


state 1488
	class_simple_expr : LPAREN class_expr error .  (143)

	.  reduce 143


state 1489
	class_simple_expr : LPAREN class_expr COLON . class_type RPAREN  (140)
	class_simple_expr : LPAREN class_expr COLON . class_type error  (141)

	LBRACKET  shift 1261
	LBRACKETLESS  shift 136
	LBRACKETGREATER  shift 137
	LBRACKETPERCENT  shift 30
	LESS  shift 138
	LET  shift 1262
	LIDENT  shift 1263
	LPAREN  shift 140
	OBJECT  shift 1264
	OPTLABEL  shift 1265
	QUESTION  shift 1266
	QUOTE  shift 143
	HASH  shift 144
	UIDENT  shift 145
	UNDERSCORE  shift 146
	.  error

	extension  goto 1267
	class_type  goto 1549
	class_signature  goto 1269
	simple_core_type_or_tuple  goto 1270
	clty_longident  goto 1271
	simple_core_type  goto 151
	type_longident  goto 152
	mod_ext_longident  goto 1272
	simple_core_type2  goto 156


state 1490
	class_simple_expr : LPAREN class_expr RPAREN .  (142)

	.  reduce 142


state 1491
	class_simple_expr : OBJECT attributes class_structure . END  (138)
	class_simple_expr : OBJECT attributes class_structure . error  (139)

	error  shift 1550
	END  shift 1551
	.  error


state 1492
	class_expr : let_bindings IN class_expr .  (132)
	class_expr : class_expr . attribute  (134)

	LBRACKETAT  shift 185
	error  reduce 132
	AND  reduce 132
	AS  reduce 132
	CLASS  reduce 132
	COLON  reduce 132
	CONSTRAINT  reduce 132
	END  reduce 132
	EOF  reduce 132
	EXCEPTION  reduce 132
	EXTERNAL  reduce 132
	INCLUDE  reduce 132
	INHERIT  reduce 132
	INITIALIZER  reduce 132
	LBRACKETPERCENTPERCENT  reduce 132
	LET  reduce 132
	LBRACKETATAT  reduce 132
	LBRACKETATATAT  reduce 132
	METHOD  reduce 132
	MODULE  reduce 132
	OPEN  reduce 132
	RBRACKET  reduce 132
	RPAREN  reduce 132
	SEMISEMI  reduce 132
	HASH  reduce 132
	TYPE  reduce 132
	VAL  reduce 132

	attribute  goto 1404


state 1493
	label_declaration : mutable_flag label COLON poly_type_no_attr . attributes  (530)
	label_declaration_semi : mutable_flag label COLON poly_type_no_attr . attributes SEMI attributes  (531)
	attributes : .  (789)

	LBRACKETAT  shift 185
	RBRACE  reduce 789
	SEMI  reduce 789

	attributes  goto 1552
	attribute  goto 487


state 1494
	expr : FOR ext_attributes pattern EQUAL seq_expr direction_flag seq_expr DO seq_expr . DONE  (243)

	DONE  shift 1553
	.  error


state 1495
	paren_module_expr : LPAREN VAL attributes expr COLON package_type COLONGREATER . package_type RPAREN  (41)

	FUNCTOR  shift 638
	LBRACKETPERCENT  shift 30
	LIDENT  shift 189
	LPAREN  shift 639
	MODULE  shift 640
	SIG  shift 641
	UIDENT  shift 642
	.  error

	module_type  goto 892
	extension  goto 644
	package_type  goto 1554
	mty_longident  goto 645
	ident  goto 646
	mod_ext_longident  goto 647


state 1496
	paren_module_expr : LPAREN VAL attributes expr COLON package_type RPAREN .  (40)

	.  reduce 40


state 1497
	paren_module_expr : LPAREN VAL attributes expr COLONGREATER package_type RPAREN .  (42)

	.  reduce 42


state 1498
	let_binding_body : val_ident COLON TYPE lident_list DOT core_type . EQUAL seq_expr  (362)
	core_type : core_type . attribute  (562)

	EQUAL  shift 1555
	LBRACKETAT  shift 185
	.  error

	attribute  goto 440


state 1499
	let_binding_body : val_ident COLON typevar_list DOT core_type EQUAL . seq_expr  (361)

	ASSERT  shift 9
	BACKQUOTE  shift 10
	BANG  shift 11
	BEGIN  shift 12
	CHAR  shift 13
	FALSE  shift 17
	FLOAT  shift 18
	FOR  shift 19
	FUN  shift 20
	FUNCTION  shift 21
	IF  shift 22
	INT  shift 24
	LAZY  shift 25
	LBRACE  shift 26
	LBRACELESS  shift 27
	LBRACKET  shift 28
	LBRACKETBAR  shift 29
	LBRACKETPERCENT  shift 30
	LET  shift 32
	LIDENT  shift 33
	LPAREN  shift 34
	MATCH  shift 36
	MINUS  shift 37
	MINUSDOT  shift 38
	NEW  shift 40
	OBJECT  shift 41
	PLUS  shift 43
	PLUSDOT  shift 44
	PREFIXOP  shift 45
	STRING  shift 47
	TRUE  shift 48
	TRY  shift 49
	UIDENT  shift 51
	UNDERSCORE  shift 52
	WHILE  shift 54
	.  error

	seq_expr  goto 1556
	mod_longident  goto 59
	extension  goto 60
	expr  goto 61
	let_bindings  goto 159
	label  goto 81
	simple_expr  goto 83
	expr_comma_list  goto 84
	constr_longident  goto 85
	name_tag  goto 86
	subtractive  goto 87
	additive  goto 88
	val_longident  goto 89
	constant  goto 90
	val_ident  goto 91
	let_binding  goto 92


state 1500
	strict_binding : LPAREN TYPE lident_list RPAREN fun_binding .  (373)

	.  reduce 373


state 1501
	constrain_field : core_type EQUAL core_type .  (195)
	core_type : core_type . attribute  (562)

	LBRACKETAT  shift 185
	error  reduce 195
	CONSTRAINT  reduce 195
	END  reduce 195
	INHERIT  reduce 195
	INITIALIZER  reduce 195
	LBRACKETPERCENTPERCENT  reduce 195
	LBRACKETATAT  reduce 195
	LBRACKETATATAT  reduce 195
	METHOD  reduce 195
	VAL  reduce 195

	attribute  goto 440


state 1502
	parent_binder : AS . LIDENT  (157)

	LIDENT  shift 1557
	.  error


state 1503
	class_field : INHERIT override_flag attributes class_expr parent_binder . post_item_attributes  (150)
	post_item_attributes : .  (787)

	LBRACKETATAT  shift 326
	error  reduce 787
	CONSTRAINT  reduce 787
	END  reduce 787
	INHERIT  reduce 787
	INITIALIZER  reduce 787
	LBRACKETPERCENTPERCENT  reduce 787
	LBRACKETATATAT  reduce 787
	METHOD  reduce 787
	VAL  reduce 787

	post_item_attributes  goto 1558
	post_item_attribute  goto 328


state 1504
	method_ : override_flag attributes PRIVATE VIRTUAL . label COLON poly_type  (163)

	LIDENT  shift 214
	.  error

	label  goto 1559


state 1505
	method_ : override_flag attributes VIRTUAL private_flag . label COLON poly_type  (164)

	LIDENT  shift 214
	.  error

	label  goto 1560


state 1506
	method_ : override_flag attributes private_flag label . strict_binding  (165)
	method_ : override_flag attributes private_flag label . COLON poly_type EQUAL seq_expr  (166)
	method_ : override_flag attributes private_flag label . COLON TYPE lident_list DOT core_type EQUAL seq_expr  (167)

	BACKQUOTE  shift 10
	CHAR  shift 13
	COLON  shift 1561
	EQUAL  shift 979
	FALSE  shift 17
	FLOAT  shift 18
	INT  shift 24
	LABEL  shift 505
	LBRACE  shift 162
	LBRACKET  shift 163
	LBRACKETBAR  shift 164
	LBRACKETPERCENT  shift 30
	LIDENT  shift 165
	LPAREN  shift 980
	MINUS  shift 167
	OPTLABEL  shift 507
	PLUS  shift 168
	QUESTION  shift 508
	HASH  shift 169
	STRING  shift 47
	TILDE  shift 509
	TRUE  shift 48
	UIDENT  shift 51
	UNDERSCORE  shift 170
	.  error

	mod_longident  goto 173
	extension  goto 174
	labeled_simple_pattern  goto 981
	strict_binding  goto 1562
	simple_pattern  goto 511
	constr_longident  goto 512
	name_tag  goto 513
	constant  goto 178
	val_ident  goto 179
	simple_pattern_not_ident  goto 180
	signed_constant  goto 183
	simple_delimited_pattern  goto 184


state 1507
	value : override_flag attributes MUTABLE VIRTUAL . label COLON core_type  (159)

	LIDENT  shift 214
	.  error

	label  goto 1563


state 1508
	value : override_flag attributes VIRTUAL mutable_flag . label COLON core_type  (160)

	LIDENT  shift 214
	.  error

	label  goto 1564


state 1509
	value : override_flag attributes mutable_flag label . EQUAL seq_expr  (161)
	value : override_flag attributes mutable_flag label . type_constraint EQUAL seq_expr  (162)

	COLON  shift 526
	COLONGREATER  shift 527
	EQUAL  shift 1565
	.  error

	type_constraint  goto 1566


state 1510
	bar_constructor_declaration : BAR constr_ident generalized_constructor_arguments . attributes  (516)
	attributes : .  (789)

	LBRACKETAT  shift 185
	error  reduce 789
	AND  reduce 789
	BAR  reduce 789
	CLASS  reduce 789
	CONSTRAINT  reduce 789
	END  reduce 789
	EOF  reduce 789
	EXCEPTION  reduce 789
	EXTERNAL  reduce 789
	INCLUDE  reduce 789
	LBRACKETPERCENTPERCENT  reduce 789
	LET  reduce 789
	LBRACKETATAT  reduce 789
	LBRACKETATATAT  reduce 789
	MODULE  reduce 789
	OPEN  reduce 789
	RBRACKET  reduce 789
	SEMISEMI  reduce 789
	HASH  reduce 789
	TYPE  reduce 789
	VAL  reduce 789

	attributes  goto 1567
	attribute  goto 487


state 1511
	type_kind : EQUAL core_type EQUAL private_flag . constructor_declarations  (493)
	type_kind : EQUAL core_type EQUAL private_flag . DOTDOT  (494)
	type_kind : EQUAL core_type EQUAL private_flag . LBRACE label_declarations RBRACE  (495)

	BAR  shift 1332
	DOTDOT  shift 1568
	FALSE  shift 496
	LBRACE  shift 1569
	LBRACKET  shift 497
	LPAREN  shift 498
	TRUE  shift 499
	UIDENT  shift 500
	.  error

	constructor_declarations  goto 1570
	constructor_declaration  goto 1341
	bar_constructor_declaration  goto 1342
	constr_ident  goto 1343


state 1512
	type_kind : EQUAL private_flag LBRACE label_declarations . RBRACE  (492)

	RBRACE  shift 1571
	.  error


state 1513
	constructor_declaration : constr_ident generalized_constructor_arguments attributes .  (515)

	.  reduce 515


state 1514
	constrain : core_type . EQUAL core_type  (194)
	core_type : core_type . attribute  (562)

	EQUAL  shift 1572
	LBRACKETAT  shift 185
	.  error

	attribute  goto 440


state 1515
	constraints : constraints CONSTRAINT constrain .  (483)

	.  reduce 483


state 1516
	bar_extension_constructor_declaration : BAR constr_ident . generalized_constructor_arguments attributes  (544)
	bar_extension_constructor_rebind : BAR constr_ident . EQUAL constr_longident attributes  (546)
	generalized_constructor_arguments : .  (521)

	COLON  shift 736
	EQUAL  shift 1573
	OF  shift 738
	error  reduce 521
	BAR  reduce 521
	CLASS  reduce 521
	END  reduce 521
	EOF  reduce 521
	EXCEPTION  reduce 521
	EXTERNAL  reduce 521
	INCLUDE  reduce 521
	LBRACKETPERCENTPERCENT  reduce 521
	LET  reduce 521
	LBRACKETAT  reduce 521
	LBRACKETATAT  reduce 521
	LBRACKETATATAT  reduce 521
	MODULE  reduce 521
	OPEN  reduce 521
	RBRACKET  reduce 521
	SEMISEMI  reduce 521
	HASH  reduce 521
	TYPE  reduce 521
	VAL  reduce 521

	generalized_constructor_arguments  goto 1574


state 1517
	extension_constructor_rebind : constr_ident EQUAL . constr_longident attributes  (545)

	FALSE  shift 17
	LBRACKET  shift 939
	LPAREN  shift 940
	TRUE  shift 48
	UIDENT  shift 51
	.  error

	mod_longident  goto 941
	constr_longident  goto 1575


state 1518
	extension_constructor_declaration : constr_ident generalized_constructor_arguments . attributes  (543)
	attributes : .  (789)

	LBRACKETAT  shift 185
	error  reduce 789
	BAR  reduce 789
	CLASS  reduce 789
	END  reduce 789
	EOF  reduce 789
	EXCEPTION  reduce 789
	EXTERNAL  reduce 789
	INCLUDE  reduce 789
	LBRACKETPERCENTPERCENT  reduce 789
	LET  reduce 789
	LBRACKETATAT  reduce 789
	LBRACKETATATAT  reduce 789
	MODULE  reduce 789
	OPEN  reduce 789
	RBRACKET  reduce 789
	SEMISEMI  reduce 789
	HASH  reduce 789
	TYPE  reduce 789
	VAL  reduce 789

	attributes  goto 1576
	attribute  goto 487


state 1519
	str_type_extension : TYPE ext_attributes nonrec_flag optional_type_parameters type_longident PLUSEQ private_flag str_extension_constructors post_item_attributes .  (532)

	.  reduce 532


state 1520
	str_extension_constructors : str_extension_constructors bar_extension_constructor_declaration .  (538)

	.  reduce 538


state 1521
	str_extension_constructors : str_extension_constructors bar_extension_constructor_rebind .  (539)

	.  reduce 539


state 1522
	simple_expr : mod_longident DOT LPAREN MODULE ext_attributes module_expr COLON package_type RPAREN .  (345)

	.  reduce 345


state 1523
	and_class_type_declaration : AND attributes virtual_flag class_type_parameters LIDENT EQUAL class_signature post_item_attributes .  (203)

	.  reduce 203


state 1524
	expr : expr . COLONCOLON expr  (244)
	expr : expr . INFIXOP0 expr  (245)
	expr : expr . INFIXOP1 expr  (246)
	expr : expr . INFIXOP2 expr  (247)
	expr : expr . INFIXOP3 expr  (248)
	expr : expr . INFIXOP4 expr  (249)
	expr : expr . PLUS expr  (250)
	expr : expr . PLUSDOT expr  (251)
	expr : expr . PLUSEQ expr  (252)
	expr : expr . MINUS expr  (253)
	expr : expr . MINUSDOT expr  (254)
	expr : expr . STAR expr  (255)
	expr : expr . PERCENT expr  (256)
	expr : expr . EQUAL expr  (257)
	expr : expr . LESS expr  (258)
	expr : expr . GREATER expr  (259)
	expr : expr . OR expr  (260)
	expr : expr . BARBAR expr  (261)
	expr : expr . AMPERSAND expr  (262)
	expr : expr . AMPERAMPER expr  (263)
	expr : expr . COLONEQUAL expr  (264)
	expr : simple_expr DOT mod_longident DOTOP LBRACE expr RBRACE LESSMINUS expr .  (276)
	expr : expr . attribute  (282)
	expr_comma_list : expr . COMMA expr  (384)

	AMPERAMPER  shift 333
	AMPERSAND  shift 334
	BARBAR  shift 335
	COLONCOLON  shift 336
	COLONEQUAL  shift 337
	COMMA  shift 338
	EQUAL  shift 339
	GREATER  shift 340
	INFIXOP0  shift 341
	INFIXOP1  shift 342
	INFIXOP2  shift 343
	INFIXOP3  shift 344
	INFIXOP4  shift 345
	LESS  shift 346
	LBRACKETAT  shift 185
	MINUS  shift 347
	MINUSDOT  shift 348
	OR  shift 349
	PERCENT  shift 350
	PLUS  shift 351
	PLUSDOT  shift 352
	PLUSEQ  shift 353
	STAR  shift 355
	error  reduce 276
	AND  reduce 276
	BAR  reduce 276
	BARRBRACKET  reduce 276
	CLASS  reduce 276
	COLON  reduce 276
	COLONGREATER  reduce 276
	CONSTRAINT  reduce 276
	DO  reduce 276
	DONE  reduce 276
	DOWNTO  reduce 276
	ELSE  reduce 276
	END  reduce 276
	EOF  reduce 276
	EXCEPTION  reduce 276
	EXTERNAL  reduce 276
	GREATERRBRACE  reduce 276
	IN  reduce 276
	INCLUDE  reduce 276
	INHERIT  reduce 276
	INITIALIZER  reduce 276
	LBRACKETPERCENTPERCENT  reduce 276
	LET  reduce 276
	LBRACKETATAT  reduce 276
	LBRACKETATATAT  reduce 276
	METHOD  reduce 276
	MINUSGREATER  reduce 276
	MODULE  reduce 276
	OPEN  reduce 276
	RBRACE  reduce 276
	RBRACKET  reduce 276
	RPAREN  reduce 276
	SEMI  reduce 276
	SEMISEMI  reduce 276
	HASH  reduce 276
	THEN  reduce 276
	TO  reduce 276
	TYPE  reduce 276
	VAL  reduce 276
	WITH  reduce 276

	attribute  goto 356


state 1525
	expr : expr . COLONCOLON expr  (244)
	expr : expr . INFIXOP0 expr  (245)
	expr : expr . INFIXOP1 expr  (246)
	expr : expr . INFIXOP2 expr  (247)
	expr : expr . INFIXOP3 expr  (248)
	expr : expr . INFIXOP4 expr  (249)
	expr : expr . PLUS expr  (250)
	expr : expr . PLUSDOT expr  (251)
	expr : expr . PLUSEQ expr  (252)
	expr : expr . MINUS expr  (253)
	expr : expr . MINUSDOT expr  (254)
	expr : expr . STAR expr  (255)
	expr : expr . PERCENT expr  (256)
	expr : expr . EQUAL expr  (257)
	expr : expr . LESS expr  (258)
	expr : expr . GREATER expr  (259)
	expr : expr . OR expr  (260)
	expr : expr . BARBAR expr  (261)
	expr : expr . AMPERSAND expr  (262)
	expr : expr . AMPERAMPER expr  (263)
	expr : expr . COLONEQUAL expr  (264)
	expr : simple_expr DOT mod_longident DOTOP LBRACKET expr RBRACKET LESSMINUS expr .  (274)
	expr : expr . attribute  (282)
	expr_comma_list : expr . COMMA expr  (384)

	AMPERAMPER  shift 333
	AMPERSAND  shift 334
	BARBAR  shift 335
	COLONCOLON  shift 336
	COLONEQUAL  shift 337
	COMMA  shift 338
	EQUAL  shift 339
	GREATER  shift 340
	INFIXOP0  shift 341
	INFIXOP1  shift 342
	INFIXOP2  shift 343
	INFIXOP3  shift 344
	INFIXOP4  shift 345
	LESS  shift 346
	LBRACKETAT  shift 185
	MINUS  shift 347
	MINUSDOT  shift 348
	OR  shift 349
	PERCENT  shift 350
	PLUS  shift 351
	PLUSDOT  shift 352
	PLUSEQ  shift 353
	STAR  shift 355
	error  reduce 274
	AND  reduce 274
	BAR  reduce 274
	BARRBRACKET  reduce 274
	CLASS  reduce 274
	COLON  reduce 274
	COLONGREATER  reduce 274
	CONSTRAINT  reduce 274
	DO  reduce 274
	DONE  reduce 274
	DOWNTO  reduce 274
	ELSE  reduce 274
	END  reduce 274
	EOF  reduce 274
	EXCEPTION  reduce 274
	EXTERNAL  reduce 274
	GREATERRBRACE  reduce 274
	IN  reduce 274
	INCLUDE  reduce 274
	INHERIT  reduce 274
	INITIALIZER  reduce 274
	LBRACKETPERCENTPERCENT  reduce 274
	LET  reduce 274
	LBRACKETATAT  reduce 274
	LBRACKETATATAT  reduce 274
	METHOD  reduce 274
	MINUSGREATER  reduce 274
	MODULE  reduce 274
	OPEN  reduce 274
	RBRACE  reduce 274
	RBRACKET  reduce 274
	RPAREN  reduce 274
	SEMI  reduce 274
	SEMISEMI  reduce 274
	HASH  reduce 274
	THEN  reduce 274
	TO  reduce 274
	TYPE  reduce 274
	VAL  reduce 274
	WITH  reduce 274

	attribute  goto 356


state 1526
	expr : expr . COLONCOLON expr  (244)
	expr : expr . INFIXOP0 expr  (245)
	expr : expr . INFIXOP1 expr  (246)
	expr : expr . INFIXOP2 expr  (247)
	expr : expr . INFIXOP3 expr  (248)
	expr : expr . INFIXOP4 expr  (249)
	expr : expr . PLUS expr  (250)
	expr : expr . PLUSDOT expr  (251)
	expr : expr . PLUSEQ expr  (252)
	expr : expr . MINUS expr  (253)
	expr : expr . MINUSDOT expr  (254)
	expr : expr . STAR expr  (255)
	expr : expr . PERCENT expr  (256)
	expr : expr . EQUAL expr  (257)
	expr : expr . LESS expr  (258)
	expr : expr . GREATER expr  (259)
	expr : expr . OR expr  (260)
	expr : expr . BARBAR expr  (261)
	expr : expr . AMPERSAND expr  (262)
	expr : expr . AMPERAMPER expr  (263)
	expr : expr . COLONEQUAL expr  (264)
	expr : simple_expr DOT mod_longident DOTOP LPAREN expr RPAREN LESSMINUS expr .  (275)
	expr : expr . attribute  (282)
	expr_comma_list : expr . COMMA expr  (384)

	AMPERAMPER  shift 333
	AMPERSAND  shift 334
	BARBAR  shift 335
	COLONCOLON  shift 336
	COLONEQUAL  shift 337
	COMMA  shift 338
	EQUAL  shift 339
	GREATER  shift 340
	INFIXOP0  shift 341
	INFIXOP1  shift 342
	INFIXOP2  shift 343
	INFIXOP3  shift 344
	INFIXOP4  shift 345
	LESS  shift 346
	LBRACKETAT  shift 185
	MINUS  shift 347
	MINUSDOT  shift 348
	OR  shift 349
	PERCENT  shift 350
	PLUS  shift 351
	PLUSDOT  shift 352
	PLUSEQ  shift 353
	STAR  shift 355
	error  reduce 275
	AND  reduce 275
	BAR  reduce 275
	BARRBRACKET  reduce 275
	CLASS  reduce 275
	COLON  reduce 275
	COLONGREATER  reduce 275
	CONSTRAINT  reduce 275
	DO  reduce 275
	DONE  reduce 275
	DOWNTO  reduce 275
	ELSE  reduce 275
	END  reduce 275
	EOF  reduce 275
	EXCEPTION  reduce 275
	EXTERNAL  reduce 275
	GREATERRBRACE  reduce 275
	IN  reduce 275
	INCLUDE  reduce 275
	INHERIT  reduce 275
	INITIALIZER  reduce 275
	LBRACKETPERCENTPERCENT  reduce 275
	LET  reduce 275
	LBRACKETATAT  reduce 275
	LBRACKETATATAT  reduce 275
	METHOD  reduce 275
	MINUSGREATER  reduce 275
	MODULE  reduce 275
	OPEN  reduce 275
	RBRACE  reduce 275
	RBRACKET  reduce 275
	RPAREN  reduce 275
	SEMI  reduce 275
	SEMISEMI  reduce 275
	HASH  reduce 275
	THEN  reduce 275
	TO  reduce 275
	TYPE  reduce 275
	VAL  reduce 275
	WITH  reduce 275

	attribute  goto 356


state 1527
	with_constraint : TYPE optional_type_parameters label_longident COLONEQUAL core_type_no_attr .  (550)

	.  reduce 550


state 1528
	with_type_binder : EQUAL PRIVATE .  (554)

	.  reduce 554


state 1529
	with_constraint : TYPE optional_type_parameters label_longident with_type_binder core_type_no_attr . constraints  (549)
	constraints : .  (484)

	.  reduce 484

	constraints  goto 1577


state 1530
	module_declaration_body : LPAREN UIDENT COLON module_type RPAREN module_declaration_body .  (107)

	.  reduce 107


state 1531
	bar_extension_constructor_declaration : BAR constr_ident . generalized_constructor_arguments attributes  (544)
	generalized_constructor_arguments : .  (521)

	COLON  shift 736
	OF  shift 738
	error  reduce 521
	BAR  reduce 521
	CLASS  reduce 521
	END  reduce 521
	EOF  reduce 521
	EXCEPTION  reduce 521
	EXTERNAL  reduce 521
	INCLUDE  reduce 521
	LBRACKETPERCENTPERCENT  reduce 521
	LBRACKETAT  reduce 521
	LBRACKETATAT  reduce 521
	LBRACKETATATAT  reduce 521
	MODULE  reduce 521
	OPEN  reduce 521
	RBRACKET  reduce 521
	SEMISEMI  reduce 521
	TYPE  reduce 521
	VAL  reduce 521

	generalized_constructor_arguments  goto 1574


state 1532
	sig_type_extension : TYPE ext_attributes nonrec_flag optional_type_parameters type_longident PLUSEQ private_flag sig_extension_constructors post_item_attributes .  (533)

	.  reduce 533


state 1533
	sig_extension_constructors : sig_extension_constructors bar_extension_constructor_declaration .  (542)

	.  reduce 542


state 1534
	and_class_description : AND attributes virtual_flag class_type_parameters LIDENT COLON class_type post_item_attributes .  (199)

	.  reduce 199


state 1535
	clty_longident : mod_ext_longident DOT LIDENT .  (693)

	.  reduce 693


state 1536
	class_signature : LBRACKET core_type_comma_list RBRACKET clty_longident .  (173)

	.  reduce 173


state 1537
	class_signature : LET OPEN override_flag attributes . mod_longident IN class_signature  (179)

	UIDENT  shift 51
	.  error

	mod_longident  goto 1578


state 1538
	class_type : LIDENT COLON simple_core_type_or_tuple MINUSGREATER . class_type  (171)

	LBRACKET  shift 1261
	LBRACKETLESS  shift 136
	LBRACKETGREATER  shift 137
	LBRACKETPERCENT  shift 30
	LESS  shift 138
	LET  shift 1262
	LIDENT  shift 1263
	LPAREN  shift 140
	OBJECT  shift 1264
	OPTLABEL  shift 1265
	QUESTION  shift 1266
	QUOTE  shift 143
	HASH  shift 144
	UIDENT  shift 145
	UNDERSCORE  shift 146
	.  error

	extension  goto 1267
	class_type  goto 1579
	class_signature  goto 1269
	simple_core_type_or_tuple  goto 1270
	clty_longident  goto 1271
	simple_core_type  goto 151
	type_longident  goto 152
	mod_ext_longident  goto 1272
	simple_core_type2  goto 156


state 1539
	class_self_type : LPAREN core_type . RPAREN  (181)
	core_type : core_type . attribute  (562)

	LBRACKETAT  shift 185
	RPAREN  shift 1580
	.  error

	attribute  goto 440


state 1540
	class_signature : OBJECT attributes class_sig_body error .  (176)

	.  reduce 176


state 1541
	class_signature : OBJECT attributes class_sig_body END .  (175)

	.  reduce 175


state 1542
	class_sig_body : class_self_type class_sig_fields .  (180)
	class_sig_fields : class_sig_fields . class_sig_field  (184)

	CONSTRAINT  shift 1581
	INHERIT  shift 1582
	LBRACKETPERCENTPERCENT  shift 31
	LBRACKETATATAT  shift 35
	METHOD  shift 1583
	VAL  shift 1584
	error  reduce 180
	END  reduce 180

	item_extension  goto 1585
	floating_attribute  goto 1586
	class_sig_field  goto 1587


state 1543
	class_type : OPTLABEL simple_core_type_or_tuple MINUSGREATER class_type .  (170)

	.  reduce 170


state 1544
	class_type : QUESTION LIDENT COLON simple_core_type_or_tuple . MINUSGREATER class_type  (169)

	MINUSGREATER  shift 1588
	.  error


state 1545
	class_fun_def : labeled_simple_pattern MINUSGREATER . class_expr  (127)

	FUN  shift 1273
	LBRACKET  shift 1274
	LBRACKETPERCENT  shift 30
	LET  shift 1275
	LIDENT  shift 436
	LPAREN  shift 1276
	OBJECT  shift 1277
	UIDENT  shift 51
	.  error

	mod_longident  goto 437
	extension  goto 1278
	let_bindings  goto 1279
	class_expr  goto 1589
	class_simple_expr  goto 1281
	class_longident  goto 1282
	let_binding  goto 92


state 1546
	class_fun_def : labeled_simple_pattern class_fun_def .  (128)

	.  reduce 128


state 1547
	class_simple_expr : LBRACKET core_type_comma_list RBRACKET class_longident .  (136)

	.  reduce 136


state 1548
	class_expr : LET OPEN override_flag attributes . mod_longident IN class_expr  (133)

	UIDENT  shift 51
	.  error

	mod_longident  goto 1590


state 1549
	class_simple_expr : LPAREN class_expr COLON class_type . RPAREN  (140)
	class_simple_expr : LPAREN class_expr COLON class_type . error  (141)

	error  shift 1591
	RPAREN  shift 1592
	.  error


state 1550
	class_simple_expr : OBJECT attributes class_structure error .  (139)

	.  reduce 139


state 1551
	class_simple_expr : OBJECT attributes class_structure END .  (138)

	.  reduce 138


state 1552
	label_declaration : mutable_flag label COLON poly_type_no_attr attributes .  (530)
	label_declaration_semi : mutable_flag label COLON poly_type_no_attr attributes . SEMI attributes  (531)

	SEMI  shift 1593
	RBRACE  reduce 530


state 1553
	expr : FOR ext_attributes pattern EQUAL seq_expr direction_flag seq_expr DO seq_expr DONE .  (243)

	.  reduce 243


state 1554
	paren_module_expr : LPAREN VAL attributes expr COLON package_type COLONGREATER package_type . RPAREN  (41)

	RPAREN  shift 1594
	.  error


state 1555
	let_binding_body : val_ident COLON TYPE lident_list DOT core_type EQUAL . seq_expr  (362)

	ASSERT  shift 9
	BACKQUOTE  shift 10
	BANG  shift 11
	BEGIN  shift 12
	CHAR  shift 13
	FALSE  shift 17
	FLOAT  shift 18
	FOR  shift 19
	FUN  shift 20
	FUNCTION  shift 21
	IF  shift 22
	INT  shift 24
	LAZY  shift 25
	LBRACE  shift 26
	LBRACELESS  shift 27
	LBRACKET  shift 28
	LBRACKETBAR  shift 29
	LBRACKETPERCENT  shift 30
	LET  shift 32
	LIDENT  shift 33
	LPAREN  shift 34
	MATCH  shift 36
	MINUS  shift 37
	MINUSDOT  shift 38
	NEW  shift 40
	OBJECT  shift 41
	PLUS  shift 43
	PLUSDOT  shift 44
	PREFIXOP  shift 45
	STRING  shift 47
	TRUE  shift 48
	TRY  shift 49
	UIDENT  shift 51
	UNDERSCORE  shift 52
	WHILE  shift 54
	.  error

	seq_expr  goto 1595
	mod_longident  goto 59
	extension  goto 60
	expr  goto 61
	let_bindings  goto 159
	label  goto 81
	simple_expr  goto 83
	expr_comma_list  goto 84
	constr_longident  goto 85
	name_tag  goto 86
	subtractive  goto 87
	additive  goto 88
	val_longident  goto 89
	constant  goto 90
	val_ident  goto 91
	let_binding  goto 92


state 1556
	let_binding_body : val_ident COLON typevar_list DOT core_type EQUAL seq_expr .  (361)

	.  reduce 361


state 1557
	parent_binder : AS LIDENT .  (157)

	.  reduce 157


state 1558
	class_field : INHERIT override_flag attributes class_expr parent_binder post_item_attributes .  (150)

	.  reduce 150


state 1559
	method_ : override_flag attributes PRIVATE VIRTUAL label . COLON poly_type  (163)

	COLON  shift 1596
	.  error


state 1560
	method_ : override_flag attributes VIRTUAL private_flag label . COLON poly_type  (164)

	COLON  shift 1597
	.  error


state 1561
	method_ : override_flag attributes private_flag label COLON . poly_type EQUAL seq_expr  (166)
	method_ : override_flag attributes private_flag label COLON . TYPE lident_list DOT core_type EQUAL seq_expr  (167)

	LBRACKET  shift 135
	LBRACKETLESS  shift 136
	LBRACKETGREATER  shift 137
	LBRACKETPERCENT  shift 30
	LESS  shift 138
	LIDENT  shift 139
	LPAREN  shift 140
	OPTLABEL  shift 141
	QUESTION  shift 142
	QUOTE  shift 887
	HASH  shift 144
	TYPE  shift 1598
	UIDENT  shift 145
	UNDERSCORE  shift 146
	.  error

	core_type  goto 1599
	extension  goto 149
	poly_type  goto 1600
	simple_core_type_or_tuple  goto 150
	typevar_list  goto 1601
	simple_core_type  goto 151
	type_longident  goto 152
	core_type_no_attr  goto 153
	mod_ext_longident  goto 154
	core_type2  goto 155
	simple_core_type2  goto 156


state 1562
	method_ : override_flag attributes private_flag label strict_binding .  (165)

	.  reduce 165


state 1563
	value : override_flag attributes MUTABLE VIRTUAL label . COLON core_type  (159)

	COLON  shift 1602
	.  error


state 1564
	value : override_flag attributes VIRTUAL mutable_flag label . COLON core_type  (160)

	COLON  shift 1603
	.  error


state 1565
	value : override_flag attributes mutable_flag label EQUAL . seq_expr  (161)

	ASSERT  shift 9
	BACKQUOTE  shift 10
	BANG  shift 11
	BEGIN  shift 12
	CHAR  shift 13
	FALSE  shift 17
	FLOAT  shift 18
	FOR  shift 19
	FUN  shift 20
	FUNCTION  shift 21
	IF  shift 22
	INT  shift 24
	LAZY  shift 25
	LBRACE  shift 26
	LBRACELESS  shift 27
	LBRACKET  shift 28
	LBRACKETBAR  shift 29
	LBRACKETPERCENT  shift 30
	LET  shift 32
	LIDENT  shift 33
	LPAREN  shift 34
	MATCH  shift 36
	MINUS  shift 37
	MINUSDOT  shift 38
	NEW  shift 40
	OBJECT  shift 41
	PLUS  shift 43
	PLUSDOT  shift 44
	PREFIXOP  shift 45
	STRING  shift 47
	TRUE  shift 48
	TRY  shift 49
	UIDENT  shift 51
	UNDERSCORE  shift 52
	WHILE  shift 54
	.  error

	seq_expr  goto 1604
	mod_longident  goto 59
	extension  goto 60
	expr  goto 61
	let_bindings  goto 159
	label  goto 81
	simple_expr  goto 83
	expr_comma_list  goto 84
	constr_longident  goto 85
	name_tag  goto 86
	subtractive  goto 87
	additive  goto 88
	val_longident  goto 89
	constant  goto 90
	val_ident  goto 91
	let_binding  goto 92


state 1566
	value : override_flag attributes mutable_flag label type_constraint . EQUAL seq_expr  (162)

	EQUAL  shift 1605
	.  error


state 1567
	bar_constructor_declaration : BAR constr_ident generalized_constructor_arguments attributes .  (516)

	.  reduce 516


state 1568
	type_kind : EQUAL core_type EQUAL private_flag DOTDOT .  (494)

	.  reduce 494


state 1569
	type_kind : EQUAL core_type EQUAL private_flag LBRACE . label_declarations RBRACE  (495)
	mutable_flag : .  (712)

	MUTABLE  shift 1128
	LIDENT  reduce 712

	mutable_flag  goto 1129
	label_declarations  goto 1606
	label_declaration  goto 1131
	label_declaration_semi  goto 1132


state 1570
	type_kind : EQUAL core_type EQUAL private_flag constructor_declarations .  (493)
	constructor_declarations : constructor_declarations . bar_constructor_declaration  (514)

	BAR  shift 1438
	error  reduce 493
	AND  reduce 493
	CLASS  reduce 493
	CONSTRAINT  reduce 493
	END  reduce 493
	EOF  reduce 493
	EXCEPTION  reduce 493
	EXTERNAL  reduce 493
	INCLUDE  reduce 493
	LBRACKETPERCENTPERCENT  reduce 493
	LET  reduce 493
	LBRACKETATAT  reduce 493
	LBRACKETATATAT  reduce 493
	MODULE  reduce 493
	OPEN  reduce 493
	RBRACKET  reduce 493
	SEMISEMI  reduce 493
	HASH  reduce 493
	TYPE  reduce 493
	VAL  reduce 493

	bar_constructor_declaration  goto 1439


state 1571
	type_kind : EQUAL private_flag LBRACE label_declarations RBRACE .  (492)

	.  reduce 492


state 1572
	constrain : core_type EQUAL . core_type  (194)

	LBRACKET  shift 135
	LBRACKETLESS  shift 136
	LBRACKETGREATER  shift 137
	LBRACKETPERCENT  shift 30
	LESS  shift 138
	LIDENT  shift 139
	LPAREN  shift 140
	OPTLABEL  shift 141
	QUESTION  shift 142
	QUOTE  shift 143
	HASH  shift 144
	UIDENT  shift 145
	UNDERSCORE  shift 146
	.  error

	core_type  goto 1607
	extension  goto 149
	simple_core_type_or_tuple  goto 150
	simple_core_type  goto 151
	type_longident  goto 152
	core_type_no_attr  goto 153
	mod_ext_longident  goto 154
	core_type2  goto 155
	simple_core_type2  goto 156


state 1573
	bar_extension_constructor_rebind : BAR constr_ident EQUAL . constr_longident attributes  (546)

	FALSE  shift 17
	LBRACKET  shift 939
	LPAREN  shift 940
	TRUE  shift 48
	UIDENT  shift 51
	.  error

	mod_longident  goto 941
	constr_longident  goto 1608


state 1574
	bar_extension_constructor_declaration : BAR constr_ident generalized_constructor_arguments . attributes  (544)
	attributes : .  (789)

	LBRACKETAT  shift 185
	error  reduce 789
	BAR  reduce 789
	CLASS  reduce 789
	END  reduce 789
	EOF  reduce 789
	EXCEPTION  reduce 789
	EXTERNAL  reduce 789
	INCLUDE  reduce 789
	LBRACKETPERCENTPERCENT  reduce 789
	LET  reduce 789
	LBRACKETATAT  reduce 789
	LBRACKETATATAT  reduce 789
	MODULE  reduce 789
	OPEN  reduce 789
	RBRACKET  reduce 789
	SEMISEMI  reduce 789
	HASH  reduce 789
	TYPE  reduce 789
	VAL  reduce 789

	attributes  goto 1609
	attribute  goto 487


state 1575
	extension_constructor_rebind : constr_ident EQUAL constr_longident . attributes  (545)
	attributes : .  (789)

	LBRACKETAT  shift 185
	error  reduce 789
	BAR  reduce 789
	CLASS  reduce 789
	END  reduce 789
	EOF  reduce 789
	EXCEPTION  reduce 789
	EXTERNAL  reduce 789
	INCLUDE  reduce 789
	LBRACKETPERCENTPERCENT  reduce 789
	LET  reduce 789
	LBRACKETATAT  reduce 789
	LBRACKETATATAT  reduce 789
	MODULE  reduce 789
	OPEN  reduce 789
	RBRACKET  reduce 789
	SEMISEMI  reduce 789
	HASH  reduce 789
	TYPE  reduce 789
	VAL  reduce 789

	attributes  goto 1610
	attribute  goto 487


state 1576
	extension_constructor_declaration : constr_ident generalized_constructor_arguments attributes .  (543)

	.  reduce 543


state 1577
	constraints : constraints . CONSTRAINT constrain  (483)
	with_constraint : TYPE optional_type_parameters label_longident with_type_binder core_type_no_attr constraints .  (549)

	CONSTRAINT  shift 1441
	error  reduce 549
	AND  reduce 549
	CLASS  reduce 549
	COLONGREATER  reduce 549
	END  reduce 549
	EOF  reduce 549
	EQUAL  reduce 549
	EXCEPTION  reduce 549
	EXTERNAL  reduce 549
	INCLUDE  reduce 549
	LBRACKETPERCENTPERCENT  reduce 549
	LET  reduce 549
	LBRACKETAT  reduce 549
	LBRACKETATAT  reduce 549
	LBRACKETATATAT  reduce 549
	MINUSGREATER  reduce 549
	MODULE  reduce 549
	OPEN  reduce 549
	RBRACKET  reduce 549
	RPAREN  reduce 549
	SEMISEMI  reduce 549
	HASH  reduce 549
	TYPE  reduce 549
	VAL  reduce 549
	WITH  reduce 549


state 1578
	class_signature : LET OPEN override_flag attributes mod_longident . IN class_signature  (179)
	mod_longident : mod_longident . DOT UIDENT  (686)

	DOT  shift 773
	IN  shift 1611
	.  error


state 1579
	class_type : LIDENT COLON simple_core_type_or_tuple MINUSGREATER class_type .  (171)

	.  reduce 171


state 1580
	class_self_type : LPAREN core_type RPAREN .  (181)

	.  reduce 181


state 1581
	class_sig_field : CONSTRAINT . attributes constrain_field post_item_attributes  (188)
	attributes : .  (789)

	LBRACKETAT  shift 185
	LBRACKET  reduce 789
	LBRACKETLESS  reduce 789
	LBRACKETGREATER  reduce 789
	LBRACKETPERCENT  reduce 789
	LESS  reduce 789
	LIDENT  reduce 789
	LPAREN  reduce 789
	OPTLABEL  reduce 789
	QUESTION  reduce 789
	QUOTE  reduce 789
	HASH  reduce 789
	UIDENT  reduce 789
	UNDERSCORE  reduce 789

	attributes  goto 1612
	attribute  goto 487


state 1582
	class_sig_field : INHERIT . attributes class_signature post_item_attributes  (185)
	attributes : .  (789)

	LBRACKETAT  shift 185
	LBRACKET  reduce 789
	LBRACKETPERCENT  reduce 789
	LET  reduce 789
	LIDENT  reduce 789
	OBJECT  reduce 789
	UIDENT  reduce 789

	attributes  goto 1613
	attribute  goto 487


state 1583
	class_sig_field : METHOD . attributes private_virtual_flags label COLON poly_type post_item_attributes  (187)
	attributes : .  (789)

	LBRACKETAT  shift 185
	LIDENT  reduce 789
	PRIVATE  reduce 789
	VIRTUAL  reduce 789

	attributes  goto 1614
	attribute  goto 487


state 1584
	class_sig_field : VAL . attributes value_type post_item_attributes  (186)
	attributes : .  (789)

	LBRACKETAT  shift 185
	LIDENT  reduce 789
	MUTABLE  reduce 789
	VIRTUAL  reduce 789

	attributes  goto 1615
	attribute  goto 487


state 1585
	class_sig_field : item_extension . post_item_attributes  (189)
	post_item_attributes : .  (787)

	LBRACKETATAT  shift 326
	error  reduce 787
	CONSTRAINT  reduce 787
	END  reduce 787
	INHERIT  reduce 787
	LBRACKETPERCENTPERCENT  reduce 787
	LBRACKETATATAT  reduce 787
	METHOD  reduce 787
	VAL  reduce 787

	post_item_attributes  goto 1616
	post_item_attribute  goto 328


state 1586
	class_sig_field : floating_attribute .  (190)

	.  reduce 190


state 1587
	class_sig_fields : class_sig_fields class_sig_field .  (184)

	.  reduce 184


state 1588
	class_type : QUESTION LIDENT COLON simple_core_type_or_tuple MINUSGREATER . class_type  (169)

	LBRACKET  shift 1261
	LBRACKETLESS  shift 136
	LBRACKETGREATER  shift 137
	LBRACKETPERCENT  shift 30
	LESS  shift 138
	LET  shift 1262
	LIDENT  shift 1263
	LPAREN  shift 140
	OBJECT  shift 1264
	OPTLABEL  shift 1265
	QUESTION  shift 1266
	QUOTE  shift 143
	HASH  shift 144
	UIDENT  shift 145
	UNDERSCORE  shift 146
	.  error

	extension  goto 1267
	class_type  goto 1617
	class_signature  goto 1269
	simple_core_type_or_tuple  goto 1270
	clty_longident  goto 1271
	simple_core_type  goto 151
	type_longident  goto 152
	mod_ext_longident  goto 1272
	simple_core_type2  goto 156


state 1589
	class_fun_def : labeled_simple_pattern MINUSGREATER class_expr .  (127)
	class_expr : class_expr . attribute  (134)

	LBRACKETAT  shift 185
	error  reduce 127
	AND  reduce 127
	AS  reduce 127
	CLASS  reduce 127
	COLON  reduce 127
	CONSTRAINT  reduce 127
	END  reduce 127
	EOF  reduce 127
	EXCEPTION  reduce 127
	EXTERNAL  reduce 127
	INCLUDE  reduce 127
	INHERIT  reduce 127
	INITIALIZER  reduce 127
	LBRACKETPERCENTPERCENT  reduce 127
	LET  reduce 127
	LBRACKETATAT  reduce 127
	LBRACKETATATAT  reduce 127
	METHOD  reduce 127
	MODULE  reduce 127
	OPEN  reduce 127
	RBRACKET  reduce 127
	RPAREN  reduce 127
	SEMISEMI  reduce 127
	HASH  reduce 127
	TYPE  reduce 127
	VAL  reduce 127

	attribute  goto 1404


state 1590
	class_expr : LET OPEN override_flag attributes mod_longident . IN class_expr  (133)
	mod_longident : mod_longident . DOT UIDENT  (686)

	DOT  shift 773
	IN  shift 1618
	.  error


state 1591
	class_simple_expr : LPAREN class_expr COLON class_type error .  (141)

	.  reduce 141


state 1592
	class_simple_expr : LPAREN class_expr COLON class_type RPAREN .  (140)

	.  reduce 140


state 1593
	label_declaration_semi : mutable_flag label COLON poly_type_no_attr attributes SEMI . attributes  (531)
	attributes : .  (789)

	LBRACKETAT  shift 185
	LIDENT  reduce 789
	MUTABLE  reduce 789
	RBRACE  reduce 789

	attributes  goto 1619
	attribute  goto 487


state 1594
	paren_module_expr : LPAREN VAL attributes expr COLON package_type COLONGREATER package_type RPAREN .  (41)

	.  reduce 41


state 1595
	let_binding_body : val_ident COLON TYPE lident_list DOT core_type EQUAL seq_expr .  (362)

	.  reduce 362


state 1596
	method_ : override_flag attributes PRIVATE VIRTUAL label COLON . poly_type  (163)

	LBRACKET  shift 135
	LBRACKETLESS  shift 136
	LBRACKETGREATER  shift 137
	LBRACKETPERCENT  shift 30
	LESS  shift 138
	LIDENT  shift 139
	LPAREN  shift 140
	OPTLABEL  shift 141
	QUESTION  shift 142
	QUOTE  shift 887
	HASH  shift 144
	UIDENT  shift 145
	UNDERSCORE  shift 146
	.  error

	core_type  goto 1599
	extension  goto 149
	poly_type  goto 1620
	simple_core_type_or_tuple  goto 150
	typevar_list  goto 1601
	simple_core_type  goto 151
	type_longident  goto 152
	core_type_no_attr  goto 153
	mod_ext_longident  goto 154
	core_type2  goto 155
	simple_core_type2  goto 156


state 1597
	method_ : override_flag attributes VIRTUAL private_flag label COLON . poly_type  (164)

	LBRACKET  shift 135
	LBRACKETLESS  shift 136
	LBRACKETGREATER  shift 137
	LBRACKETPERCENT  shift 30
	LESS  shift 138
	LIDENT  shift 139
	LPAREN  shift 140
	OPTLABEL  shift 141
	QUESTION  shift 142
	QUOTE  shift 887
	HASH  shift 144
	UIDENT  shift 145
	UNDERSCORE  shift 146
	.  error

	core_type  goto 1599
	extension  goto 149
	poly_type  goto 1621
	simple_core_type_or_tuple  goto 150
	typevar_list  goto 1601
	simple_core_type  goto 151
	type_longident  goto 152
	core_type_no_attr  goto 153
	mod_ext_longident  goto 154
	core_type2  goto 155
	simple_core_type2  goto 156


state 1598
	method_ : override_flag attributes private_flag label COLON TYPE . lident_list DOT core_type EQUAL seq_expr  (167)

	LIDENT  shift 947
	.  error

	lident_list  goto 1622


state 1599
	poly_type : core_type .  (557)
	core_type : core_type . attribute  (562)

	LBRACKETAT  shift 185
	error  reduce 557
	CONSTRAINT  reduce 557
	END  reduce 557
	EQUAL  reduce 557
	INHERIT  reduce 557
	INITIALIZER  reduce 557
	LBRACKETPERCENTPERCENT  reduce 557
	LBRACKETATAT  reduce 557
	LBRACKETATATAT  reduce 557
	METHOD  reduce 557
	VAL  reduce 557

	attribute  goto 440


state 1600
	method_ : override_flag attributes private_flag label COLON poly_type . EQUAL seq_expr  (166)

	EQUAL  shift 1623
	.  error


state 1601
	typevar_list : typevar_list . QUOTE ident  (556)
	poly_type : typevar_list . DOT core_type  (558)

	DOT  shift 1624
	QUOTE  shift 1094
	.  error


state 1602
	value : override_flag attributes MUTABLE VIRTUAL label COLON . core_type  (159)

	LBRACKET  shift 135
	LBRACKETLESS  shift 136
	LBRACKETGREATER  shift 137
	LBRACKETPERCENT  shift 30
	LESS  shift 138
	LIDENT  shift 139
	LPAREN  shift 140
	OPTLABEL  shift 141
	QUESTION  shift 142
	QUOTE  shift 143
	HASH  shift 144
	UIDENT  shift 145
	UNDERSCORE  shift 146
	.  error

	core_type  goto 1625
	extension  goto 149
	simple_core_type_or_tuple  goto 150
	simple_core_type  goto 151
	type_longident  goto 152
	core_type_no_attr  goto 153
	mod_ext_longident  goto 154
	core_type2  goto 155
	simple_core_type2  goto 156


state 1603
	value : override_flag attributes VIRTUAL mutable_flag label COLON . core_type  (160)

	LBRACKET  shift 135
	LBRACKETLESS  shift 136
	LBRACKETGREATER  shift 137
	LBRACKETPERCENT  shift 30
	LESS  shift 138
	LIDENT  shift 139
	LPAREN  shift 140
	OPTLABEL  shift 141
	QUESTION  shift 142
	QUOTE  shift 143
	HASH  shift 144
	UIDENT  shift 145
	UNDERSCORE  shift 146
	.  error

	core_type  goto 1626
	extension  goto 149
	simple_core_type_or_tuple  goto 150
	simple_core_type  goto 151
	type_longident  goto 152
	core_type_no_attr  goto 153
	mod_ext_longident  goto 154
	core_type2  goto 155
	simple_core_type2  goto 156


state 1604
	value : override_flag attributes mutable_flag label EQUAL seq_expr .  (161)

	.  reduce 161


state 1605
	value : override_flag attributes mutable_flag label type_constraint EQUAL . seq_expr  (162)

	ASSERT  shift 9
	BACKQUOTE  shift 10
	BANG  shift 11
	BEGIN  shift 12
	CHAR  shift 13
	FALSE  shift 17
	FLOAT  shift 18
	FOR  shift 19
	FUN  shift 20
	FUNCTION  shift 21
	IF  shift 22
	INT  shift 24
	LAZY  shift 25
	LBRACE  shift 26
	LBRACELESS  shift 27
	LBRACKET  shift 28
	LBRACKETBAR  shift 29
	LBRACKETPERCENT  shift 30
	LET  shift 32
	LIDENT  shift 33
	LPAREN  shift 34
	MATCH  shift 36
	MINUS  shift 37
	MINUSDOT  shift 38
	NEW  shift 40
	OBJECT  shift 41
	PLUS  shift 43
	PLUSDOT  shift 44
	PREFIXOP  shift 45
	STRING  shift 47
	TRUE  shift 48
	TRY  shift 49
	UIDENT  shift 51
	UNDERSCORE  shift 52
	WHILE  shift 54
	.  error

	seq_expr  goto 1627
	mod_longident  goto 59
	extension  goto 60
	expr  goto 61
	let_bindings  goto 159
	label  goto 81
	simple_expr  goto 83
	expr_comma_list  goto 84
	constr_longident  goto 85
	name_tag  goto 86
	subtractive  goto 87
	additive  goto 88
	val_longident  goto 89
	constant  goto 90
	val_ident  goto 91
	let_binding  goto 92


state 1606
	type_kind : EQUAL core_type EQUAL private_flag LBRACE label_declarations . RBRACE  (495)

	RBRACE  shift 1628
	.  error


state 1607
	constrain : core_type EQUAL core_type .  (194)
	core_type : core_type . attribute  (562)

	LBRACKETAT  shift 185
	error  reduce 194
	AND  reduce 194
	CLASS  reduce 194
	COLONGREATER  reduce 194
	CONSTRAINT  reduce 194
	END  reduce 194
	EOF  reduce 194
	EQUAL  reduce 194
	EXCEPTION  reduce 194
	EXTERNAL  reduce 194
	INCLUDE  reduce 194
	LBRACKETPERCENTPERCENT  reduce 194
	LET  reduce 194
	LBRACKETATAT  reduce 194
	LBRACKETATATAT  reduce 194
	MINUSGREATER  reduce 194
	MODULE  reduce 194
	OPEN  reduce 194
	RBRACKET  reduce 194
	RPAREN  reduce 194
	SEMISEMI  reduce 194
	HASH  reduce 194
	TYPE  reduce 194
	VAL  reduce 194
	WITH  reduce 194

	attribute  goto 440


state 1608
	bar_extension_constructor_rebind : BAR constr_ident EQUAL constr_longident . attributes  (546)
	attributes : .  (789)

	LBRACKETAT  shift 185
	error  reduce 789
	BAR  reduce 789
	CLASS  reduce 789
	END  reduce 789
	EOF  reduce 789
	EXCEPTION  reduce 789
	EXTERNAL  reduce 789
	INCLUDE  reduce 789
	LBRACKETPERCENTPERCENT  reduce 789
	LET  reduce 789
	LBRACKETATAT  reduce 789
	LBRACKETATATAT  reduce 789
	MODULE  reduce 789
	OPEN  reduce 789
	RBRACKET  reduce 789
	SEMISEMI  reduce 789
	HASH  reduce 789
	TYPE  reduce 789
	VAL  reduce 789

	attributes  goto 1629
	attribute  goto 487


state 1609
	bar_extension_constructor_declaration : BAR constr_ident generalized_constructor_arguments attributes .  (544)

	.  reduce 544


state 1610
	extension_constructor_rebind : constr_ident EQUAL constr_longident attributes .  (545)

	.  reduce 545


state 1611
	class_signature : LET OPEN override_flag attributes mod_longident IN . class_signature  (179)

	LBRACKET  shift 1382
	LBRACKETPERCENT  shift 30
	LET  shift 1262
	LIDENT  shift 1383
	OBJECT  shift 1264
	UIDENT  shift 145
	.  error

	extension  goto 1384
	class_signature  goto 1630
	clty_longident  goto 1271
	mod_ext_longident  goto 1386


state 1612
	class_sig_field : CONSTRAINT attributes . constrain_field post_item_attributes  (188)

	LBRACKET  shift 135
	LBRACKETLESS  shift 136
	LBRACKETGREATER  shift 137
	LBRACKETPERCENT  shift 30
	LESS  shift 138
	LIDENT  shift 139
	LPAREN  shift 140
	OPTLABEL  shift 141
	QUESTION  shift 142
	QUOTE  shift 143
	HASH  shift 144
	UIDENT  shift 145
	UNDERSCORE  shift 146
	.  error

	core_type  goto 1323
	extension  goto 149
	constrain_field  goto 1631
	simple_core_type_or_tuple  goto 150
	simple_core_type  goto 151
	type_longident  goto 152
	core_type_no_attr  goto 153
	mod_ext_longident  goto 154
	core_type2  goto 155
	simple_core_type2  goto 156


state 1613
	class_sig_field : INHERIT attributes . class_signature post_item_attributes  (185)

	LBRACKET  shift 1382
	LBRACKETPERCENT  shift 30
	LET  shift 1262
	LIDENT  shift 1383
	OBJECT  shift 1264
	UIDENT  shift 145
	.  error

	extension  goto 1384
	class_signature  goto 1632
	clty_longident  goto 1271
	mod_ext_longident  goto 1386


state 1614
	class_sig_field : METHOD attributes . private_virtual_flags label COLON poly_type post_item_attributes  (187)
	private_virtual_flags : .  (716)

	PRIVATE  shift 1633
	VIRTUAL  shift 1634
	LIDENT  reduce 716

	private_virtual_flags  goto 1635


state 1615
	class_sig_field : VAL attributes . value_type post_item_attributes  (186)

	LIDENT  shift 214
	MUTABLE  shift 1636
	VIRTUAL  shift 1637
	.  error

	label  goto 1638
	value_type  goto 1639


state 1616
	class_sig_field : item_extension post_item_attributes .  (189)

	.  reduce 189


state 1617
	class_type : QUESTION LIDENT COLON simple_core_type_or_tuple MINUSGREATER class_type .  (169)

	.  reduce 169


state 1618
	class_expr : LET OPEN override_flag attributes mod_longident IN . class_expr  (133)

	FUN  shift 1273
	LBRACKET  shift 1274
	LBRACKETPERCENT  shift 30
	LET  shift 1275
	LIDENT  shift 436
	LPAREN  shift 1276
	OBJECT  shift 1277
	UIDENT  shift 51
	.  error

	mod_longident  goto 437
	extension  goto 1278
	let_bindings  goto 1279
	class_expr  goto 1640
	class_simple_expr  goto 1281
	class_longident  goto 1282
	let_binding  goto 92


state 1619
	label_declaration_semi : mutable_flag label COLON poly_type_no_attr attributes SEMI attributes .  (531)

	.  reduce 531


state 1620
	method_ : override_flag attributes PRIVATE VIRTUAL label COLON poly_type .  (163)

	.  reduce 163


state 1621
	method_ : override_flag attributes VIRTUAL private_flag label COLON poly_type .  (164)

	.  reduce 164


state 1622
	method_ : override_flag attributes private_flag label COLON TYPE lident_list . DOT core_type EQUAL seq_expr  (167)

	DOT  shift 1641
	.  error


state 1623
	method_ : override_flag attributes private_flag label COLON poly_type EQUAL . seq_expr  (166)

	ASSERT  shift 9
	BACKQUOTE  shift 10
	BANG  shift 11
	BEGIN  shift 12
	CHAR  shift 13
	FALSE  shift 17
	FLOAT  shift 18
	FOR  shift 19
	FUN  shift 20
	FUNCTION  shift 21
	IF  shift 22
	INT  shift 24
	LAZY  shift 25
	LBRACE  shift 26
	LBRACELESS  shift 27
	LBRACKET  shift 28
	LBRACKETBAR  shift 29
	LBRACKETPERCENT  shift 30
	LET  shift 32
	LIDENT  shift 33
	LPAREN  shift 34
	MATCH  shift 36
	MINUS  shift 37
	MINUSDOT  shift 38
	NEW  shift 40
	OBJECT  shift 41
	PLUS  shift 43
	PLUSDOT  shift 44
	PREFIXOP  shift 45
	STRING  shift 47
	TRUE  shift 48
	TRY  shift 49
	UIDENT  shift 51
	UNDERSCORE  shift 52
	WHILE  shift 54
	.  error

	seq_expr  goto 1642
	mod_longident  goto 59
	extension  goto 60
	expr  goto 61
	let_bindings  goto 159
	label  goto 81
	simple_expr  goto 83
	expr_comma_list  goto 84
	constr_longident  goto 85
	name_tag  goto 86
	subtractive  goto 87
	additive  goto 88
	val_longident  goto 89
	constant  goto 90
	val_ident  goto 91
	let_binding  goto 92


state 1624
	poly_type : typevar_list DOT . core_type  (558)

	LBRACKET  shift 135
	LBRACKETLESS  shift 136
	LBRACKETGREATER  shift 137
	LBRACKETPERCENT  shift 30
	LESS  shift 138
	LIDENT  shift 139
	LPAREN  shift 140
	OPTLABEL  shift 141
	QUESTION  shift 142
	QUOTE  shift 143
	HASH  shift 144
	UIDENT  shift 145
	UNDERSCORE  shift 146
	.  error

	core_type  goto 1643
	extension  goto 149
	simple_core_type_or_tuple  goto 150
	simple_core_type  goto 151
	type_longident  goto 152
	core_type_no_attr  goto 153
	mod_ext_longident  goto 154
	core_type2  goto 155
	simple_core_type2  goto 156


state 1625
	value : override_flag attributes MUTABLE VIRTUAL label COLON core_type .  (159)
	core_type : core_type . attribute  (562)

	LBRACKETAT  shift 185
	error  reduce 159
	CONSTRAINT  reduce 159
	END  reduce 159
	INHERIT  reduce 159
	INITIALIZER  reduce 159
	LBRACKETPERCENTPERCENT  reduce 159
	LBRACKETATAT  reduce 159
	LBRACKETATATAT  reduce 159
	METHOD  reduce 159
	VAL  reduce 159

	attribute  goto 440


state 1626
	value : override_flag attributes VIRTUAL mutable_flag label COLON core_type .  (160)
	core_type : core_type . attribute  (562)

	LBRACKETAT  shift 185
	error  reduce 160
	CONSTRAINT  reduce 160
	END  reduce 160
	INHERIT  reduce 160
	INITIALIZER  reduce 160
	LBRACKETPERCENTPERCENT  reduce 160
	LBRACKETATAT  reduce 160
	LBRACKETATATAT  reduce 160
	METHOD  reduce 160
	VAL  reduce 160

	attribute  goto 440


state 1627
	value : override_flag attributes mutable_flag label type_constraint EQUAL seq_expr .  (162)

	.  reduce 162


state 1628
	type_kind : EQUAL core_type EQUAL private_flag LBRACE label_declarations RBRACE .  (495)

	.  reduce 495


state 1629
	bar_extension_constructor_rebind : BAR constr_ident EQUAL constr_longident attributes .  (546)

	.  reduce 546


state 1630
	class_signature : class_signature . attribute  (177)
	class_signature : LET OPEN override_flag attributes mod_longident IN class_signature .  (179)

	LBRACKETAT  shift 185
	error  reduce 179
	AND  reduce 179
	CLASS  reduce 179
	CONSTRAINT  reduce 179
	END  reduce 179
	EOF  reduce 179
	EQUAL  reduce 179
	EXCEPTION  reduce 179
	EXTERNAL  reduce 179
	INCLUDE  reduce 179
	INHERIT  reduce 179
	LBRACKETPERCENTPERCENT  reduce 179
	LET  reduce 179
	LBRACKETATAT  reduce 179
	LBRACKETATATAT  reduce 179
	METHOD  reduce 179
	MODULE  reduce 179
	OPEN  reduce 179
	RBRACKET  reduce 179
	RPAREN  reduce 179
	SEMISEMI  reduce 179
	HASH  reduce 179
	TYPE  reduce 179
	VAL  reduce 179

	attribute  goto 1395


state 1631
	class_sig_field : CONSTRAINT attributes constrain_field . post_item_attributes  (188)
	post_item_attributes : .  (787)

	LBRACKETATAT  shift 326
	error  reduce 787
	CONSTRAINT  reduce 787
	END  reduce 787
	INHERIT  reduce 787
	LBRACKETPERCENTPERCENT  reduce 787
	LBRACKETATATAT  reduce 787
	METHOD  reduce 787
	VAL  reduce 787

	post_item_attributes  goto 1644
	post_item_attribute  goto 328


state 1632
	class_signature : class_signature . attribute  (177)
	class_sig_field : INHERIT attributes class_signature . post_item_attributes  (185)
	post_item_attributes : .  (787)

	LBRACKETAT  shift 185
	LBRACKETATAT  shift 326
	error  reduce 787
	CONSTRAINT  reduce 787
	END  reduce 787
	INHERIT  reduce 787
	LBRACKETPERCENTPERCENT  reduce 787
	LBRACKETATATAT  reduce 787
	METHOD  reduce 787
	VAL  reduce 787

	post_item_attributes  goto 1645
	attribute  goto 1395
	post_item_attribute  goto 328


state 1633
	private_virtual_flags : PRIVATE .  (717)
	private_virtual_flags : PRIVATE . VIRTUAL  (719)

	VIRTUAL  shift 1646
	LIDENT  reduce 717


state 1634
	private_virtual_flags : VIRTUAL .  (718)
	private_virtual_flags : VIRTUAL . PRIVATE  (720)

	PRIVATE  shift 1647
	LIDENT  reduce 718


state 1635
	class_sig_field : METHOD attributes private_virtual_flags . label COLON poly_type post_item_attributes  (187)

	LIDENT  shift 214
	.  error

	label  goto 1648


state 1636
	value_type : MUTABLE . virtual_flag label COLON core_type  (192)
	virtual_flag : .  (714)

	VIRTUAL  shift 494
	LIDENT  reduce 714

	virtual_flag  goto 1649


state 1637
	value_type : VIRTUAL . mutable_flag label COLON core_type  (191)
	mutable_flag : .  (712)

	MUTABLE  shift 1128
	LIDENT  reduce 712

	mutable_flag  goto 1650


state 1638
	value_type : label . COLON core_type  (193)

	COLON  shift 1651
	.  error


state 1639
	class_sig_field : VAL attributes value_type . post_item_attributes  (186)
	post_item_attributes : .  (787)

	LBRACKETATAT  shift 326
	error  reduce 787
	CONSTRAINT  reduce 787
	END  reduce 787
	INHERIT  reduce 787
	LBRACKETPERCENTPERCENT  reduce 787
	LBRACKETATATAT  reduce 787
	METHOD  reduce 787
	VAL  reduce 787

	post_item_attributes  goto 1652
	post_item_attribute  goto 328


state 1640
	class_expr : LET OPEN override_flag attributes mod_longident IN class_expr .  (133)
	class_expr : class_expr . attribute  (134)

	LBRACKETAT  shift 185
	error  reduce 133
	AND  reduce 133
	AS  reduce 133
	CLASS  reduce 133
	COLON  reduce 133
	CONSTRAINT  reduce 133
	END  reduce 133
	EOF  reduce 133
	EXCEPTION  reduce 133
	EXTERNAL  reduce 133
	INCLUDE  reduce 133
	INHERIT  reduce 133
	INITIALIZER  reduce 133
	LBRACKETPERCENTPERCENT  reduce 133
	LET  reduce 133
	LBRACKETATAT  reduce 133
	LBRACKETATATAT  reduce 133
	METHOD  reduce 133
	MODULE  reduce 133
	OPEN  reduce 133
	RBRACKET  reduce 133
	RPAREN  reduce 133
	SEMISEMI  reduce 133
	HASH  reduce 133
	TYPE  reduce 133
	VAL  reduce 133

	attribute  goto 1404


state 1641
	method_ : override_flag attributes private_flag label COLON TYPE lident_list DOT . core_type EQUAL seq_expr  (167)

	LBRACKET  shift 135
	LBRACKETLESS  shift 136
	LBRACKETGREATER  shift 137
	LBRACKETPERCENT  shift 30
	LESS  shift 138
	LIDENT  shift 139
	LPAREN  shift 140
	OPTLABEL  shift 141
	QUESTION  shift 142
	QUOTE  shift 143
	HASH  shift 144
	UIDENT  shift 145
	UNDERSCORE  shift 146
	.  error

	core_type  goto 1653
	extension  goto 149
	simple_core_type_or_tuple  goto 150
	simple_core_type  goto 151
	type_longident  goto 152
	core_type_no_attr  goto 153
	mod_ext_longident  goto 154
	core_type2  goto 155
	simple_core_type2  goto 156


state 1642
	method_ : override_flag attributes private_flag label COLON poly_type EQUAL seq_expr .  (166)

	.  reduce 166


state 1643
	poly_type : typevar_list DOT core_type .  (558)
	core_type : core_type . attribute  (562)

	LBRACKETAT  shift 185
	error  reduce 558
	CONSTRAINT  reduce 558
	END  reduce 558
	EQUAL  reduce 558
	INHERIT  reduce 558
	INITIALIZER  reduce 558
	LBRACKETPERCENTPERCENT  reduce 558
	LBRACKETATAT  reduce 558
	LBRACKETATATAT  reduce 558
	METHOD  reduce 558
	VAL  reduce 558

	attribute  goto 440


state 1644
	class_sig_field : CONSTRAINT attributes constrain_field post_item_attributes .  (188)

	.  reduce 188


state 1645
	class_sig_field : INHERIT attributes class_signature post_item_attributes .  (185)

	.  reduce 185


state 1646
	private_virtual_flags : PRIVATE VIRTUAL .  (719)

	.  reduce 719


state 1647
	private_virtual_flags : VIRTUAL PRIVATE .  (720)

	.  reduce 720


state 1648
	class_sig_field : METHOD attributes private_virtual_flags label . COLON poly_type post_item_attributes  (187)

	COLON  shift 1654
	.  error


state 1649
	value_type : MUTABLE virtual_flag . label COLON core_type  (192)

	LIDENT  shift 214
	.  error

	label  goto 1655


state 1650
	value_type : VIRTUAL mutable_flag . label COLON core_type  (191)

	LIDENT  shift 214
	.  error

	label  goto 1656


state 1651
	value_type : label COLON . core_type  (193)

	LBRACKET  shift 135
	LBRACKETLESS  shift 136
	LBRACKETGREATER  shift 137
	LBRACKETPERCENT  shift 30
	LESS  shift 138
	LIDENT  shift 139
	LPAREN  shift 140
	OPTLABEL  shift 141
	QUESTION  shift 142
	QUOTE  shift 143
	HASH  shift 144
	UIDENT  shift 145
	UNDERSCORE  shift 146
	.  error

	core_type  goto 1657
	extension  goto 149
	simple_core_type_or_tuple  goto 150
	simple_core_type  goto 151
	type_longident  goto 152
	core_type_no_attr  goto 153
	mod_ext_longident  goto 154
	core_type2  goto 155
	simple_core_type2  goto 156


state 1652
	class_sig_field : VAL attributes value_type post_item_attributes .  (186)

	.  reduce 186


state 1653
	method_ : override_flag attributes private_flag label COLON TYPE lident_list DOT core_type . EQUAL seq_expr  (167)
	core_type : core_type . attribute  (562)

	EQUAL  shift 1658
	LBRACKETAT  shift 185
	.  error

	attribute  goto 440


state 1654
	class_sig_field : METHOD attributes private_virtual_flags label COLON . poly_type post_item_attributes  (187)

	LBRACKET  shift 135
	LBRACKETLESS  shift 136
	LBRACKETGREATER  shift 137
	LBRACKETPERCENT  shift 30
	LESS  shift 138
	LIDENT  shift 139
	LPAREN  shift 140
	OPTLABEL  shift 141
	QUESTION  shift 142
	QUOTE  shift 887
	HASH  shift 144
	UIDENT  shift 145
	UNDERSCORE  shift 146
	.  error

	core_type  goto 1599
	extension  goto 149
	poly_type  goto 1659
	simple_core_type_or_tuple  goto 150
	typevar_list  goto 1601
	simple_core_type  goto 151
	type_longident  goto 152
	core_type_no_attr  goto 153
	mod_ext_longident  goto 154
	core_type2  goto 155
	simple_core_type2  goto 156


state 1655
	value_type : MUTABLE virtual_flag label . COLON core_type  (192)

	COLON  shift 1660
	.  error


state 1656
	value_type : VIRTUAL mutable_flag label . COLON core_type  (191)

	COLON  shift 1661
	.  error


state 1657
	value_type : label COLON core_type .  (193)
	core_type : core_type . attribute  (562)

	LBRACKETAT  shift 185
	error  reduce 193
	CONSTRAINT  reduce 193
	END  reduce 193
	INHERIT  reduce 193
	LBRACKETPERCENTPERCENT  reduce 193
	LBRACKETATAT  reduce 193
	LBRACKETATATAT  reduce 193
	METHOD  reduce 193
	VAL  reduce 193

	attribute  goto 440


state 1658
	method_ : override_flag attributes private_flag label COLON TYPE lident_list DOT core_type EQUAL . seq_expr  (167)

	ASSERT  shift 9
	BACKQUOTE  shift 10
	BANG  shift 11
	BEGIN  shift 12
	CHAR  shift 13
	FALSE  shift 17
	FLOAT  shift 18
	FOR  shift 19
	FUN  shift 20
	FUNCTION  shift 21
	IF  shift 22
	INT  shift 24
	LAZY  shift 25
	LBRACE  shift 26
	LBRACELESS  shift 27
	LBRACKET  shift 28
	LBRACKETBAR  shift 29
	LBRACKETPERCENT  shift 30
	LET  shift 32
	LIDENT  shift 33
	LPAREN  shift 34
	MATCH  shift 36
	MINUS  shift 37
	MINUSDOT  shift 38
	NEW  shift 40
	OBJECT  shift 41
	PLUS  shift 43
	PLUSDOT  shift 44
	PREFIXOP  shift 45
	STRING  shift 47
	TRUE  shift 48
	TRY  shift 49
	UIDENT  shift 51
	UNDERSCORE  shift 52
	WHILE  shift 54
	.  error

	seq_expr  goto 1662
	mod_longident  goto 59
	extension  goto 60
	expr  goto 61
	let_bindings  goto 159
	label  goto 81
	simple_expr  goto 83
	expr_comma_list  goto 84
	constr_longident  goto 85
	name_tag  goto 86
	subtractive  goto 87
	additive  goto 88
	val_longident  goto 89
	constant  goto 90
	val_ident  goto 91
	let_binding  goto 92


state 1659
	class_sig_field : METHOD attributes private_virtual_flags label COLON poly_type . post_item_attributes  (187)
	post_item_attributes : .  (787)

	LBRACKETATAT  shift 326
	error  reduce 787
	CONSTRAINT  reduce 787
	END  reduce 787
	INHERIT  reduce 787
	LBRACKETPERCENTPERCENT  reduce 787
	LBRACKETATATAT  reduce 787
	METHOD  reduce 787
	VAL  reduce 787

	post_item_attributes  goto 1663
	post_item_attribute  goto 328


state 1660
	value_type : MUTABLE virtual_flag label COLON . core_type  (192)

	LBRACKET  shift 135
	LBRACKETLESS  shift 136
	LBRACKETGREATER  shift 137
	LBRACKETPERCENT  shift 30
	LESS  shift 138
	LIDENT  shift 139
	LPAREN  shift 140
	OPTLABEL  shift 141
	QUESTION  shift 142
	QUOTE  shift 143
	HASH  shift 144
	UIDENT  shift 145
	UNDERSCORE  shift 146
	.  error

	core_type  goto 1664
	extension  goto 149
	simple_core_type_or_tuple  goto 150
	simple_core_type  goto 151
	type_longident  goto 152
	core_type_no_attr  goto 153
	mod_ext_longident  goto 154
	core_type2  goto 155
	simple_core_type2  goto 156


state 1661
	value_type : VIRTUAL mutable_flag label COLON . core_type  (191)

	LBRACKET  shift 135
	LBRACKETLESS  shift 136
	LBRACKETGREATER  shift 137
	LBRACKETPERCENT  shift 30
	LESS  shift 138
	LIDENT  shift 139
	LPAREN  shift 140
	OPTLABEL  shift 141
	QUESTION  shift 142
	QUOTE  shift 143
	HASH  shift 144
	UIDENT  shift 145
	UNDERSCORE  shift 146
	.  error

	core_type  goto 1665
	extension  goto 149
	simple_core_type_or_tuple  goto 150
	simple_core_type  goto 151
	type_longident  goto 152
	core_type_no_attr  goto 153
	mod_ext_longident  goto 154
	core_type2  goto 155
	simple_core_type2  goto 156


state 1662
	method_ : override_flag attributes private_flag label COLON TYPE lident_list DOT core_type EQUAL seq_expr .  (167)

	.  reduce 167


state 1663
	class_sig_field : METHOD attributes private_virtual_flags label COLON poly_type post_item_attributes .  (187)

	.  reduce 187


state 1664
	value_type : MUTABLE virtual_flag label COLON core_type .  (192)
	core_type : core_type . attribute  (562)

	LBRACKETAT  shift 185
	error  reduce 192
	CONSTRAINT  reduce 192
	END  reduce 192
	INHERIT  reduce 192
	LBRACKETPERCENTPERCENT  reduce 192
	LBRACKETATAT  reduce 192
	LBRACKETATATAT  reduce 192
	METHOD  reduce 192
	VAL  reduce 192

	attribute  goto 440


state 1665
	value_type : VIRTUAL mutable_flag label COLON core_type .  (191)
	core_type : core_type . attribute  (562)

	LBRACKETAT  shift 185
	error  reduce 191
	CONSTRAINT  reduce 191
	END  reduce 191
	INHERIT  reduce 191
	LBRACKETPERCENTPERCENT  reduce 191
	LBRACKETATAT  reduce 191
	LBRACKETATATAT  reduce 191
	METHOD  reduce 191
	VAL  reduce 191

	attribute  goto 440


139 terminals, 215 nonterminals
808 grammar rules, 1666 states
